label,language,filename,source_title,source_domain,source_type,publication_date,collection_date,url,quota_role,record_kind,character_count
TW AI Technology Stock Trend-AI Semiconductor And Advanced Packaging,zh,#T#[TW AI Technology Stock Trend-AI Semiconductor And Advanced Packaging]/zh_001.txt,AI晶片引爆N3應用占比衝40% 法人看好3利多點火台股供應鏈,news.cnyes.com,新聞媒體,2026-05-09,2026-07-23,https://news.cnyes.com/news/id/6451769,direct fine-grained sample,identified public source,1582
TW AI Technology Stock Trend-AI Semiconductor And Advanced Packaging,zh,#T#[TW AI Technology Stock Trend-AI Semiconductor And Advanced Packaging]/zh_002.txt,2026年AI概念股有哪些公司？還值得投資嗎？4圖表帶你看懂上中下游產業趨勢,sinotrade.com.tw,券商投資教育／市場分析,2026-06-11,2026-07-23,https://www.sinotrade.com.tw/richclub/hotstock/2026%E5%B9%B4AI%E6%A6%82%E5%BF%B5%E8%82%A1%E6%9C%89%E5%93%AA%E4%BA%9B%E5%85%AC%E5%8F%B8-%E9%82%84%E5%80%BC%E5%BE%97%E6%8A%95%E8%B3%87%E5%97%8E-4%E5%9C%96%E8%A1%A8%E5%B8%B6%E4%BD%A0%E7%9C%8B%E6%87%82%E4%B8%8A%E4%B8%AD%E4%B8%8B%E6%B8%B8%E7%94%A2%E6%A5%AD%E8%B6%A8%E5%8B%A2--65af4cb1880d9e29902a677f,direct fine-grained sample,identified public source,1903
TW AI Technology Stock Trend-AI Semiconductor And Advanced Packaging,zh,#T#[TW AI Technology Stock Trend-AI Semiconductor And Advanced Packaging]/zh_003.txt,高盛點名「2026 台股名單」！25檔AI與半導體股全線點火,pocket.tw,市場分析媒體,2026-01-09,2026-07-23,https://www.pocket.tw/school/report/perspective/6959/,direct fine-grained sample,identified public source,1600
TW AI Technology Stock Trend-AI Semiconductor And Advanced Packaging,zh,#T#[TW AI Technology Stock Trend-AI Semiconductor And Advanced Packaging]/zh_004.txt,公開新聞索引：創意 Global Unichip｜月營收與訂單能見度｜AI半導體、晶片設計與先進封裝股,bing.com,公開新聞搜尋索引,2024–2026 候選結果,2026-07-23,https://www.bing.com/news/search?q=%E5%89%B5%E6%84%8F+Global+Unichip+%E6%9C%88%E7%87%9F%E6%94%B6%E8%88%87%E8%A8%82%E5%96%AE%E8%83%BD%E8%A6%8B%E5%BA%A6+%E5%8F%B0%E8%82%A1+AI+%E7%A7%91%E6%8A%80%E8%82%A1+%E8%B5%B0%E5%8B%A2+%E6%96%B0%E8%81%9E+%E6%B3%95%E4%BA%BA+2024+2025+2026&setlang=zh-tw&FORM=HDRSC6,direct fine-grained sample,public news-search index,1941
TW AI Technology Stock Trend-AI Semiconductor And Advanced Packaging,zh,#T#[TW AI Technology Stock Trend-AI Semiconductor And Advanced Packaging]/zh_005.txt,公開新聞索引：世芯-KY Alchip｜月營收與訂單能見度｜AI半導體、晶片設計與先進封裝股,bing.com,公開新聞搜尋索引,2024–2026 候選結果,2026-07-23,https://www.bing.com/news/search?q=%E4%B8%96%E8%8A%AF-KY+Alchip+%E6%9C%88%E7%87%9F%E6%94%B6%E8%88%87%E8%A8%82%E5%96%AE%E8%83%BD%E8%A6%8B%E5%BA%A6+%E5%8F%B0%E8%82%A1+AI+%E7%A7%91%E6%8A%80%E8%82%A1+%E8%B5%B0%E5%8B%A2+%E6%96%B0%E8%81%9E+%E6%B3%95%E4%BA%BA+2024+2025+2026&setlang=zh-tw&FORM=HDRSC6,direct fine-grained sample,public news-search index,1924
TW AI Technology Stock Trend-AI Semiconductor And Advanced Packaging,zh,#T#[TW AI Technology Stock Trend-AI Semiconductor And Advanced Packaging]/zh_006.txt,公開新聞索引：力旺 eMemory｜月營收與訂單能見度｜AI半導體、晶片設計與先進封裝股,bing.com,公開新聞搜尋索引,2024–2026 候選結果,2026-07-23,https://www.bing.com/news/search?q=%E5%8A%9B%E6%97%BA+eMemory+%E6%9C%88%E7%87%9F%E6%94%B6%E8%88%87%E8%A8%82%E5%96%AE%E8%83%BD%E8%A6%8B%E5%BA%A6+%E5%8F%B0%E8%82%A1+AI+%E7%A7%91%E6%8A%80%E8%82%A1+%E8%B5%B0%E5%8B%A2+%E6%96%B0%E8%81%9E+%E6%B3%95%E4%BA%BA+2024+2025+2026&setlang=zh-tw&FORM=HDRSC6,direct fine-grained sample,public news-search index,1916
TW AI Technology Stock Trend-AI Semiconductor And Advanced Packaging,zh,#T#[TW AI Technology Stock Trend-AI Semiconductor And Advanced Packaging]/zh_007.txt,公開新聞索引：智原 Faraday｜月營收與訂單能見度｜AI半導體、晶片設計與先進封裝股,bing.com,公開新聞搜尋索引,2024–2026 候選結果,2026-07-23,https://www.bing.com/news/search?q=%E6%99%BA%E5%8E%9F+Faraday+%E6%9C%88%E7%87%9F%E6%94%B6%E8%88%87%E8%A8%82%E5%96%AE%E8%83%BD%E8%A6%8B%E5%BA%A6+%E5%8F%B0%E8%82%A1+AI+%E7%A7%91%E6%8A%80%E8%82%A1+%E8%B5%B0%E5%8B%A2+%E6%96%B0%E8%81%9E+%E6%B3%95%E4%BA%BA+2024+2025+2026&setlang=zh-tw&FORM=HDRSC6,direct fine-grained sample,public news-search index,1919
TW AI Technology Stock Trend-AI Semiconductor And Advanced Packaging,zh,#T#[TW AI Technology Stock Trend-AI Semiconductor And Advanced Packaging]/zh_008.txt,公開新聞索引：M31｜月營收與訂單能見度｜AI半導體、晶片設計與先進封裝股,bing.com,公開新聞搜尋索引,2024–2026 候選結果,2026-07-23,https://www.bing.com/news/search?q=M31+%E6%9C%88%E7%87%9F%E6%94%B6%E8%88%87%E8%A8%82%E5%96%AE%E8%83%BD%E8%A6%8B%E5%BA%A6+%E5%8F%B0%E8%82%A1+AI+%E7%A7%91%E6%8A%80%E8%82%A1+%E8%B5%B0%E5%8B%A2+%E6%96%B0%E8%81%9E+%E6%B3%95%E4%BA%BA+2024+2025+2026&setlang=zh-tw&FORM=HDRSC6,direct fine-grained sample,public news-search index,1872
TW AI Technology Stock Trend-AI Semiconductor And Advanced Packaging,zh,#T#[TW AI Technology Stock Trend-AI Semiconductor And Advanced Packaging]/zh_009.txt,公開新聞索引：晶心科 Andes Technology｜月營收與訂單能見度｜AI半導體、晶片設計與先進封裝股,bing.com,公開新聞搜尋索引,2024–2026 候選結果,2026-07-23,https://www.bing.com/news/search?q=%E6%99%B6%E5%BF%83%E7%A7%91+Andes+Technology+%E6%9C%88%E7%87%9F%E6%94%B6%E8%88%87%E8%A8%82%E5%96%AE%E8%83%BD%E8%A6%8B%E5%BA%A6+%E5%8F%B0%E8%82%A1+AI+%E7%A7%91%E6%8A%80%E8%82%A1+%E8%B5%B0%E5%8B%A2+%E6%96%B0%E8%81%9E+%E6%B3%95%E4%BA%BA+2024+2025+2026&setlang=zh-tw&FORM=HDRSC6,direct fine-grained sample,public news-search index,1964
TW AI Technology Stock Trend-AI Semiconductor And Advanced Packaging,zh,#T#[TW AI Technology Stock Trend-AI Semiconductor And Advanced Packaging]/zh_010.txt,公開新聞索引：京元電子 King Yuan Electronics｜月營收與訂單能見度｜AI半導體、晶片設計與先進封裝股,bing.com,公開新聞搜尋索引,2024–2026 候選結果,2026-07-23,https://www.bing.com/news/search?q=%E4%BA%AC%E5%85%83%E9%9B%BB%E5%AD%90+King+Yuan+Electronics+%E6%9C%88%E7%87%9F%E6%94%B6%E8%88%87%E8%A8%82%E5%96%AE%E8%83%BD%E8%A6%8B%E5%BA%A6+%E5%8F%B0%E8%82%A1+AI+%E7%A7%91%E6%8A%80%E8%82%A1+%E8%B5%B0%E5%8B%A2+%E6%96%B0%E8%81%9E+%E6%B3%95%E4%BA%BA+2024+2025+2026&setlang=zh-tw&FORM=HDRSC6,direct fine-grained sample,public news-search index,1994
TW AI Technology Stock Trend-AI Semiconductor And Advanced Packaging,zh,#T#[TW AI Technology Stock Trend-AI Semiconductor And Advanced Packaging]/zh_011.txt,公開新聞索引：矽格 Sigurd｜月營收與訂單能見度｜AI半導體、晶片設計與先進封裝股,bing.com,公開新聞搜尋索引,2024–2026 候選結果,2026-07-23,https://www.bing.com/news/search?q=%E7%9F%BD%E6%A0%BC+Sigurd+%E6%9C%88%E7%87%9F%E6%94%B6%E8%88%87%E8%A8%82%E5%96%AE%E8%83%BD%E8%A6%8B%E5%BA%A6+%E5%8F%B0%E8%82%A1+AI+%E7%A7%91%E6%8A%80%E8%82%A1+%E8%B5%B0%E5%8B%A2+%E6%96%B0%E8%81%9E+%E6%B3%95%E4%BA%BA+2024+2025+2026&setlang=zh-tw&FORM=HDRSC6,direct fine-grained sample,public news-search index,1907
TW AI Technology Stock Trend-AI Semiconductor And Advanced Packaging,zh,#T#[TW AI Technology Stock Trend-AI Semiconductor And Advanced Packaging]/zh_012.txt,公開新聞索引：欣銓 Ardentec｜月營收與訂單能見度｜AI半導體、晶片設計與先進封裝股,bing.com,公開新聞搜尋索引,2024–2026 候選結果,2026-07-23,https://www.bing.com/news/search?q=%E6%AC%A3%E9%8A%93+Ardentec+%E6%9C%88%E7%87%9F%E6%94%B6%E8%88%87%E8%A8%82%E5%96%AE%E8%83%BD%E8%A6%8B%E5%BA%A6+%E5%8F%B0%E8%82%A1+AI+%E7%A7%91%E6%8A%80%E8%82%A1+%E8%B5%B0%E5%8B%A2+%E6%96%B0%E8%81%9E+%E6%B3%95%E4%BA%BA+2024+2025+2026&setlang=zh-tw&FORM=HDRSC6,direct fine-grained sample,public news-search index,1916
TW AI Technology Stock Trend-AI Semiconductor And Advanced Packaging,zh,#T#[TW AI Technology Stock Trend-AI Semiconductor And Advanced Packaging]/zh_013.txt,公開新聞索引：穎崴 WinWay｜月營收與訂單能見度｜AI半導體、晶片設計與先進封裝股,bing.com,公開新聞搜尋索引,2024–2026 候選結果,2026-07-23,https://www.bing.com/news/search?q=%E7%A9%8E%E5%B4%B4+WinWay+%E6%9C%88%E7%87%9F%E6%94%B6%E8%88%87%E8%A8%82%E5%96%AE%E8%83%BD%E8%A6%8B%E5%BA%A6+%E5%8F%B0%E8%82%A1+AI+%E7%A7%91%E6%8A%80%E8%82%A1+%E8%B5%B0%E5%8B%A2+%E6%96%B0%E8%81%9E+%E6%B3%95%E4%BA%BA+2024+2025+2026&setlang=zh-tw&FORM=HDRSC6,direct fine-grained sample,public news-search index,1910
TW AI Technology Stock Trend-AI Semiconductor And Advanced Packaging,zh,#T#[TW AI Technology Stock Trend-AI Semiconductor And Advanced Packaging]/zh_014.txt,公開新聞索引：旺矽 MPI｜月營收與訂單能見度｜AI半導體、晶片設計與先進封裝股,bing.com,公開新聞搜尋索引,2024–2026 候選結果,2026-07-23,https://www.bing.com/news/search?q=%E6%97%BA%E7%9F%BD+MPI+%E6%9C%88%E7%87%9F%E6%94%B6%E8%88%87%E8%A8%82%E5%96%AE%E8%83%BD%E8%A6%8B%E5%BA%A6+%E5%8F%B0%E8%82%A1+AI+%E7%A7%91%E6%8A%80%E8%82%A1+%E8%B5%B0%E5%8B%A2+%E6%96%B0%E8%81%9E+%E6%B3%95%E4%BA%BA+2024+2025+2026&setlang=zh-tw&FORM=HDRSC6,direct fine-grained sample,public news-search index,1897
TW AI Technology Stock Trend-AI Semiconductor And Advanced Packaging,zh,#T#[TW AI Technology Stock Trend-AI Semiconductor And Advanced Packaging]/zh_015.txt,公開新聞索引：弘塑 Grand Process Technology｜月營收與訂單能見度｜AI半導體、晶片設計與先進封裝股,bing.com,公開新聞搜尋索引,2024–2026 候選結果,2026-07-23,https://www.bing.com/news/search?q=%E5%BC%98%E5%A1%91+Grand+Process+Technology+%E6%9C%88%E7%87%9F%E6%94%B6%E8%88%87%E8%A8%82%E5%96%AE%E8%83%BD%E8%A6%8B%E5%BA%A6+%E5%8F%B0%E8%82%A1+AI+%E7%A7%91%E6%8A%80%E8%82%A1+%E8%B5%B0%E5%8B%A2+%E6%96%B0%E8%81%9E+%E6%B3%95%E4%BA%BA+2024+2025+2026&setlang=zh-tw&FORM=HDRSC6,direct fine-grained sample,public news-search index,1984
TW AI Technology Stock Trend-AI Semiconductor And Advanced Packaging,zh,#T#[TW AI Technology Stock Trend-AI Semiconductor And Advanced Packaging]/zh_016.txt,公開新聞索引：辛耘 Scientech｜月營收與訂單能見度｜AI半導體、晶片設計與先進封裝股,bing.com,公開新聞搜尋索引,2024–2026 候選結果,2026-07-23,https://www.bing.com/news/search?q=%E8%BE%9B%E8%80%98+Scientech+%E6%9C%88%E7%87%9F%E6%94%B6%E8%88%87%E8%A8%82%E5%96%AE%E8%83%BD%E8%A6%8B%E5%BA%A6+%E5%8F%B0%E8%82%A1+AI+%E7%A7%91%E6%8A%80%E8%82%A1+%E8%B5%B0%E5%8B%A2+%E6%96%B0%E8%81%9E+%E6%B3%95%E4%BA%BA+2024+2025+2026&setlang=zh-tw&FORM=HDRSC6,direct fine-grained sample,public news-search index,1924
TW AI Technology Stock Trend-AI Semiconductor And Advanced Packaging,zh,#T#[TW AI Technology Stock Trend-AI Semiconductor And Advanced Packaging]/zh_017.txt,公開新聞索引：家登 Gudeng｜月營收與訂單能見度｜AI半導體、晶片設計與先進封裝股,bing.com,公開新聞搜尋索引,2024–2026 候選結果,2026-07-23,https://www.bing.com/news/search?q=%E5%AE%B6%E7%99%BB+Gudeng+%E6%9C%88%E7%87%9F%E6%94%B6%E8%88%87%E8%A8%82%E5%96%AE%E8%83%BD%E8%A6%8B%E5%BA%A6+%E5%8F%B0%E8%82%A1+AI+%E7%A7%91%E6%8A%80%E8%82%A1+%E8%B5%B0%E5%8B%A2+%E6%96%B0%E8%81%9E+%E6%B3%95%E4%BA%BA+2024+2025+2026&setlang=zh-tw&FORM=HDRSC6,direct fine-grained sample,public news-search index,1915
TW AI Technology Stock Trend-AI Semiconductor And Advanced Packaging,zh,#T#[TW AI Technology Stock Trend-AI Semiconductor And Advanced Packaging]/zh_018.txt,公開新聞索引：中砂 Kinik｜月營收與訂單能見度｜AI半導體、晶片設計與先進封裝股,bing.com,公開新聞搜尋索引,2024–2026 候選結果,2026-07-23,https://www.bing.com/news/search?q=%E4%B8%AD%E7%A0%82+Kinik+%E6%9C%88%E7%87%9F%E6%94%B6%E8%88%87%E8%A8%82%E5%96%AE%E8%83%BD%E8%A6%8B%E5%BA%A6+%E5%8F%B0%E8%82%A1+AI+%E7%A7%91%E6%8A%80%E8%82%A1+%E8%B5%B0%E5%8B%A2+%E6%96%B0%E8%81%9E+%E6%B3%95%E4%BA%BA+2024+2025+2026&setlang=zh-tw&FORM=HDRSC6,direct fine-grained sample,public news-search index,1908
TW AI Technology Stock Trend-AI Semiconductor And Advanced Packaging,zh,#T#[TW AI Technology Stock Trend-AI Semiconductor And Advanced Packaging]/zh_019.txt,公開新聞索引：均豪 Gallant Precision Machining｜月營收與訂單能見度｜AI半導體、晶片設計與先進封裝股,bing.com,公開新聞搜尋索引,2024–2026 候選結果,2026-07-23,https://www.bing.com/news/search?q=%E5%9D%87%E8%B1%AA+Gallant+Precision+Machining+%E6%9C%88%E7%87%9F%E6%94%B6%E8%88%87%E8%A8%82%E5%96%AE%E8%83%BD%E8%A6%8B%E5%BA%A6+%E5%8F%B0%E8%82%A1+AI+%E7%A7%91%E6%8A%80%E8%82%A1+%E8%B5%B0%E5%8B%A2+%E6%96%B0%E8%81%9E+%E6%B3%95%E4%BA%BA+2024+2025+2026&setlang=zh-tw&FORM=HDRSC6,direct fine-grained sample,public news-search index,1996
TW AI Technology Stock Trend-AI Semiconductor And Advanced Packaging,zh,#T#[TW AI Technology Stock Trend-AI Semiconductor And Advanced Packaging]/zh_020.txt,公開新聞索引：致茂 Chroma｜月營收與訂單能見度｜AI半導體、晶片設計與先進封裝股,bing.com,公開新聞搜尋索引,2024–2026 候選結果,2026-07-23,https://www.bing.com/news/search?q=%E8%87%B4%E8%8C%82+Chroma+%E6%9C%88%E7%87%9F%E6%94%B6%E8%88%87%E8%A8%82%E5%96%AE%E8%83%BD%E8%A6%8B%E5%BA%A6+%E5%8F%B0%E8%82%A1+AI+%E7%A7%91%E6%8A%80%E8%82%A1+%E8%B5%B0%E5%8B%A2+%E6%96%B0%E8%81%9E+%E6%B3%95%E4%BA%BA+2024+2025+2026&setlang=zh-tw&FORM=HDRSC6,direct fine-grained sample,public news-search index,1910
TW AI Technology Stock Trend-AI Semiconductor And Advanced Packaging,zh,#T#[TW AI Technology Stock Trend-AI Semiconductor And Advanced Packaging]/zh_021.txt,公開新聞索引：台積電 TSMC｜法說會展望與EPS修正｜AI半導體、晶片設計與先進封裝股,bing.com,公開新聞搜尋索引,2024–2026 候選結果,2026-07-23,https://www.bing.com/news/search?q=%E5%8F%B0%E7%A9%8D%E9%9B%BB+TSMC+%E6%B3%95%E8%AA%AA%E6%9C%83%E5%B1%95%E6%9C%9B%E8%88%87EPS%E4%BF%AE%E6%AD%A3+%E5%8F%B0%E8%82%A1+AI+%E7%A7%91%E6%8A%80%E8%82%A1+%E8%B5%B0%E5%8B%A2+%E6%96%B0%E8%81%9E+%E6%B3%95%E4%BA%BA+2024+2025+2026&setlang=zh-tw&FORM=HDRSC6,direct fine-grained sample,public news-search index,1911
TW AI Technology Stock Trend-AI Semiconductor And Advanced Packaging,zh,#T#[TW AI Technology Stock Trend-AI Semiconductor And Advanced Packaging]/zh_022.txt,公開新聞索引：聯發科 MediaTek｜法說會展望與EPS修正｜AI半導體、晶片設計與先進封裝股,bing.com,公開新聞搜尋索引,2024–2026 候選結果,2026-07-23,https://www.bing.com/news/search?q=%E8%81%AF%E7%99%BC%E7%A7%91+MediaTek+%E6%B3%95%E8%AA%AA%E6%9C%83%E5%B1%95%E6%9C%9B%E8%88%87EPS%E4%BF%AE%E6%AD%A3+%E5%8F%B0%E8%82%A1+AI+%E7%A7%91%E6%8A%80%E8%82%A1+%E8%B5%B0%E5%8B%A2+%E6%96%B0%E8%81%9E+%E6%B3%95%E4%BA%BA+2024+2025+2026&setlang=zh-tw&FORM=HDRSC6,direct fine-grained sample,public news-search index,1928
TW AI Technology Stock Trend-AI Semiconductor And Advanced Packaging,zh,#T#[TW AI Technology Stock Trend-AI Semiconductor And Advanced Packaging]/zh_023.txt,公開新聞索引：日月光投控 ASE Technology｜法說會展望與EPS修正｜AI半導體、晶片設計與先進封裝股,bing.com,公開新聞搜尋索引,2024–2026 候選結果,2026-07-23,https://www.bing.com/news/search?q=%E6%97%A5%E6%9C%88%E5%85%89%E6%8A%95%E6%8E%A7+ASE+Technology+%E6%B3%95%E8%AA%AA%E6%9C%83%E5%B1%95%E6%9C%9B%E8%88%87EPS%E4%BF%AE%E6%AD%A3+%E5%8F%B0%E8%82%A1+AI+%E7%A7%91%E6%8A%80%E8%82%A1+%E8%B5%B0%E5%8B%A2+%E6%96%B0%E8%81%9E+%E6%B3%95%E4%BA%BA+2024+2025+2026&setlang=zh-tw&FORM=HDRSC6,direct fine-grained sample,public news-search index,1978
TW AI Technology Stock Trend-AI Semiconductor And Advanced Packaging,zh,#T#[TW AI Technology Stock Trend-AI Semiconductor And Advanced Packaging]/zh_024.txt,公開新聞索引：創意 Global Unichip｜法說會展望與EPS修正｜AI半導體、晶片設計與先進封裝股,bing.com,公開新聞搜尋索引,2024–2026 候選結果,2026-07-23,https://www.bing.com/news/search?q=%E5%89%B5%E6%84%8F+Global+Unichip+%E6%B3%95%E8%AA%AA%E6%9C%83%E5%B1%95%E6%9C%9B%E8%88%87EPS%E4%BF%AE%E6%AD%A3+%E5%8F%B0%E8%82%A1+AI+%E7%A7%91%E6%8A%80%E8%82%A1+%E8%B5%B0%E5%8B%A2+%E6%96%B0%E8%81%9E+%E6%B3%95%E4%BA%BA+2024+2025+2026&setlang=zh-tw&FORM=HDRSC6,direct fine-grained sample,public news-search index,1941
TW AI Technology Stock Trend-AI Semiconductor And Advanced Packaging,zh,#T#[TW AI Technology Stock Trend-AI Semiconductor And Advanced Packaging]/zh_025.txt,公開新聞索引：世芯-KY Alchip｜法說會展望與EPS修正｜AI半導體、晶片設計與先進封裝股,bing.com,公開新聞搜尋索引,2024–2026 候選結果,2026-07-23,https://www.bing.com/news/search?q=%E4%B8%96%E8%8A%AF-KY+Alchip+%E6%B3%95%E8%AA%AA%E6%9C%83%E5%B1%95%E6%9C%9B%E8%88%87EPS%E4%BF%AE%E6%AD%A3+%E5%8F%B0%E8%82%A1+AI+%E7%A7%91%E6%8A%80%E8%82%A1+%E8%B5%B0%E5%8B%A2+%E6%96%B0%E8%81%9E+%E6%B3%95%E4%BA%BA+2024+2025+2026&setlang=zh-tw&FORM=HDRSC6,direct fine-grained sample,public news-search index,1924
TW AI Technology Stock Trend-AI Semiconductor And Advanced Packaging,zh,#T#[TW AI Technology Stock Trend-AI Semiconductor And Advanced Packaging]/zh_026.txt,公開新聞索引：力旺 eMemory｜法說會展望與EPS修正｜AI半導體、晶片設計與先進封裝股,bing.com,公開新聞搜尋索引,2024–2026 候選結果,2026-07-23,https://www.bing.com/news/search?q=%E5%8A%9B%E6%97%BA+eMemory+%E6%B3%95%E8%AA%AA%E6%9C%83%E5%B1%95%E6%9C%9B%E8%88%87EPS%E4%BF%AE%E6%AD%A3+%E5%8F%B0%E8%82%A1+AI+%E7%A7%91%E6%8A%80%E8%82%A1+%E8%B5%B0%E5%8B%A2+%E6%96%B0%E8%81%9E+%E6%B3%95%E4%BA%BA+2024+2025+2026&setlang=zh-tw&FORM=HDRSC6,direct fine-grained sample,public news-search index,1916
TW AI Technology Stock Trend-AI Semiconductor And Advanced Packaging,zh,#T#[TW AI Technology Stock Trend-AI Semiconductor And Advanced Packaging]/zh_027.txt,公開新聞索引：智原 Faraday｜法說會展望與EPS修正｜AI半導體、晶片設計與先進封裝股,bing.com,公開新聞搜尋索引,2024–2026 候選結果,2026-07-23,https://www.bing.com/news/search?q=%E6%99%BA%E5%8E%9F+Faraday+%E6%B3%95%E8%AA%AA%E6%9C%83%E5%B1%95%E6%9C%9B%E8%88%87EPS%E4%BF%AE%E6%AD%A3+%E5%8F%B0%E8%82%A1+AI+%E7%A7%91%E6%8A%80%E8%82%A1+%E8%B5%B0%E5%8B%A2+%E6%96%B0%E8%81%9E+%E6%B3%95%E4%BA%BA+2024+2025+2026&setlang=zh-tw&FORM=HDRSC6,direct fine-grained sample,public news-search index,1919
TW AI Technology Stock Trend-AI Semiconductor And Advanced Packaging,zh,#T#[TW AI Technology Stock Trend-AI Semiconductor And Advanced Packaging]/zh_028.txt,公開新聞索引：M31｜法說會展望與EPS修正｜AI半導體、晶片設計與先進封裝股,bing.com,公開新聞搜尋索引,2024–2026 候選結果,2026-07-23,https://www.bing.com/news/search?q=M31+%E6%B3%95%E8%AA%AA%E6%9C%83%E5%B1%95%E6%9C%9B%E8%88%87EPS%E4%BF%AE%E6%AD%A3+%E5%8F%B0%E8%82%A1+AI+%E7%A7%91%E6%8A%80%E8%82%A1+%E8%B5%B0%E5%8B%A2+%E6%96%B0%E8%81%9E+%E6%B3%95%E4%BA%BA+2024+2025+2026&setlang=zh-tw&FORM=HDRSC6,direct fine-grained sample,public news-search index,1872
TW AI Technology Stock Trend-AI Semiconductor And Advanced Packaging,zh,#T#[TW AI Technology Stock Trend-AI Semiconductor And Advanced Packaging]/zh_029.txt,公開新聞索引：晶心科 Andes Technology｜法說會展望與EPS修正｜AI半導體、晶片設計與先進封裝股,bing.com,公開新聞搜尋索引,2024–2026 候選結果,2026-07-23,https://www.bing.com/news/search?q=%E6%99%B6%E5%BF%83%E7%A7%91+Andes+Technology+%E6%B3%95%E8%AA%AA%E6%9C%83%E5%B1%95%E6%9C%9B%E8%88%87EPS%E4%BF%AE%E6%AD%A3+%E5%8F%B0%E8%82%A1+AI+%E7%A7%91%E6%8A%80%E8%82%A1+%E8%B5%B0%E5%8B%A2+%E6%96%B0%E8%81%9E+%E6%B3%95%E4%BA%BA+2024+2025+2026&setlang=zh-tw&FORM=HDRSC6,direct fine-grained sample,public news-search index,1964
TW AI Technology Stock Trend-AI Semiconductor And Advanced Packaging,zh,#T#[TW AI Technology Stock Trend-AI Semiconductor And Advanced Packaging]/zh_030.txt,公開新聞索引：京元電子 King Yuan Electronics｜法說會展望與EPS修正｜AI半導體、晶片設計與先進封裝股,bing.com,公開新聞搜尋索引,2024–2026 候選結果,2026-07-23,https://www.bing.com/news/search?q=%E4%BA%AC%E5%85%83%E9%9B%BB%E5%AD%90+King+Yuan+Electronics+%E6%B3%95%E8%AA%AA%E6%9C%83%E5%B1%95%E6%9C%9B%E8%88%87EPS%E4%BF%AE%E6%AD%A3+%E5%8F%B0%E8%82%A1+AI+%E7%A7%91%E6%8A%80%E8%82%A1+%E8%B5%B0%E5%8B%A2+%E6%96%B0%E8%81%9E+%E6%B3%95%E4%BA%BA+2024+2025+2026&setlang=zh-tw&FORM=HDRSC6,direct fine-grained sample,public news-search index,1994
TW AI Technology Stock Trend-AI Semiconductor And Advanced Packaging,zh,#T#[TW AI Technology Stock Trend-AI Semiconductor And Advanced Packaging]/zh_031.txt,公開新聞索引：矽格 Sigurd｜法說會展望與EPS修正｜AI半導體、晶片設計與先進封裝股,bing.com,公開新聞搜尋索引,2024–2026 候選結果,2026-07-23,https://www.bing.com/news/search?q=%E7%9F%BD%E6%A0%BC+Sigurd+%E6%B3%95%E8%AA%AA%E6%9C%83%E5%B1%95%E6%9C%9B%E8%88%87EPS%E4%BF%AE%E6%AD%A3+%E5%8F%B0%E8%82%A1+AI+%E7%A7%91%E6%8A%80%E8%82%A1+%E8%B5%B0%E5%8B%A2+%E6%96%B0%E8%81%9E+%E6%B3%95%E4%BA%BA+2024+2025+2026&setlang=zh-tw&FORM=HDRSC6,direct fine-grained sample,public news-search index,1907
TW AI Technology Stock Trend-AI Semiconductor And Advanced Packaging,zh,#T#[TW AI Technology Stock Trend-AI Semiconductor And Advanced Packaging]/zh_032.txt,公開新聞索引：欣銓 Ardentec｜法說會展望與EPS修正｜AI半導體、晶片設計與先進封裝股,bing.com,公開新聞搜尋索引,2024–2026 候選結果,2026-07-23,https://www.bing.com/news/search?q=%E6%AC%A3%E9%8A%93+Ardentec+%E6%B3%95%E8%AA%AA%E6%9C%83%E5%B1%95%E6%9C%9B%E8%88%87EPS%E4%BF%AE%E6%AD%A3+%E5%8F%B0%E8%82%A1+AI+%E7%A7%91%E6%8A%80%E8%82%A1+%E8%B5%B0%E5%8B%A2+%E6%96%B0%E8%81%9E+%E6%B3%95%E4%BA%BA+2024+2025+2026&setlang=zh-tw&FORM=HDRSC6,direct fine-grained sample,public news-search index,1916
TW AI Technology Stock Trend-AI Semiconductor And Advanced Packaging,zh,#T#[TW AI Technology Stock Trend-AI Semiconductor And Advanced Packaging]/zh_033.txt,公開新聞索引：穎崴 WinWay｜法說會展望與EPS修正｜AI半導體、晶片設計與先進封裝股,bing.com,公開新聞搜尋索引,2024–2026 候選結果,2026-07-23,https://www.bing.com/news/search?q=%E7%A9%8E%E5%B4%B4+WinWay+%E6%B3%95%E8%AA%AA%E6%9C%83%E5%B1%95%E6%9C%9B%E8%88%87EPS%E4%BF%AE%E6%AD%A3+%E5%8F%B0%E8%82%A1+AI+%E7%A7%91%E6%8A%80%E8%82%A1+%E8%B5%B0%E5%8B%A2+%E6%96%B0%E8%81%9E+%E6%B3%95%E4%BA%BA+2024+2025+2026&setlang=zh-tw&FORM=HDRSC6,direct fine-grained sample,public news-search index,1910
TW AI Technology Stock Trend-AI Semiconductor And Advanced Packaging,zh,#T#[TW AI Technology Stock Trend-AI Semiconductor And Advanced Packaging]/zh_034.txt,公開新聞索引：旺矽 MPI｜法說會展望與EPS修正｜AI半導體、晶片設計與先進封裝股,bing.com,公開新聞搜尋索引,2024–2026 候選結果,2026-07-23,https://www.bing.com/news/search?q=%E6%97%BA%E7%9F%BD+MPI+%E6%B3%95%E8%AA%AA%E6%9C%83%E5%B1%95%E6%9C%9B%E8%88%87EPS%E4%BF%AE%E6%AD%A3+%E5%8F%B0%E8%82%A1+AI+%E7%A7%91%E6%8A%80%E8%82%A1+%E8%B5%B0%E5%8B%A2+%E6%96%B0%E8%81%9E+%E6%B3%95%E4%BA%BA+2024+2025+2026&setlang=zh-tw&FORM=HDRSC6,direct fine-grained sample,public news-search index,1897
TW AI Technology Stock Trend-AI Semiconductor And Advanced Packaging,zh,#T#[TW AI Technology Stock Trend-AI Semiconductor And Advanced Packaging]/zh_035.txt,公開新聞索引：弘塑 Grand Process Technology｜法說會展望與EPS修正｜AI半導體、晶片設計與先進封裝股,bing.com,公開新聞搜尋索引,2024–2026 候選結果,2026-07-23,https://www.bing.com/news/search?q=%E5%BC%98%E5%A1%91+Grand+Process+Technology+%E6%B3%95%E8%AA%AA%E6%9C%83%E5%B1%95%E6%9C%9B%E8%88%87EPS%E4%BF%AE%E6%AD%A3+%E5%8F%B0%E8%82%A1+AI+%E7%A7%91%E6%8A%80%E8%82%A1+%E8%B5%B0%E5%8B%A2+%E6%96%B0%E8%81%9E+%E6%B3%95%E4%BA%BA+2024+2025+2026&setlang=zh-tw&FORM=HDRSC6,direct fine-grained sample,public news-search index,1984
TW AI Technology Stock Trend-AI Semiconductor And Advanced Packaging,zh,#T#[TW AI Technology Stock Trend-AI Semiconductor And Advanced Packaging]/zh_036.txt,公開新聞索引：辛耘 Scientech｜法說會展望與EPS修正｜AI半導體、晶片設計與先進封裝股,bing.com,公開新聞搜尋索引,2024–2026 候選結果,2026-07-23,https://www.bing.com/news/search?q=%E8%BE%9B%E8%80%98+Scientech+%E6%B3%95%E8%AA%AA%E6%9C%83%E5%B1%95%E6%9C%9B%E8%88%87EPS%E4%BF%AE%E6%AD%A3+%E5%8F%B0%E8%82%A1+AI+%E7%A7%91%E6%8A%80%E8%82%A1+%E8%B5%B0%E5%8B%A2+%E6%96%B0%E8%81%9E+%E6%B3%95%E4%BA%BA+2024+2025+2026&setlang=zh-tw&FORM=HDRSC6,direct fine-grained sample,public news-search index,1924
TW AI Technology Stock Trend-AI Semiconductor And Advanced Packaging,zh,#T#[TW AI Technology Stock Trend-AI Semiconductor And Advanced Packaging]/zh_037.txt,公開新聞索引：家登 Gudeng｜法說會展望與EPS修正｜AI半導體、晶片設計與先進封裝股,bing.com,公開新聞搜尋索引,2024–2026 候選結果,2026-07-23,https://www.bing.com/news/search?q=%E5%AE%B6%E7%99%BB+Gudeng+%E6%B3%95%E8%AA%AA%E6%9C%83%E5%B1%95%E6%9C%9B%E8%88%87EPS%E4%BF%AE%E6%AD%A3+%E5%8F%B0%E8%82%A1+AI+%E7%A7%91%E6%8A%80%E8%82%A1+%E8%B5%B0%E5%8B%A2+%E6%96%B0%E8%81%9E+%E6%B3%95%E4%BA%BA+2024+2025+2026&setlang=zh-tw&FORM=HDRSC6,direct fine-grained sample,public news-search index,1915
TW AI Technology Stock Trend-AI Semiconductor And Advanced Packaging,zh,#T#[TW AI Technology Stock Trend-AI Semiconductor And Advanced Packaging]/zh_038.txt,公開新聞索引：中砂 Kinik｜法說會展望與EPS修正｜AI半導體、晶片設計與先進封裝股,bing.com,公開新聞搜尋索引,2024–2026 候選結果,2026-07-23,https://www.bing.com/news/search?q=%E4%B8%AD%E7%A0%82+Kinik+%E6%B3%95%E8%AA%AA%E6%9C%83%E5%B1%95%E6%9C%9B%E8%88%87EPS%E4%BF%AE%E6%AD%A3+%E5%8F%B0%E8%82%A1+AI+%E7%A7%91%E6%8A%80%E8%82%A1+%E8%B5%B0%E5%8B%A2+%E6%96%B0%E8%81%9E+%E6%B3%95%E4%BA%BA+2024+2025+2026&setlang=zh-tw&FORM=HDRSC6,direct fine-grained sample,public news-search index,1908
TW AI Technology Stock Trend-AI Semiconductor And Advanced Packaging,zh,#T#[TW AI Technology Stock Trend-AI Semiconductor And Advanced Packaging]/zh_039.txt,公開新聞索引：均豪 Gallant Precision Machining｜法說會展望與EPS修正｜AI半導體、晶片設計與先進封裝股,bing.com,公開新聞搜尋索引,2024–2026 候選結果,2026-07-23,https://www.bing.com/news/search?q=%E5%9D%87%E8%B1%AA+Gallant+Precision+Machining+%E6%B3%95%E8%AA%AA%E6%9C%83%E5%B1%95%E6%9C%9B%E8%88%87EPS%E4%BF%AE%E6%AD%A3+%E5%8F%B0%E8%82%A1+AI+%E7%A7%91%E6%8A%80%E8%82%A1+%E8%B5%B0%E5%8B%A2+%E6%96%B0%E8%81%9E+%E6%B3%95%E4%BA%BA+2024+2025+2026&setlang=zh-tw&FORM=HDRSC6,direct fine-grained sample,public news-search index,1996
TW AI Technology Stock Trend-AI Semiconductor And Advanced Packaging,zh,#T#[TW AI Technology Stock Trend-AI Semiconductor And Advanced Packaging]/zh_040.txt,公開新聞索引：致茂 Chroma｜法說會展望與EPS修正｜AI半導體、晶片設計與先進封裝股,bing.com,公開新聞搜尋索引,2024–2026 候選結果,2026-07-23,https://www.bing.com/news/search?q=%E8%87%B4%E8%8C%82+Chroma+%E6%B3%95%E8%AA%AA%E6%9C%83%E5%B1%95%E6%9C%9B%E8%88%87EPS%E4%BF%AE%E6%AD%A3+%E5%8F%B0%E8%82%A1+AI+%E7%A7%91%E6%8A%80%E8%82%A1+%E8%B5%B0%E5%8B%A2+%E6%96%B0%E8%81%9E+%E6%B3%95%E4%BA%BA+2024+2025+2026&setlang=zh-tw&FORM=HDRSC6,direct fine-grained sample,public news-search index,1910
TW AI Technology Stock Trend-AI Semiconductor And Advanced Packaging,zh,#T#[TW AI Technology Stock Trend-AI Semiconductor And Advanced Packaging]/zh_041.txt,公開新聞索引：台積電 TSMC｜先進製程及封裝產能｜AI半導體、晶片設計與先進封裝股,bing.com,公開新聞搜尋索引,2024–2026 候選結果,2026-07-23,https://www.bing.com/news/search?q=%E5%8F%B0%E7%A9%8D%E9%9B%BB+TSMC+%E5%85%88%E9%80%B2%E8%A3%BD%E7%A8%8B%E5%8F%8A%E5%B0%81%E8%A3%9D%E7%94%A2%E8%83%BD+%E5%8F%B0%E8%82%A1+AI+%E7%A7%91%E6%8A%80%E8%82%A1+%E8%B5%B0%E5%8B%A2+%E6%96%B0%E8%81%9E+%E6%B3%95%E4%BA%BA+2024+2025+2026&setlang=zh-tw&FORM=HDRSC6,direct fine-grained sample,public news-search index,1911
TW AI Technology Stock Trend-AI Semiconductor And Advanced Packaging,zh,#T#[TW AI Technology Stock Trend-AI Semiconductor And Advanced Packaging]/zh_042.txt,公開新聞索引：聯發科 MediaTek｜先進製程及封裝產能｜AI半導體、晶片設計與先進封裝股,bing.com,公開新聞搜尋索引,2024–2026 候選結果,2026-07-23,https://www.bing.com/news/search?q=%E8%81%AF%E7%99%BC%E7%A7%91+MediaTek+%E5%85%88%E9%80%B2%E8%A3%BD%E7%A8%8B%E5%8F%8A%E5%B0%81%E8%A3%9D%E7%94%A2%E8%83%BD+%E5%8F%B0%E8%82%A1+AI+%E7%A7%91%E6%8A%80%E8%82%A1+%E8%B5%B0%E5%8B%A2+%E6%96%B0%E8%81%9E+%E6%B3%95%E4%BA%BA+2024+2025+2026&setlang=zh-tw&FORM=HDRSC6,direct fine-grained sample,public news-search index,1928
TW AI Technology Stock Trend-AI Semiconductor And Advanced Packaging,zh,#T#[TW AI Technology Stock Trend-AI Semiconductor And Advanced Packaging]/zh_043.txt,公開新聞索引：日月光投控 ASE Technology｜先進製程及封裝產能｜AI半導體、晶片設計與先進封裝股,bing.com,公開新聞搜尋索引,2024–2026 候選結果,2026-07-23,https://www.bing.com/news/search?q=%E6%97%A5%E6%9C%88%E5%85%89%E6%8A%95%E6%8E%A7+ASE+Technology+%E5%85%88%E9%80%B2%E8%A3%BD%E7%A8%8B%E5%8F%8A%E5%B0%81%E8%A3%9D%E7%94%A2%E8%83%BD+%E5%8F%B0%E8%82%A1+AI+%E7%A7%91%E6%8A%80%E8%82%A1+%E8%B5%B0%E5%8B%A2+%E6%96%B0%E8%81%9E+%E6%B3%95%E4%BA%BA+2024+2025+2026&setlang=zh-tw&FORM=HDRSC6,direct fine-grained sample,public news-search index,1978
TW AI Technology Stock Trend-AI Semiconductor And Advanced Packaging,zh,#T#[TW AI Technology Stock Trend-AI Semiconductor And Advanced Packaging]/zh_044.txt,公開新聞索引：創意 Global Unichip｜先進製程及封裝產能｜AI半導體、晶片設計與先進封裝股,bing.com,公開新聞搜尋索引,2024–2026 候選結果,2026-07-23,https://www.bing.com/news/search?q=%E5%89%B5%E6%84%8F+Global+Unichip+%E5%85%88%E9%80%B2%E8%A3%BD%E7%A8%8B%E5%8F%8A%E5%B0%81%E8%A3%9D%E7%94%A2%E8%83%BD+%E5%8F%B0%E8%82%A1+AI+%E7%A7%91%E6%8A%80%E8%82%A1+%E8%B5%B0%E5%8B%A2+%E6%96%B0%E8%81%9E+%E6%B3%95%E4%BA%BA+2024+2025+2026&setlang=zh-tw&FORM=HDRSC6,direct fine-grained sample,public news-search index,1941
TW AI Technology Stock Trend-AI Semiconductor And Advanced Packaging,zh,#T#[TW AI Technology Stock Trend-AI Semiconductor And Advanced Packaging]/zh_045.txt,公開新聞索引：世芯-KY Alchip｜先進製程及封裝產能｜AI半導體、晶片設計與先進封裝股,bing.com,公開新聞搜尋索引,2024–2026 候選結果,2026-07-23,https://www.bing.com/news/search?q=%E4%B8%96%E8%8A%AF-KY+Alchip+%E5%85%88%E9%80%B2%E8%A3%BD%E7%A8%8B%E5%8F%8A%E5%B0%81%E8%A3%9D%E7%94%A2%E8%83%BD+%E5%8F%B0%E8%82%A1+AI+%E7%A7%91%E6%8A%80%E8%82%A1+%E8%B5%B0%E5%8B%A2+%E6%96%B0%E8%81%9E+%E6%B3%95%E4%BA%BA+2024+2025+2026&setlang=zh-tw&FORM=HDRSC6,direct fine-grained sample,public news-search index,1924
TW AI Technology Stock Trend-AI Semiconductor And Advanced Packaging,zh,#T#[TW AI Technology Stock Trend-AI Semiconductor And Advanced Packaging]/zh_046.txt,公開新聞索引：力旺 eMemory｜先進製程及封裝產能｜AI半導體、晶片設計與先進封裝股,bing.com,公開新聞搜尋索引,2024–2026 候選結果,2026-07-23,https://www.bing.com/news/search?q=%E5%8A%9B%E6%97%BA+eMemory+%E5%85%88%E9%80%B2%E8%A3%BD%E7%A8%8B%E5%8F%8A%E5%B0%81%E8%A3%9D%E7%94%A2%E8%83%BD+%E5%8F%B0%E8%82%A1+AI+%E7%A7%91%E6%8A%80%E8%82%A1+%E8%B5%B0%E5%8B%A2+%E6%96%B0%E8%81%9E+%E6%B3%95%E4%BA%BA+2024+2025+2026&setlang=zh-tw&FORM=HDRSC6,direct fine-grained sample,public news-search index,1916
TW AI Technology Stock Trend-AI Semiconductor And Advanced Packaging,zh,#T#[TW AI Technology Stock Trend-AI Semiconductor And Advanced Packaging]/zh_047.txt,公開新聞索引：智原 Faraday｜先進製程及封裝產能｜AI半導體、晶片設計與先進封裝股,bing.com,公開新聞搜尋索引,2024–2026 候選結果,2026-07-23,https://www.bing.com/news/search?q=%E6%99%BA%E5%8E%9F+Faraday+%E5%85%88%E9%80%B2%E8%A3%BD%E7%A8%8B%E5%8F%8A%E5%B0%81%E8%A3%9D%E7%94%A2%E8%83%BD+%E5%8F%B0%E8%82%A1+AI+%E7%A7%91%E6%8A%80%E8%82%A1+%E8%B5%B0%E5%8B%A2+%E6%96%B0%E8%81%9E+%E6%B3%95%E4%BA%BA+2024+2025+2026&setlang=zh-tw&FORM=HDRSC6,direct fine-grained sample,public news-search index,1919
TW AI Technology Stock Trend-AI Semiconductor And Advanced Packaging,zh,#T#[TW AI Technology Stock Trend-AI Semiconductor And Advanced Packaging]/zh_048.txt,公開新聞索引：M31｜先進製程及封裝產能｜AI半導體、晶片設計與先進封裝股,bing.com,公開新聞搜尋索引,2024–2026 候選結果,2026-07-23,https://www.bing.com/news/search?q=M31+%E5%85%88%E9%80%B2%E8%A3%BD%E7%A8%8B%E5%8F%8A%E5%B0%81%E8%A3%9D%E7%94%A2%E8%83%BD+%E5%8F%B0%E8%82%A1+AI+%E7%A7%91%E6%8A%80%E8%82%A1+%E8%B5%B0%E5%8B%A2+%E6%96%B0%E8%81%9E+%E6%B3%95%E4%BA%BA+2024+2025+2026&setlang=zh-tw&FORM=HDRSC6,direct fine-grained sample,public news-search index,1872
TW AI Technology Stock Trend-AI Semiconductor And Advanced Packaging,zh,#T#[TW AI Technology Stock Trend-AI Semiconductor And Advanced Packaging]/zh_049.txt,公開新聞索引：晶心科 Andes Technology｜先進製程及封裝產能｜AI半導體、晶片設計與先進封裝股,bing.com,公開新聞搜尋索引,2024–2026 候選結果,2026-07-23,https://www.bing.com/news/search?q=%E6%99%B6%E5%BF%83%E7%A7%91+Andes+Technology+%E5%85%88%E9%80%B2%E8%A3%BD%E7%A8%8B%E5%8F%8A%E5%B0%81%E8%A3%9D%E7%94%A2%E8%83%BD+%E5%8F%B0%E8%82%A1+AI+%E7%A7%91%E6%8A%80%E8%82%A1+%E8%B5%B0%E5%8B%A2+%E6%96%B0%E8%81%9E+%E6%B3%95%E4%BA%BA+2024+2025+2026&setlang=zh-tw&FORM=HDRSC6,direct fine-grained sample,public news-search index,1964
TW AI Technology Stock Trend-AI Semiconductor And Advanced Packaging,zh,#T#[TW AI Technology Stock Trend-AI Semiconductor And Advanced Packaging]/zh_050.txt,公開新聞索引：京元電子 King Yuan Electronics｜先進製程及封裝產能｜AI半導體、晶片設計與先進封裝股,bing.com,公開新聞搜尋索引,2024–2026 候選結果,2026-07-23,https://www.bing.com/news/search?q=%E4%BA%AC%E5%85%83%E9%9B%BB%E5%AD%90+King+Yuan+Electronics+%E5%85%88%E9%80%B2%E8%A3%BD%E7%A8%8B%E5%8F%8A%E5%B0%81%E8%A3%9D%E7%94%A2%E8%83%BD+%E5%8F%B0%E8%82%A1+AI+%E7%A7%91%E6%8A%80%E8%82%A1+%E8%B5%B0%E5%8B%A2+%E6%96%B0%E8%81%9E+%E6%B3%95%E4%BA%BA+2024+2025+2026&setlang=zh-tw&FORM=HDRSC6,direct fine-grained sample,public news-search index,1994
TW AI Technology Stock Trend-AI Semiconductor And Advanced Packaging,zh,#T#[TW AI Technology Stock Trend-AI Semiconductor And Advanced Packaging]/zh_051.txt,公開新聞索引：矽格 Sigurd｜先進製程及封裝產能｜AI半導體、晶片設計與先進封裝股,bing.com,公開新聞搜尋索引,2024–2026 候選結果,2026-07-23,https://www.bing.com/news/search?q=%E7%9F%BD%E6%A0%BC+Sigurd+%E5%85%88%E9%80%B2%E8%A3%BD%E7%A8%8B%E5%8F%8A%E5%B0%81%E8%A3%9D%E7%94%A2%E8%83%BD+%E5%8F%B0%E8%82%A1+AI+%E7%A7%91%E6%8A%80%E8%82%A1+%E8%B5%B0%E5%8B%A2+%E6%96%B0%E8%81%9E+%E6%B3%95%E4%BA%BA+2024+2025+2026&setlang=zh-tw&FORM=HDRSC6,direct fine-grained sample,public news-search index,1907
TW AI Technology Stock Trend-AI Semiconductor And Advanced Packaging,zh,#T#[TW AI Technology Stock Trend-AI Semiconductor And Advanced Packaging]/zh_052.txt,公開新聞索引：欣銓 Ardentec｜先進製程及封裝產能｜AI半導體、晶片設計與先進封裝股,bing.com,公開新聞搜尋索引,2024–2026 候選結果,2026-07-23,https://www.bing.com/news/search?q=%E6%AC%A3%E9%8A%93+Ardentec+%E5%85%88%E9%80%B2%E8%A3%BD%E7%A8%8B%E5%8F%8A%E5%B0%81%E8%A3%9D%E7%94%A2%E8%83%BD+%E5%8F%B0%E8%82%A1+AI+%E7%A7%91%E6%8A%80%E8%82%A1+%E8%B5%B0%E5%8B%A2+%E6%96%B0%E8%81%9E+%E6%B3%95%E4%BA%BA+2024+2025+2026&setlang=zh-tw&FORM=HDRSC6,direct fine-grained sample,public news-search index,1916
TW AI Technology Stock Trend-AI Semiconductor And Advanced Packaging,zh,#T#[TW AI Technology Stock Trend-AI Semiconductor And Advanced Packaging]/zh_053.txt,公開新聞索引：穎崴 WinWay｜先進製程及封裝產能｜AI半導體、晶片設計與先進封裝股,bing.com,公開新聞搜尋索引,2024–2026 候選結果,2026-07-23,https://www.bing.com/news/search?q=%E7%A9%8E%E5%B4%B4+WinWay+%E5%85%88%E9%80%B2%E8%A3%BD%E7%A8%8B%E5%8F%8A%E5%B0%81%E8%A3%9D%E7%94%A2%E8%83%BD+%E5%8F%B0%E8%82%A1+AI+%E7%A7%91%E6%8A%80%E8%82%A1+%E8%B5%B0%E5%8B%A2+%E6%96%B0%E8%81%9E+%E6%B3%95%E4%BA%BA+2024+2025+2026&setlang=zh-tw&FORM=HDRSC6,direct fine-grained sample,public news-search index,1910
TW AI Technology Stock Trend-AI Semiconductor And Advanced Packaging,zh,#T#[TW AI Technology Stock Trend-AI Semiconductor And Advanced Packaging]/zh_054.txt,公開新聞索引：旺矽 MPI｜先進製程及封裝產能｜AI半導體、晶片設計與先進封裝股,bing.com,公開新聞搜尋索引,2024–2026 候選結果,2026-07-23,https://www.bing.com/news/search?q=%E6%97%BA%E7%9F%BD+MPI+%E5%85%88%E9%80%B2%E8%A3%BD%E7%A8%8B%E5%8F%8A%E5%B0%81%E8%A3%9D%E7%94%A2%E8%83%BD+%E5%8F%B0%E8%82%A1+AI+%E7%A7%91%E6%8A%80%E8%82%A1+%E8%B5%B0%E5%8B%A2+%E6%96%B0%E8%81%9E+%E6%B3%95%E4%BA%BA+2024+2025+2026&setlang=zh-tw&FORM=HDRSC6,direct fine-grained sample,public news-search index,1897
TW AI Technology Stock Trend-AI Semiconductor And Advanced Packaging,zh,#T#[TW AI Technology Stock Trend-AI Semiconductor And Advanced Packaging]/zh_055.txt,公開新聞索引：弘塑 Grand Process Technology｜先進製程及封裝產能｜AI半導體、晶片設計與先進封裝股,bing.com,公開新聞搜尋索引,2024–2026 候選結果,2026-07-23,https://www.bing.com/news/search?q=%E5%BC%98%E5%A1%91+Grand+Process+Technology+%E5%85%88%E9%80%B2%E8%A3%BD%E7%A8%8B%E5%8F%8A%E5%B0%81%E8%A3%9D%E7%94%A2%E8%83%BD+%E5%8F%B0%E8%82%A1+AI+%E7%A7%91%E6%8A%80%E8%82%A1+%E8%B5%B0%E5%8B%A2+%E6%96%B0%E8%81%9E+%E6%B3%95%E4%BA%BA+2024+2025+2026&setlang=zh-tw&FORM=HDRSC6,direct fine-grained sample,public news-search index,1984
TW AI Technology Stock Trend-AI Semiconductor And Advanced Packaging,zh,#T#[TW AI Technology Stock Trend-AI Semiconductor And Advanced Packaging]/zh_056.txt,公開新聞索引：辛耘 Scientech｜先進製程及封裝產能｜AI半導體、晶片設計與先進封裝股,bing.com,公開新聞搜尋索引,2024–2026 候選結果,2026-07-23,https://www.bing.com/news/search?q=%E8%BE%9B%E8%80%98+Scientech+%E5%85%88%E9%80%B2%E8%A3%BD%E7%A8%8B%E5%8F%8A%E5%B0%81%E8%A3%9D%E7%94%A2%E8%83%BD+%E5%8F%B0%E8%82%A1+AI+%E7%A7%91%E6%8A%80%E8%82%A1+%E8%B5%B0%E5%8B%A2+%E6%96%B0%E8%81%9E+%E6%B3%95%E4%BA%BA+2024+2025+2026&setlang=zh-tw&FORM=HDRSC6,direct fine-grained sample,public news-search index,1924
TW AI Technology Stock Trend-AI Semiconductor And Advanced Packaging,zh,#T#[TW AI Technology Stock Trend-AI Semiconductor And Advanced Packaging]/zh_057.txt,公開新聞索引：家登 Gudeng｜先進製程及封裝產能｜AI半導體、晶片設計與先進封裝股,bing.com,公開新聞搜尋索引,2024–2026 候選結果,2026-07-23,https://www.bing.com/news/search?q=%E5%AE%B6%E7%99%BB+Gudeng+%E5%85%88%E9%80%B2%E8%A3%BD%E7%A8%8B%E5%8F%8A%E5%B0%81%E8%A3%9D%E7%94%A2%E8%83%BD+%E5%8F%B0%E8%82%A1+AI+%E7%A7%91%E6%8A%80%E8%82%A1+%E8%B5%B0%E5%8B%A2+%E6%96%B0%E8%81%9E+%E6%B3%95%E4%BA%BA+2024+2025+2026&setlang=zh-tw&FORM=HDRSC6,direct fine-grained sample,public news-search index,1915
TW AI Technology Stock Trend-AI Semiconductor And Advanced Packaging,zh,#T#[TW AI Technology Stock Trend-AI Semiconductor And Advanced Packaging]/zh_058.txt,公開新聞索引：中砂 Kinik｜先進製程及封裝產能｜AI半導體、晶片設計與先進封裝股,bing.com,公開新聞搜尋索引,2024–2026 候選結果,2026-07-23,https://www.bing.com/news/search?q=%E4%B8%AD%E7%A0%82+Kinik+%E5%85%88%E9%80%B2%E8%A3%BD%E7%A8%8B%E5%8F%8A%E5%B0%81%E8%A3%9D%E7%94%A2%E8%83%BD+%E5%8F%B0%E8%82%A1+AI+%E7%A7%91%E6%8A%80%E8%82%A1+%E8%B5%B0%E5%8B%A2+%E6%96%B0%E8%81%9E+%E6%B3%95%E4%BA%BA+2024+2025+2026&setlang=zh-tw&FORM=HDRSC6,direct fine-grained sample,public news-search index,1908
TW AI Technology Stock Trend-AI Semiconductor And Advanced Packaging,zh,#T#[TW AI Technology Stock Trend-AI Semiconductor And Advanced Packaging]/zh_059.txt,公開新聞索引：均豪 Gallant Precision Machining｜先進製程及封裝產能｜AI半導體、晶片設計與先進封裝股,bing.com,公開新聞搜尋索引,2024–2026 候選結果,2026-07-23,https://www.bing.com/news/search?q=%E5%9D%87%E8%B1%AA+Gallant+Precision+Machining+%E5%85%88%E9%80%B2%E8%A3%BD%E7%A8%8B%E5%8F%8A%E5%B0%81%E8%A3%9D%E7%94%A2%E8%83%BD+%E5%8F%B0%E8%82%A1+AI+%E7%A7%91%E6%8A%80%E8%82%A1+%E8%B5%B0%E5%8B%A2+%E6%96%B0%E8%81%9E+%E6%B3%95%E4%BA%BA+2024+2025+2026&setlang=zh-tw&FORM=HDRSC6,direct fine-grained sample,public news-search index,1996
TW AI Technology Stock Trend-AI Semiconductor And Advanced Packaging,zh,#T#[TW AI Technology Stock Trend-AI Semiconductor And Advanced Packaging]/zh_060.txt,公開新聞索引：致茂 Chroma｜先進製程及封裝產能｜AI半導體、晶片設計與先進封裝股,bing.com,公開新聞搜尋索引,2024–2026 候選結果,2026-07-23,https://www.bing.com/news/search?q=%E8%87%B4%E8%8C%82+Chroma+%E5%85%88%E9%80%B2%E8%A3%BD%E7%A8%8B%E5%8F%8A%E5%B0%81%E8%A3%9D%E7%94%A2%E8%83%BD+%E5%8F%B0%E8%82%A1+AI+%E7%A7%91%E6%8A%80%E8%82%A1+%E8%B5%B0%E5%8B%A2+%E6%96%B0%E8%81%9E+%E6%B3%95%E4%BA%BA+2024+2025+2026&setlang=zh-tw&FORM=HDRSC6,direct fine-grained sample,public news-search index,1910
TW AI Technology Stock Trend-AI Semiconductor And Advanced Packaging,zh,#T#[TW AI Technology Stock Trend-AI Semiconductor And Advanced Packaging]/zh_061.txt,公開新聞索引：台積電 TSMC｜外資評等與目標價｜AI半導體、晶片設計與先進封裝股,bing.com,公開新聞搜尋索引,2024–2026 候選結果,2026-07-23,https://www.bing.com/news/search?q=%E5%8F%B0%E7%A9%8D%E9%9B%BB+TSMC+%E5%A4%96%E8%B3%87%E8%A9%95%E7%AD%89%E8%88%87%E7%9B%AE%E6%A8%99%E5%83%B9+%E5%8F%B0%E8%82%A1+AI+%E7%A7%91%E6%8A%80%E8%82%A1+%E8%B5%B0%E5%8B%A2+%E6%96%B0%E8%81%9E+%E6%B3%95%E4%BA%BA+2024+2025+2026&setlang=zh-tw&FORM=HDRSC6,direct fine-grained sample,public news-search index,1899
TW AI Technology Stock Trend-AI Semiconductor And Advanced Packaging,zh,#T#[TW AI Technology Stock Trend-AI Semiconductor And Advanced Packaging]/zh_062.txt,公開新聞索引：聯發科 MediaTek｜外資評等與目標價｜AI半導體、晶片設計與先進封裝股,bing.com,公開新聞搜尋索引,2024–2026 候選結果,2026-07-23,https://www.bing.com/news/search?q=%E8%81%AF%E7%99%BC%E7%A7%91+MediaTek+%E5%A4%96%E8%B3%87%E8%A9%95%E7%AD%89%E8%88%87%E7%9B%AE%E6%A8%99%E5%83%B9+%E5%8F%B0%E8%82%A1+AI+%E7%A7%91%E6%8A%80%E8%82%A1+%E8%B5%B0%E5%8B%A2+%E6%96%B0%E8%81%9E+%E6%B3%95%E4%BA%BA+2024+2025+2026&setlang=zh-tw&FORM=HDRSC6,direct fine-grained sample,public news-search index,1916
TW AI Technology Stock Trend-AI Semiconductor And Advanced Packaging,zh,#T#[TW AI Technology Stock Trend-AI Semiconductor And Advanced Packaging]/zh_063.txt,公開新聞索引：日月光投控 ASE Technology｜外資評等與目標價｜AI半導體、晶片設計與先進封裝股,bing.com,公開新聞搜尋索引,2024–2026 候選結果,2026-07-23,https://www.bing.com/news/search?q=%E6%97%A5%E6%9C%88%E5%85%89%E6%8A%95%E6%8E%A7+ASE+Technology+%E5%A4%96%E8%B3%87%E8%A9%95%E7%AD%89%E8%88%87%E7%9B%AE%E6%A8%99%E5%83%B9+%E5%8F%B0%E8%82%A1+AI+%E7%A7%91%E6%8A%80%E8%82%A1+%E8%B5%B0%E5%8B%A2+%E6%96%B0%E8%81%9E+%E6%B3%95%E4%BA%BA+2024+2025+2026&setlang=zh-tw&FORM=HDRSC6,direct fine-grained sample,public news-search index,1966
TW AI Technology Stock Trend-AI Semiconductor And Advanced Packaging,zh,#T#[TW AI Technology Stock Trend-AI Semiconductor And Advanced Packaging]/zh_064.txt,公開新聞索引：創意 Global Unichip｜外資評等與目標價｜AI半導體、晶片設計與先進封裝股,bing.com,公開新聞搜尋索引,2024–2026 候選結果,2026-07-23,https://www.bing.com/news/search?q=%E5%89%B5%E6%84%8F+Global+Unichip+%E5%A4%96%E8%B3%87%E8%A9%95%E7%AD%89%E8%88%87%E7%9B%AE%E6%A8%99%E5%83%B9+%E5%8F%B0%E8%82%A1+AI+%E7%A7%91%E6%8A%80%E8%82%A1+%E8%B5%B0%E5%8B%A2+%E6%96%B0%E8%81%9E+%E6%B3%95%E4%BA%BA+2024+2025+2026&setlang=zh-tw&FORM=HDRSC6,direct fine-grained sample,public news-search index,1929
TW AI Technology Stock Trend-AI Semiconductor And Advanced Packaging,zh,#T#[TW AI Technology Stock Trend-AI Semiconductor And Advanced Packaging]/zh_065.txt,公開新聞索引：世芯-KY Alchip｜外資評等與目標價｜AI半導體、晶片設計與先進封裝股,bing.com,公開新聞搜尋索引,2024–2026 候選結果,2026-07-23,https://www.bing.com/news/search?q=%E4%B8%96%E8%8A%AF-KY+Alchip+%E5%A4%96%E8%B3%87%E8%A9%95%E7%AD%89%E8%88%87%E7%9B%AE%E6%A8%99%E5%83%B9+%E5%8F%B0%E8%82%A1+AI+%E7%A7%91%E6%8A%80%E8%82%A1+%E8%B5%B0%E5%8B%A2+%E6%96%B0%E8%81%9E+%E6%B3%95%E4%BA%BA+2024+2025+2026&setlang=zh-tw&FORM=HDRSC6,direct fine-grained sample,public news-search index,1912
TW AI Technology Stock Trend-AI Semiconductor And Advanced Packaging,zh,#T#[TW AI Technology Stock Trend-AI Semiconductor And Advanced Packaging]/zh_066.txt,公開新聞索引：力旺 eMemory｜外資評等與目標價｜AI半導體、晶片設計與先進封裝股,bing.com,公開新聞搜尋索引,2024–2026 候選結果,2026-07-23,https://www.bing.com/news/search?q=%E5%8A%9B%E6%97%BA+eMemory+%E5%A4%96%E8%B3%87%E8%A9%95%E7%AD%89%E8%88%87%E7%9B%AE%E6%A8%99%E5%83%B9+%E5%8F%B0%E8%82%A1+AI+%E7%A7%91%E6%8A%80%E8%82%A1+%E8%B5%B0%E5%8B%A2+%E6%96%B0%E8%81%9E+%E6%B3%95%E4%BA%BA+2024+2025+2026&setlang=zh-tw&FORM=HDRSC6,direct fine-grained sample,public news-search index,1904
TW AI Technology Stock Trend-AI Semiconductor And Advanced Packaging,zh,#T#[TW AI Technology Stock Trend-AI Semiconductor And Advanced Packaging]/zh_067.txt,公開新聞索引：智原 Faraday｜外資評等與目標價｜AI半導體、晶片設計與先進封裝股,bing.com,公開新聞搜尋索引,2024–2026 候選結果,2026-07-23,https://www.bing.com/news/search?q=%E6%99%BA%E5%8E%9F+Faraday+%E5%A4%96%E8%B3%87%E8%A9%95%E7%AD%89%E8%88%87%E7%9B%AE%E6%A8%99%E5%83%B9+%E5%8F%B0%E8%82%A1+AI+%E7%A7%91%E6%8A%80%E8%82%A1+%E8%B5%B0%E5%8B%A2+%E6%96%B0%E8%81%9E+%E6%B3%95%E4%BA%BA+2024+2025+2026&setlang=zh-tw&FORM=HDRSC6,direct fine-grained sample,public news-search index,1907
TW AI Technology Stock Trend-AI Semiconductor And Advanced Packaging,zh,#T#[TW AI Technology Stock Trend-AI Semiconductor And Advanced Packaging]/zh_068.txt,公開新聞索引：M31｜外資評等與目標價｜AI半導體、晶片設計與先進封裝股,bing.com,公開新聞搜尋索引,2024–2026 候選結果,2026-07-23,https://www.bing.com/news/search?q=M31+%E5%A4%96%E8%B3%87%E8%A9%95%E7%AD%89%E8%88%87%E7%9B%AE%E6%A8%99%E5%83%B9+%E5%8F%B0%E8%82%A1+AI+%E7%A7%91%E6%8A%80%E8%82%A1+%E8%B5%B0%E5%8B%A2+%E6%96%B0%E8%81%9E+%E6%B3%95%E4%BA%BA+2024+2025+2026&setlang=zh-tw&FORM=HDRSC6,direct fine-grained sample,public news-search index,1860
TW AI Technology Stock Trend-AI Semiconductor And Advanced Packaging,zh,#T#[TW AI Technology Stock Trend-AI Semiconductor And Advanced Packaging]/zh_069.txt,公開新聞索引：晶心科 Andes Technology｜外資評等與目標價｜AI半導體、晶片設計與先進封裝股,bing.com,公開新聞搜尋索引,2024–2026 候選結果,2026-07-23,https://www.bing.com/news/search?q=%E6%99%B6%E5%BF%83%E7%A7%91+Andes+Technology+%E5%A4%96%E8%B3%87%E8%A9%95%E7%AD%89%E8%88%87%E7%9B%AE%E6%A8%99%E5%83%B9+%E5%8F%B0%E8%82%A1+AI+%E7%A7%91%E6%8A%80%E8%82%A1+%E8%B5%B0%E5%8B%A2+%E6%96%B0%E8%81%9E+%E6%B3%95%E4%BA%BA+2024+2025+2026&setlang=zh-tw&FORM=HDRSC6,direct fine-grained sample,public news-search index,1952
TW AI Technology Stock Trend-AI Semiconductor And Advanced Packaging,zh,#T#[TW AI Technology Stock Trend-AI Semiconductor And Advanced Packaging]/zh_070.txt,公開新聞索引：京元電子 King Yuan Electronics｜外資評等與目標價｜AI半導體、晶片設計與先進封裝股,bing.com,公開新聞搜尋索引,2024–2026 候選結果,2026-07-23,https://www.bing.com/news/search?q=%E4%BA%AC%E5%85%83%E9%9B%BB%E5%AD%90+King+Yuan+Electronics+%E5%A4%96%E8%B3%87%E8%A9%95%E7%AD%89%E8%88%87%E7%9B%AE%E6%A8%99%E5%83%B9+%E5%8F%B0%E8%82%A1+AI+%E7%A7%91%E6%8A%80%E8%82%A1+%E8%B5%B0%E5%8B%A2+%E6%96%B0%E8%81%9E+%E6%B3%95%E4%BA%BA+2024+2025+2026&setlang=zh-tw&FORM=HDRSC6,direct fine-grained sample,public news-search index,1982
TW AI Technology Stock Trend-AI Semiconductor And Advanced Packaging,zh,#T#[TW AI Technology Stock Trend-AI Semiconductor And Advanced Packaging]/zh_071.txt,公開新聞索引：矽格 Sigurd｜外資評等與目標價｜AI半導體、晶片設計與先進封裝股,bing.com,公開新聞搜尋索引,2024–2026 候選結果,2026-07-23,https://www.bing.com/news/search?q=%E7%9F%BD%E6%A0%BC+Sigurd+%E5%A4%96%E8%B3%87%E8%A9%95%E7%AD%89%E8%88%87%E7%9B%AE%E6%A8%99%E5%83%B9+%E5%8F%B0%E8%82%A1+AI+%E7%A7%91%E6%8A%80%E8%82%A1+%E8%B5%B0%E5%8B%A2+%E6%96%B0%E8%81%9E+%E6%B3%95%E4%BA%BA+2024+2025+2026&setlang=zh-tw&FORM=HDRSC6,direct fine-grained sample,public news-search index,1895
TW AI Technology Stock Trend-AI Semiconductor And Advanced Packaging,zh,#T#[TW AI Technology Stock Trend-AI Semiconductor And Advanced Packaging]/zh_072.txt,公開新聞索引：欣銓 Ardentec｜外資評等與目標價｜AI半導體、晶片設計與先進封裝股,bing.com,公開新聞搜尋索引,2024–2026 候選結果,2026-07-23,https://www.bing.com/news/search?q=%E6%AC%A3%E9%8A%93+Ardentec+%E5%A4%96%E8%B3%87%E8%A9%95%E7%AD%89%E8%88%87%E7%9B%AE%E6%A8%99%E5%83%B9+%E5%8F%B0%E8%82%A1+AI+%E7%A7%91%E6%8A%80%E8%82%A1+%E8%B5%B0%E5%8B%A2+%E6%96%B0%E8%81%9E+%E6%B3%95%E4%BA%BA+2024+2025+2026&setlang=zh-tw&FORM=HDRSC6,direct fine-grained sample,public news-search index,1904
TW AI Technology Stock Trend-AI Semiconductor And Advanced Packaging,zh,#T#[TW AI Technology Stock Trend-AI Semiconductor And Advanced Packaging]/zh_073.txt,公開新聞索引：穎崴 WinWay｜外資評等與目標價｜AI半導體、晶片設計與先進封裝股,bing.com,公開新聞搜尋索引,2024–2026 候選結果,2026-07-23,https://www.bing.com/news/search?q=%E7%A9%8E%E5%B4%B4+WinWay+%E5%A4%96%E8%B3%87%E8%A9%95%E7%AD%89%E8%88%87%E7%9B%AE%E6%A8%99%E5%83%B9+%E5%8F%B0%E8%82%A1+AI+%E7%A7%91%E6%8A%80%E8%82%A1+%E8%B5%B0%E5%8B%A2+%E6%96%B0%E8%81%9E+%E6%B3%95%E4%BA%BA+2024+2025+2026&setlang=zh-tw&FORM=HDRSC6,direct fine-grained sample,public news-search index,1898
TW AI Technology Stock Trend-AI Semiconductor And Advanced Packaging,zh,#T#[TW AI Technology Stock Trend-AI Semiconductor And Advanced Packaging]/zh_074.txt,公開新聞索引：旺矽 MPI｜外資評等與目標價｜AI半導體、晶片設計與先進封裝股,bing.com,公開新聞搜尋索引,2024–2026 候選結果,2026-07-23,https://www.bing.com/news/search?q=%E6%97%BA%E7%9F%BD+MPI+%E5%A4%96%E8%B3%87%E8%A9%95%E7%AD%89%E8%88%87%E7%9B%AE%E6%A8%99%E5%83%B9+%E5%8F%B0%E8%82%A1+AI+%E7%A7%91%E6%8A%80%E8%82%A1+%E8%B5%B0%E5%8B%A2+%E6%96%B0%E8%81%9E+%E6%B3%95%E4%BA%BA+2024+2025+2026&setlang=zh-tw&FORM=HDRSC6,direct fine-grained sample,public news-search index,1885
TW AI Technology Stock Trend-AI Semiconductor And Advanced Packaging,zh,#T#[TW AI Technology Stock Trend-AI Semiconductor And Advanced Packaging]/zh_075.txt,公開新聞索引：弘塑 Grand Process Technology｜外資評等與目標價｜AI半導體、晶片設計與先進封裝股,bing.com,公開新聞搜尋索引,2024–2026 候選結果,2026-07-23,https://www.bing.com/news/search?q=%E5%BC%98%E5%A1%91+Grand+Process+Technology+%E5%A4%96%E8%B3%87%E8%A9%95%E7%AD%89%E8%88%87%E7%9B%AE%E6%A8%99%E5%83%B9+%E5%8F%B0%E8%82%A1+AI+%E7%A7%91%E6%8A%80%E8%82%A1+%E8%B5%B0%E5%8B%A2+%E6%96%B0%E8%81%9E+%E6%B3%95%E4%BA%BA+2024+2025+2026&setlang=zh-tw&FORM=HDRSC6,direct fine-grained sample,public news-search index,1972
TW AI Technology Stock Trend-AI Semiconductor And Advanced Packaging,zh,#T#[TW AI Technology Stock Trend-AI Semiconductor And Advanced Packaging]/zh_076.txt,公開新聞索引：辛耘 Scientech｜外資評等與目標價｜AI半導體、晶片設計與先進封裝股,bing.com,公開新聞搜尋索引,2024–2026 候選結果,2026-07-23,https://www.bing.com/news/search?q=%E8%BE%9B%E8%80%98+Scientech+%E5%A4%96%E8%B3%87%E8%A9%95%E7%AD%89%E8%88%87%E7%9B%AE%E6%A8%99%E5%83%B9+%E5%8F%B0%E8%82%A1+AI+%E7%A7%91%E6%8A%80%E8%82%A1+%E8%B5%B0%E5%8B%A2+%E6%96%B0%E8%81%9E+%E6%B3%95%E4%BA%BA+2024+2025+2026&setlang=zh-tw&FORM=HDRSC6,direct fine-grained sample,public news-search index,1912
TW AI Technology Stock Trend-AI Semiconductor And Advanced Packaging,zh,#T#[TW AI Technology Stock Trend-AI Semiconductor And Advanced Packaging]/zh_077.txt,公開新聞索引：家登 Gudeng｜外資評等與目標價｜AI半導體、晶片設計與先進封裝股,bing.com,公開新聞搜尋索引,2024–2026 候選結果,2026-07-23,https://www.bing.com/news/search?q=%E5%AE%B6%E7%99%BB+Gudeng+%E5%A4%96%E8%B3%87%E8%A9%95%E7%AD%89%E8%88%87%E7%9B%AE%E6%A8%99%E5%83%B9+%E5%8F%B0%E8%82%A1+AI+%E7%A7%91%E6%8A%80%E8%82%A1+%E8%B5%B0%E5%8B%A2+%E6%96%B0%E8%81%9E+%E6%B3%95%E4%BA%BA+2024+2025+2026&setlang=zh-tw&FORM=HDRSC6,direct fine-grained sample,public news-search index,1903
TW AI Technology Stock Trend-AI Semiconductor And Advanced Packaging,zh,#T#[TW AI Technology Stock Trend-AI Semiconductor And Advanced Packaging]/zh_078.txt,公開新聞索引：中砂 Kinik｜外資評等與目標價｜AI半導體、晶片設計與先進封裝股,bing.com,公開新聞搜尋索引,2024–2026 候選結果,2026-07-23,https://www.bing.com/news/search?q=%E4%B8%AD%E7%A0%82+Kinik+%E5%A4%96%E8%B3%87%E8%A9%95%E7%AD%89%E8%88%87%E7%9B%AE%E6%A8%99%E5%83%B9+%E5%8F%B0%E8%82%A1+AI+%E7%A7%91%E6%8A%80%E8%82%A1+%E8%B5%B0%E5%8B%A2+%E6%96%B0%E8%81%9E+%E6%B3%95%E4%BA%BA+2024+2025+2026&setlang=zh-tw&FORM=HDRSC6,direct fine-grained sample,public news-search index,1896
TW AI Technology Stock Trend-AI Semiconductor And Advanced Packaging,zh,#T#[TW AI Technology Stock Trend-AI Semiconductor And Advanced Packaging]/zh_079.txt,公開新聞索引：均豪 Gallant Precision Machining｜外資評等與目標價｜AI半導體、晶片設計與先進封裝股,bing.com,公開新聞搜尋索引,2024–2026 候選結果,2026-07-23,https://www.bing.com/news/search?q=%E5%9D%87%E8%B1%AA+Gallant+Precision+Machining+%E5%A4%96%E8%B3%87%E8%A9%95%E7%AD%89%E8%88%87%E7%9B%AE%E6%A8%99%E5%83%B9+%E5%8F%B0%E8%82%A1+AI+%E7%A7%91%E6%8A%80%E8%82%A1+%E8%B5%B0%E5%8B%A2+%E6%96%B0%E8%81%9E+%E6%B3%95%E4%BA%BA+2024+2025+2026&setlang=zh-tw&FORM=HDRSC6,direct fine-grained sample,public news-search index,1984
TW AI Technology Stock Trend-AI Semiconductor And Advanced Packaging,zh,#T#[TW AI Technology Stock Trend-AI Semiconductor And Advanced Packaging]/zh_080.txt,公開新聞索引：致茂 Chroma｜外資評等與目標價｜AI半導體、晶片設計與先進封裝股,bing.com,公開新聞搜尋索引,2024–2026 候選結果,2026-07-23,https://www.bing.com/news/search?q=%E8%87%B4%E8%8C%82+Chroma+%E5%A4%96%E8%B3%87%E8%A9%95%E7%AD%89%E8%88%87%E7%9B%AE%E6%A8%99%E5%83%B9+%E5%8F%B0%E8%82%A1+AI+%E7%A7%91%E6%8A%80%E8%82%A1+%E8%B5%B0%E5%8B%A2+%E6%96%B0%E8%81%9E+%E6%B3%95%E4%BA%BA+2024+2025+2026&setlang=zh-tw&FORM=HDRSC6,direct fine-grained sample,public news-search index,1898
TW AI Technology Stock Trend-AI Semiconductor And Advanced Packaging,zh,#T#[TW AI Technology Stock Trend-AI Semiconductor And Advanced Packaging]/zh_081.txt,公開新聞索引：台積電 TSMC｜估值、本益比與資金輪動｜AI半導體、晶片設計與先進封裝股,bing.com,公開新聞搜尋索引,2024–2026 候選結果,2026-07-23,https://www.bing.com/news/search?q=%E5%8F%B0%E7%A9%8D%E9%9B%BB+TSMC+%E4%BC%B0%E5%80%BC%E3%80%81%E6%9C%AC%E7%9B%8A%E6%AF%94%E8%88%87%E8%B3%87%E9%87%91%E8%BC%AA%E5%8B%95+%E5%8F%B0%E8%82%A1+AI+%E7%A7%91%E6%8A%80%E8%82%A1+%E8%B5%B0%E5%8B%A2+%E6%96%B0%E8%81%9E+%E6%B3%95%E4%BA%BA+2024+2025+2026&setlang=zh-tw&FORM=HDRSC6,direct fine-grained sample,public news-search index,1935
TW AI Technology Stock Trend-AI Semiconductor And Advanced Packaging,zh,#T#[TW AI Technology Stock Trend-AI Semiconductor And Advanced Packaging]/zh_082.txt,公開新聞索引：聯發科 MediaTek｜估值、本益比與資金輪動｜AI半導體、晶片設計與先進封裝股,bing.com,公開新聞搜尋索引,2024–2026 候選結果,2026-07-23,https://www.bing.com/news/search?q=%E8%81%AF%E7%99%BC%E7%A7%91+MediaTek+%E4%BC%B0%E5%80%BC%E3%80%81%E6%9C%AC%E7%9B%8A%E6%AF%94%E8%88%87%E8%B3%87%E9%87%91%E8%BC%AA%E5%8B%95+%E5%8F%B0%E8%82%A1+AI+%E7%A7%91%E6%8A%80%E8%82%A1+%E8%B5%B0%E5%8B%A2+%E6%96%B0%E8%81%9E+%E6%B3%95%E4%BA%BA+2024+2025+2026&setlang=zh-tw&FORM=HDRSC6,direct fine-grained sample,public news-search index,1952
TW AI Technology Stock Trend-AI Semiconductor And Advanced Packaging,zh,#T#[TW AI Technology Stock Trend-AI Semiconductor And Advanced Packaging]/zh_083.txt,公開新聞索引：日月光投控 ASE Technology｜估值、本益比與資金輪動｜AI半導體、晶片設計與先進封裝股,bing.com,公開新聞搜尋索引,2024–2026 候選結果,2026-07-23,https://www.bing.com/news/search?q=%E6%97%A5%E6%9C%88%E5%85%89%E6%8A%95%E6%8E%A7+ASE+Technology+%E4%BC%B0%E5%80%BC%E3%80%81%E6%9C%AC%E7%9B%8A%E6%AF%94%E8%88%87%E8%B3%87%E9%87%91%E8%BC%AA%E5%8B%95+%E5%8F%B0%E8%82%A1+AI+%E7%A7%91%E6%8A%80%E8%82%A1+%E8%B5%B0%E5%8B%A2+%E6%96%B0%E8%81%9E+%E6%B3%95%E4%BA%BA+2024+2025+2026&setlang=zh-tw&FORM=HDRSC6,direct fine-grained sample,public news-search index,2002
TW AI Technology Stock Trend-AI Semiconductor And Advanced Packaging,zh,#T#[TW AI Technology Stock Trend-AI Semiconductor And Advanced Packaging]/zh_084.txt,公開新聞索引：創意 Global Unichip｜估值、本益比與資金輪動｜AI半導體、晶片設計與先進封裝股,bing.com,公開新聞搜尋索引,2024–2026 候選結果,2026-07-23,https://www.bing.com/news/search?q=%E5%89%B5%E6%84%8F+Global+Unichip+%E4%BC%B0%E5%80%BC%E3%80%81%E6%9C%AC%E7%9B%8A%E6%AF%94%E8%88%87%E8%B3%87%E9%87%91%E8%BC%AA%E5%8B%95+%E5%8F%B0%E8%82%A1+AI+%E7%A7%91%E6%8A%80%E8%82%A1+%E8%B5%B0%E5%8B%A2+%E6%96%B0%E8%81%9E+%E6%B3%95%E4%BA%BA+2024+2025+2026&setlang=zh-tw&FORM=HDRSC6,direct fine-grained sample,public news-search index,1965
TW AI Technology Stock Trend-AI Semiconductor And Advanced Packaging,zh,#T#[TW AI Technology Stock Trend-AI Semiconductor And Advanced Packaging]/zh_085.txt,公開新聞索引：世芯-KY Alchip｜估值、本益比與資金輪動｜AI半導體、晶片設計與先進封裝股,bing.com,公開新聞搜尋索引,2024–2026 候選結果,2026-07-23,https://www.bing.com/news/search?q=%E4%B8%96%E8%8A%AF-KY+Alchip+%E4%BC%B0%E5%80%BC%E3%80%81%E6%9C%AC%E7%9B%8A%E6%AF%94%E8%88%87%E8%B3%87%E9%87%91%E8%BC%AA%E5%8B%95+%E5%8F%B0%E8%82%A1+AI+%E7%A7%91%E6%8A%80%E8%82%A1+%E8%B5%B0%E5%8B%A2+%E6%96%B0%E8%81%9E+%E6%B3%95%E4%BA%BA+2024+2025+2026&setlang=zh-tw&FORM=HDRSC6,direct fine-grained sample,public news-search index,1948
TW AI Technology Stock Trend-AI Semiconductor And Advanced Packaging,zh,#T#[TW AI Technology Stock Trend-AI Semiconductor And Advanced Packaging]/zh_086.txt,公開新聞索引：力旺 eMemory｜估值、本益比與資金輪動｜AI半導體、晶片設計與先進封裝股,bing.com,公開新聞搜尋索引,2024–2026 候選結果,2026-07-23,https://www.bing.com/news/search?q=%E5%8A%9B%E6%97%BA+eMemory+%E4%BC%B0%E5%80%BC%E3%80%81%E6%9C%AC%E7%9B%8A%E6%AF%94%E8%88%87%E8%B3%87%E9%87%91%E8%BC%AA%E5%8B%95+%E5%8F%B0%E8%82%A1+AI+%E7%A7%91%E6%8A%80%E8%82%A1+%E8%B5%B0%E5%8B%A2+%E6%96%B0%E8%81%9E+%E6%B3%95%E4%BA%BA+2024+2025+2026&setlang=zh-tw&FORM=HDRSC6,direct fine-grained sample,public news-search index,1940
TW AI Technology Stock Trend-AI Semiconductor And Advanced Packaging,zh,#T#[TW AI Technology Stock Trend-AI Semiconductor And Advanced Packaging]/zh_087.txt,公開新聞索引：智原 Faraday｜估值、本益比與資金輪動｜AI半導體、晶片設計與先進封裝股,bing.com,公開新聞搜尋索引,2024–2026 候選結果,2026-07-23,https://www.bing.com/news/search?q=%E6%99%BA%E5%8E%9F+Faraday+%E4%BC%B0%E5%80%BC%E3%80%81%E6%9C%AC%E7%9B%8A%E6%AF%94%E8%88%87%E8%B3%87%E9%87%91%E8%BC%AA%E5%8B%95+%E5%8F%B0%E8%82%A1+AI+%E7%A7%91%E6%8A%80%E8%82%A1+%E8%B5%B0%E5%8B%A2+%E6%96%B0%E8%81%9E+%E6%B3%95%E4%BA%BA+2024+2025+2026&setlang=zh-tw&FORM=HDRSC6,direct fine-grained sample,public news-search index,1943
TW AI Technology Stock Trend-AI Semiconductor And Advanced Packaging,zh,#T#[TW AI Technology Stock Trend-AI Semiconductor And Advanced Packaging]/zh_088.txt,公開新聞索引：M31｜估值、本益比與資金輪動｜AI半導體、晶片設計與先進封裝股,bing.com,公開新聞搜尋索引,2024–2026 候選結果,2026-07-23,https://www.bing.com/news/search?q=M31+%E4%BC%B0%E5%80%BC%E3%80%81%E6%9C%AC%E7%9B%8A%E6%AF%94%E8%88%87%E8%B3%87%E9%87%91%E8%BC%AA%E5%8B%95+%E5%8F%B0%E8%82%A1+AI+%E7%A7%91%E6%8A%80%E8%82%A1+%E8%B5%B0%E5%8B%A2+%E6%96%B0%E8%81%9E+%E6%B3%95%E4%BA%BA+2024+2025+2026&setlang=zh-tw&FORM=HDRSC6,direct fine-grained sample,public news-search index,1896
TW AI Technology Stock Trend-AI Semiconductor And Advanced Packaging,zh,#T#[TW AI Technology Stock Trend-AI Semiconductor And Advanced Packaging]/zh_089.txt,公開新聞索引：晶心科 Andes Technology｜估值、本益比與資金輪動｜AI半導體、晶片設計與先進封裝股,bing.com,公開新聞搜尋索引,2024–2026 候選結果,2026-07-23,https://www.bing.com/news/search?q=%E6%99%B6%E5%BF%83%E7%A7%91+Andes+Technology+%E4%BC%B0%E5%80%BC%E3%80%81%E6%9C%AC%E7%9B%8A%E6%AF%94%E8%88%87%E8%B3%87%E9%87%91%E8%BC%AA%E5%8B%95+%E5%8F%B0%E8%82%A1+AI+%E7%A7%91%E6%8A%80%E8%82%A1+%E8%B5%B0%E5%8B%A2+%E6%96%B0%E8%81%9E+%E6%B3%95%E4%BA%BA+2024+2025+2026&setlang=zh-tw&FORM=HDRSC6,direct fine-grained sample,public news-search index,1988
TW AI Technology Stock Trend-AI Semiconductor And Advanced Packaging,zh,#T#[TW AI Technology Stock Trend-AI Semiconductor And Advanced Packaging]/zh_090.txt,公開新聞索引：京元電子 King Yuan Electronics｜估值、本益比與資金輪動｜AI半導體、晶片設計與先進封裝股,bing.com,公開新聞搜尋索引,2024–2026 候選結果,2026-07-23,https://www.bing.com/news/search?q=%E4%BA%AC%E5%85%83%E9%9B%BB%E5%AD%90+King+Yuan+Electronics+%E4%BC%B0%E5%80%BC%E3%80%81%E6%9C%AC%E7%9B%8A%E6%AF%94%E8%88%87%E8%B3%87%E9%87%91%E8%BC%AA%E5%8B%95+%E5%8F%B0%E8%82%A1+AI+%E7%A7%91%E6%8A%80%E8%82%A1+%E8%B5%B0%E5%8B%A2+%E6%96%B0%E8%81%9E+%E6%B3%95%E4%BA%BA+2024+2025+2026&setlang=zh-tw&FORM=HDRSC6,direct fine-grained sample,public news-search index,2018
TW AI Technology Stock Trend-AI Semiconductor And Advanced Packaging,zh,#T#[TW AI Technology Stock Trend-AI Semiconductor And Advanced Packaging]/zh_091.txt,公開新聞索引：矽格 Sigurd｜估值、本益比與資金輪動｜AI半導體、晶片設計與先進封裝股,bing.com,公開新聞搜尋索引,2024–2026 候選結果,2026-07-23,https://www.bing.com/news/search?q=%E7%9F%BD%E6%A0%BC+Sigurd+%E4%BC%B0%E5%80%BC%E3%80%81%E6%9C%AC%E7%9B%8A%E6%AF%94%E8%88%87%E8%B3%87%E9%87%91%E8%BC%AA%E5%8B%95+%E5%8F%B0%E8%82%A1+AI+%E7%A7%91%E6%8A%80%E8%82%A1+%E8%B5%B0%E5%8B%A2+%E6%96%B0%E8%81%9E+%E6%B3%95%E4%BA%BA+2024+2025+2026&setlang=zh-tw&FORM=HDRSC6,direct fine-grained sample,public news-search index,1931
TW AI Technology Stock Trend-AI Semiconductor And Advanced Packaging,zh,#T#[TW AI Technology Stock Trend-AI Semiconductor And Advanced Packaging]/zh_092.txt,公開新聞索引：欣銓 Ardentec｜估值、本益比與資金輪動｜AI半導體、晶片設計與先進封裝股,bing.com,公開新聞搜尋索引,2024–2026 候選結果,2026-07-23,https://www.bing.com/news/search?q=%E6%AC%A3%E9%8A%93+Ardentec+%E4%BC%B0%E5%80%BC%E3%80%81%E6%9C%AC%E7%9B%8A%E6%AF%94%E8%88%87%E8%B3%87%E9%87%91%E8%BC%AA%E5%8B%95+%E5%8F%B0%E8%82%A1+AI+%E7%A7%91%E6%8A%80%E8%82%A1+%E8%B5%B0%E5%8B%A2+%E6%96%B0%E8%81%9E+%E6%B3%95%E4%BA%BA+2024+2025+2026&setlang=zh-tw&FORM=HDRSC6,direct fine-grained sample,public news-search index,1940
TW AI Technology Stock Trend-AI Semiconductor And Advanced Packaging,zh,#T#[TW AI Technology Stock Trend-AI Semiconductor And Advanced Packaging]/zh_093.txt,公開新聞索引：穎崴 WinWay｜估值、本益比與資金輪動｜AI半導體、晶片設計與先進封裝股,bing.com,公開新聞搜尋索引,2024–2026 候選結果,2026-07-23,https://www.bing.com/news/search?q=%E7%A9%8E%E5%B4%B4+WinWay+%E4%BC%B0%E5%80%BC%E3%80%81%E6%9C%AC%E7%9B%8A%E6%AF%94%E8%88%87%E8%B3%87%E9%87%91%E8%BC%AA%E5%8B%95+%E5%8F%B0%E8%82%A1+AI+%E7%A7%91%E6%8A%80%E8%82%A1+%E8%B5%B0%E5%8B%A2+%E6%96%B0%E8%81%9E+%E6%B3%95%E4%BA%BA+2024+2025+2026&setlang=zh-tw&FORM=HDRSC6,direct fine-grained sample,public news-search index,1934
TW AI Technology Stock Trend-AI Semiconductor And Advanced Packaging,zh,#T#[TW AI Technology Stock Trend-AI Semiconductor And Advanced Packaging]/zh_094.txt,公開新聞索引：旺矽 MPI｜估值、本益比與資金輪動｜AI半導體、晶片設計與先進封裝股,bing.com,公開新聞搜尋索引,2024–2026 候選結果,2026-07-23,https://www.bing.com/news/search?q=%E6%97%BA%E7%9F%BD+MPI+%E4%BC%B0%E5%80%BC%E3%80%81%E6%9C%AC%E7%9B%8A%E6%AF%94%E8%88%87%E8%B3%87%E9%87%91%E8%BC%AA%E5%8B%95+%E5%8F%B0%E8%82%A1+AI+%E7%A7%91%E6%8A%80%E8%82%A1+%E8%B5%B0%E5%8B%A2+%E6%96%B0%E8%81%9E+%E6%B3%95%E4%BA%BA+2024+2025+2026&setlang=zh-tw&FORM=HDRSC6,direct fine-grained sample,public news-search index,1921
TW AI Technology Stock Trend-AI Semiconductor And Advanced Packaging,zh,#T#[TW AI Technology Stock Trend-AI Semiconductor And Advanced Packaging]/zh_095.txt,公開新聞索引：弘塑 Grand Process Technology｜估值、本益比與資金輪動｜AI半導體、晶片設計與先進封裝股,bing.com,公開新聞搜尋索引,2024–2026 候選結果,2026-07-23,https://www.bing.com/news/search?q=%E5%BC%98%E5%A1%91+Grand+Process+Technology+%E4%BC%B0%E5%80%BC%E3%80%81%E6%9C%AC%E7%9B%8A%E6%AF%94%E8%88%87%E8%B3%87%E9%87%91%E8%BC%AA%E5%8B%95+%E5%8F%B0%E8%82%A1+AI+%E7%A7%91%E6%8A%80%E8%82%A1+%E8%B5%B0%E5%8B%A2+%E6%96%B0%E8%81%9E+%E6%B3%95%E4%BA%BA+2024+2025+2026&setlang=zh-tw&FORM=HDRSC6,direct fine-grained sample,public news-search index,2008
TW AI Technology Stock Trend-AI Semiconductor And Advanced Packaging,zh,#T#[TW AI Technology Stock Trend-AI Semiconductor And Advanced Packaging]/zh_096.txt,公開新聞索引：辛耘 Scientech｜估值、本益比與資金輪動｜AI半導體、晶片設計與先進封裝股,bing.com,公開新聞搜尋索引,2024–2026 候選結果,2026-07-23,https://www.bing.com/news/search?q=%E8%BE%9B%E8%80%98+Scientech+%E4%BC%B0%E5%80%BC%E3%80%81%E6%9C%AC%E7%9B%8A%E6%AF%94%E8%88%87%E8%B3%87%E9%87%91%E8%BC%AA%E5%8B%95+%E5%8F%B0%E8%82%A1+AI+%E7%A7%91%E6%8A%80%E8%82%A1+%E8%B5%B0%E5%8B%A2+%E6%96%B0%E8%81%9E+%E6%B3%95%E4%BA%BA+2024+2025+2026&setlang=zh-tw&FORM=HDRSC6,direct fine-grained sample,public news-search index,1948
TW AI Technology Stock Trend-AI Semiconductor And Advanced Packaging,zh,#T#[TW AI Technology Stock Trend-AI Semiconductor And Advanced Packaging]/zh_097.txt,公開新聞索引：家登 Gudeng｜估值、本益比與資金輪動｜AI半導體、晶片設計與先進封裝股,bing.com,公開新聞搜尋索引,2024–2026 候選結果,2026-07-23,https://www.bing.com/news/search?q=%E5%AE%B6%E7%99%BB+Gudeng+%E4%BC%B0%E5%80%BC%E3%80%81%E6%9C%AC%E7%9B%8A%E6%AF%94%E8%88%87%E8%B3%87%E9%87%91%E8%BC%AA%E5%8B%95+%E5%8F%B0%E8%82%A1+AI+%E7%A7%91%E6%8A%80%E8%82%A1+%E8%B5%B0%E5%8B%A2+%E6%96%B0%E8%81%9E+%E6%B3%95%E4%BA%BA+2024+2025+2026&setlang=zh-tw&FORM=HDRSC6,direct fine-grained sample,public news-search index,1939
TW AI Technology Stock Trend-AI Semiconductor And Advanced Packaging,zh,#T#[TW AI Technology Stock Trend-AI Semiconductor And Advanced Packaging]/zh_098.txt,公開新聞索引：中砂 Kinik｜估值、本益比與資金輪動｜AI半導體、晶片設計與先進封裝股,bing.com,公開新聞搜尋索引,2024–2026 候選結果,2026-07-23,https://www.bing.com/news/search?q=%E4%B8%AD%E7%A0%82+Kinik+%E4%BC%B0%E5%80%BC%E3%80%81%E6%9C%AC%E7%9B%8A%E6%AF%94%E8%88%87%E8%B3%87%E9%87%91%E8%BC%AA%E5%8B%95+%E5%8F%B0%E8%82%A1+AI+%E7%A7%91%E6%8A%80%E8%82%A1+%E8%B5%B0%E5%8B%A2+%E6%96%B0%E8%81%9E+%E6%B3%95%E4%BA%BA+2024+2025+2026&setlang=zh-tw&FORM=HDRSC6,direct fine-grained sample,public news-search index,1932
TW AI Technology Stock Trend-AI Semiconductor And Advanced Packaging,zh,#T#[TW AI Technology Stock Trend-AI Semiconductor And Advanced Packaging]/zh_099.txt,公開新聞索引：均豪 Gallant Precision Machining｜估值、本益比與資金輪動｜AI半導體、晶片設計與先進封裝股,bing.com,公開新聞搜尋索引,2024–2026 候選結果,2026-07-23,https://www.bing.com/news/search?q=%E5%9D%87%E8%B1%AA+Gallant+Precision+Machining+%E4%BC%B0%E5%80%BC%E3%80%81%E6%9C%AC%E7%9B%8A%E6%AF%94%E8%88%87%E8%B3%87%E9%87%91%E8%BC%AA%E5%8B%95+%E5%8F%B0%E8%82%A1+AI+%E7%A7%91%E6%8A%80%E8%82%A1+%E8%B5%B0%E5%8B%A2+%E6%96%B0%E8%81%9E+%E6%B3%95%E4%BA%BA+2024+2025+2026&setlang=zh-tw&FORM=HDRSC6,direct fine-grained sample,public news-search index,2020
TW AI Technology Stock Trend-AI Semiconductor And Advanced Packaging,zh,#T#[TW AI Technology Stock Trend-AI Semiconductor And Advanced Packaging]/zh_100.txt,公開新聞索引：致茂 Chroma｜估值、本益比與資金輪動｜AI半導體、晶片設計與先進封裝股,bing.com,公開新聞搜尋索引,2024–2026 候選結果,2026-07-23,https://www.bing.com/news/search?q=%E8%87%B4%E8%8C%82+Chroma+%E4%BC%B0%E5%80%BC%E3%80%81%E6%9C%AC%E7%9B%8A%E6%AF%94%E8%88%87%E8%B3%87%E9%87%91%E8%BC%AA%E5%8B%95+%E5%8F%B0%E8%82%A1+AI+%E7%A7%91%E6%8A%80%E8%82%A1+%E8%B5%B0%E5%8B%A2+%E6%96%B0%E8%81%9E+%E6%B3%95%E4%BA%BA+2024+2025+2026&setlang=zh-tw&FORM=HDRSC6,direct fine-grained sample,public news-search index,1934
TW AI Technology Stock Trend-AI Semiconductor And Advanced Packaging,en,#T#[TW AI Technology Stock Trend-AI Semiconductor And Advanced Packaging]/en_001.txt,AI Has Upended Chip Stocks. This Chart Shows How Much.,barrons.com,financial news / market analysis,2026-07-17,2026-07-23,https://www.barrons.com/articles/taiwan-semiconductor-manufacturing-chip-stocks-ai-bb1a044a,direct fine-grained sample,identified public source,4202
TW AI Technology Stock Trend-AI Semiconductor And Advanced Packaging,en,#T#[TW AI Technology Stock Trend-AI Semiconductor And Advanced Packaging]/en_002.txt,Analysis: Taiwan's March supply chain data makes the AI hardware boom measurable,digitimes.com,technology industry analysis,2026-04-11,2026-07-23,https://www.digitimes.com/news/a20260411VL200/taiwan-hardware-revenue-growth-2026.html,direct fine-grained sample,identified public source,4217
TW AI Technology Stock Trend-AI Semiconductor And Advanced Packaging,en,#T#[TW AI Technology Stock Trend-AI Semiconductor And Advanced Packaging]/en_003.txt,Public news index: 日月光投控 ASE Technology | monthly revenue and order visibility | Taiwan AI technology equities,bing.com,public news-search index,candidate results from 2024–2026,2026-07-23,https://www.bing.com/news/search?q=%E6%97%A5%E6%9C%88%E5%85%89%E6%8A%95%E6%8E%A7+ASE+Technology+monthly+revenue+and+order+visibility+Taiwan+AI+technology+stocks+trend+news+analyst+2024+2025+2026&setlang=en-us&FORM=HDRSC6,direct fine-grained sample,public news-search index,4563
TW AI Technology Stock Trend-AI Semiconductor And Advanced Packaging,en,#T#[TW AI Technology Stock Trend-AI Semiconductor And Advanced Packaging]/en_004.txt,Public news index: 創意 Global Unichip | monthly revenue and order visibility | Taiwan AI technology equities,bing.com,public news-search index,candidate results from 2024–2026,2026-07-23,https://www.bing.com/news/search?q=%E5%89%B5%E6%84%8F+Global+Unichip+monthly+revenue+and+order+visibility+Taiwan+AI+technology+stocks+trend+news+analyst+2024+2025+2026&setlang=en-us&FORM=HDRSC6,direct fine-grained sample,public news-search index,4531
TW AI Technology Stock Trend-AI Semiconductor And Advanced Packaging,en,#T#[TW AI Technology Stock Trend-AI Semiconductor And Advanced Packaging]/en_005.txt,Public news index: 世芯-KY Alchip | monthly revenue and order visibility | Taiwan AI technology equities,bing.com,public news-search index,candidate results from 2024–2026,2026-07-23,https://www.bing.com/news/search?q=%E4%B8%96%E8%8A%AF-KY+Alchip+monthly+revenue+and+order+visibility+Taiwan+AI+technology+stocks+trend+news+analyst+2024+2025+2026&setlang=en-us&FORM=HDRSC6,direct fine-grained sample,public news-search index,4532
TW AI Technology Stock Trend-AI Semiconductor And Advanced Packaging,en,#T#[TW AI Technology Stock Trend-AI Semiconductor And Advanced Packaging]/en_006.txt,Public news index: 力旺 eMemory | monthly revenue and order visibility | Taiwan AI technology equities,bing.com,public news-search index,candidate results from 2024–2026,2026-07-23,https://www.bing.com/news/search?q=%E5%8A%9B%E6%97%BA+eMemory+monthly+revenue+and+order+visibility+Taiwan+AI+technology+stocks+trend+news+analyst+2024+2025+2026&setlang=en-us&FORM=HDRSC6,direct fine-grained sample,public news-search index,4518
TW AI Technology Stock Trend-AI Semiconductor And Advanced Packaging,en,#T#[TW AI Technology Stock Trend-AI Semiconductor And Advanced Packaging]/en_007.txt,Public news index: 智原 Faraday | monthly revenue and order visibility | Taiwan AI technology equities,bing.com,public news-search index,candidate results from 2024–2026,2026-07-23,https://www.bing.com/news/search?q=%E6%99%BA%E5%8E%9F+Faraday+monthly+revenue+and+order+visibility+Taiwan+AI+technology+stocks+trend+news+analyst+2024+2025+2026&setlang=en-us&FORM=HDRSC6,direct fine-grained sample,public news-search index,4522
TW AI Technology Stock Trend-AI Semiconductor And Advanced Packaging,en,#T#[TW AI Technology Stock Trend-AI Semiconductor And Advanced Packaging]/en_008.txt,Public news index: M31 | monthly revenue and order visibility | Taiwan AI technology equities,bing.com,public news-search index,candidate results from 2024–2026,2026-07-23,https://www.bing.com/news/search?q=M31+monthly+revenue+and+order+visibility+Taiwan+AI+technology+stocks+trend+news+analyst+2024+2025+2026&setlang=en-us&FORM=HDRSC6,direct fine-grained sample,public news-search index,4473
TW AI Technology Stock Trend-AI Semiconductor And Advanced Packaging,en,#T#[TW AI Technology Stock Trend-AI Semiconductor And Advanced Packaging]/en_009.txt,Public news index: 晶心科 Andes Technology | monthly revenue and order visibility | Taiwan AI technology equities,bing.com,public news-search index,candidate results from 2024–2026,2026-07-23,https://www.bing.com/news/search?q=%E6%99%B6%E5%BF%83%E7%A7%91+Andes+Technology+monthly+revenue+and+order+visibility+Taiwan+AI+technology+stocks+trend+news+analyst+2024+2025+2026&setlang=en-us&FORM=HDRSC6,direct fine-grained sample,public news-search index,4566
TW AI Technology Stock Trend-AI Semiconductor And Advanced Packaging,en,#T#[TW AI Technology Stock Trend-AI Semiconductor And Advanced Packaging]/en_010.txt,Public news index: 京元電子 King Yuan Electronics | monthly revenue and order visibility | Taiwan AI technology equities,bing.com,public news-search index,candidate results from 2024–2026,2026-07-23,https://www.bing.com/news/search?q=%E4%BA%AC%E5%85%83%E9%9B%BB%E5%AD%90+King+Yuan+Electronics+monthly+revenue+and+order+visibility+Taiwan+AI+technology+stocks+trend+news+analyst+2024+2025+2026&setlang=en-us&FORM=HDRSC6,direct fine-grained sample,public news-search index,4585
TW AI Technology Stock Trend-AI Semiconductor And Advanced Packaging,en,#T#[TW AI Technology Stock Trend-AI Semiconductor And Advanced Packaging]/en_011.txt,Public news index: 矽格 Sigurd | monthly revenue and order visibility | Taiwan AI technology equities,bing.com,public news-search index,candidate results from 2024–2026,2026-07-23,https://www.bing.com/news/search?q=%E7%9F%BD%E6%A0%BC+Sigurd+monthly+revenue+and+order+visibility+Taiwan+AI+technology+stocks+trend+news+analyst+2024+2025+2026&setlang=en-us&FORM=HDRSC6,direct fine-grained sample,public news-search index,4508
TW AI Technology Stock Trend-AI Semiconductor And Advanced Packaging,en,#T#[TW AI Technology Stock Trend-AI Semiconductor And Advanced Packaging]/en_012.txt,Public news index: 欣銓 Ardentec | monthly revenue and order visibility | Taiwan AI technology equities,bing.com,public news-search index,candidate results from 2024–2026,2026-07-23,https://www.bing.com/news/search?q=%E6%AC%A3%E9%8A%93+Ardentec+monthly+revenue+and+order+visibility+Taiwan+AI+technology+stocks+trend+news+analyst+2024+2025+2026&setlang=en-us&FORM=HDRSC6,direct fine-grained sample,public news-search index,4498
TW AI Technology Stock Trend-AI Semiconductor And Advanced Packaging,en,#T#[TW AI Technology Stock Trend-AI Semiconductor And Advanced Packaging]/en_013.txt,Public news index: 穎崴 WinWay | monthly revenue and order visibility | Taiwan AI technology equities,bing.com,public news-search index,candidate results from 2024–2026,2026-07-23,https://www.bing.com/news/search?q=%E7%A9%8E%E5%B4%B4+WinWay+monthly+revenue+and+order+visibility+Taiwan+AI+technology+stocks+trend+news+analyst+2024+2025+2026&setlang=en-us&FORM=HDRSC6,direct fine-grained sample,public news-search index,4495
TW AI Technology Stock Trend-AI Semiconductor And Advanced Packaging,en,#T#[TW AI Technology Stock Trend-AI Semiconductor And Advanced Packaging]/en_014.txt,Public news index: 旺矽 MPI | monthly revenue and order visibility | Taiwan AI technology equities,bing.com,public news-search index,candidate results from 2024–2026,2026-07-23,https://www.bing.com/news/search?q=%E6%97%BA%E7%9F%BD+MPI+monthly+revenue+and+order+visibility+Taiwan+AI+technology+stocks+trend+news+analyst+2024+2025+2026&setlang=en-us&FORM=HDRSC6,direct fine-grained sample,public news-search index,4487
TW AI Technology Stock Trend-AI Semiconductor And Advanced Packaging,en,#T#[TW AI Technology Stock Trend-AI Semiconductor And Advanced Packaging]/en_015.txt,Public news index: 弘塑 Grand Process Technology | monthly revenue and order visibility | Taiwan AI technology equities,bing.com,public news-search index,candidate results from 2024–2026,2026-07-23,https://www.bing.com/news/search?q=%E5%BC%98%E5%A1%91+Grand+Process+Technology+monthly+revenue+and+order+visibility+Taiwan+AI+technology+stocks+trend+news+analyst+2024+2025+2026&setlang=en-us&FORM=HDRSC6,direct fine-grained sample,public news-search index,4592
TW AI Technology Stock Trend-AI Semiconductor And Advanced Packaging,en,#T#[TW AI Technology Stock Trend-AI Semiconductor And Advanced Packaging]/en_016.txt,Public news index: 辛耘 Scientech | monthly revenue and order visibility | Taiwan AI technology equities,bing.com,public news-search index,candidate results from 2024–2026,2026-07-23,https://www.bing.com/news/search?q=%E8%BE%9B%E8%80%98+Scientech+monthly+revenue+and+order+visibility+Taiwan+AI+technology+stocks+trend+news+analyst+2024+2025+2026&setlang=en-us&FORM=HDRSC6,direct fine-grained sample,public news-search index,4526
TW AI Technology Stock Trend-AI Semiconductor And Advanced Packaging,en,#T#[TW AI Technology Stock Trend-AI Semiconductor And Advanced Packaging]/en_017.txt,Public news index: 家登 Gudeng | monthly revenue and order visibility | Taiwan AI technology equities,bing.com,public news-search index,candidate results from 2024–2026,2026-07-23,https://www.bing.com/news/search?q=%E5%AE%B6%E7%99%BB+Gudeng+monthly+revenue+and+order+visibility+Taiwan+AI+technology+stocks+trend+news+analyst+2024+2025+2026&setlang=en-us&FORM=HDRSC6,direct fine-grained sample,public news-search index,4518
TW AI Technology Stock Trend-AI Semiconductor And Advanced Packaging,en,#T#[TW AI Technology Stock Trend-AI Semiconductor And Advanced Packaging]/en_018.txt,Public news index: 中砂 Kinik | monthly revenue and order visibility | Taiwan AI technology equities,bing.com,public news-search index,candidate results from 2024–2026,2026-07-23,https://www.bing.com/news/search?q=%E4%B8%AD%E7%A0%82+Kinik+monthly+revenue+and+order+visibility+Taiwan+AI+technology+stocks+trend+news+analyst+2024+2025+2026&setlang=en-us&FORM=HDRSC6,direct fine-grained sample,public news-search index,4509
TW AI Technology Stock Trend-AI Semiconductor And Advanced Packaging,en,#T#[TW AI Technology Stock Trend-AI Semiconductor And Advanced Packaging]/en_019.txt,Public news index: 均豪 Gallant Precision Machining | monthly revenue and order visibility | Taiwan AI technology equities,bing.com,public news-search index,candidate results from 2024–2026,2026-07-23,https://www.bing.com/news/search?q=%E5%9D%87%E8%B1%AA+Gallant+Precision+Machining+monthly+revenue+and+order+visibility+Taiwan+AI+technology+stocks+trend+news+analyst+2024+2025+2026&setlang=en-us&FORM=HDRSC6,direct fine-grained sample,public news-search index,4598
TW AI Technology Stock Trend-AI Semiconductor And Advanced Packaging,en,#T#[TW AI Technology Stock Trend-AI Semiconductor And Advanced Packaging]/en_020.txt,Public news index: 致茂 Chroma | monthly revenue and order visibility | Taiwan AI technology equities,bing.com,public news-search index,candidate results from 2024–2026,2026-07-23,https://www.bing.com/news/search?q=%E8%87%B4%E8%8C%82+Chroma+monthly+revenue+and+order+visibility+Taiwan+AI+technology+stocks+trend+news+analyst+2024+2025+2026&setlang=en-us&FORM=HDRSC6,direct fine-grained sample,public news-search index,4501
TW AI Technology Stock Trend-AI Semiconductor And Advanced Packaging,en,#T#[TW AI Technology Stock Trend-AI Semiconductor And Advanced Packaging]/en_021.txt,Public news index: 台積電 TSMC | earnings guidance and EPS revisions | Taiwan AI technology equities,bing.com,public news-search index,candidate results from 2024–2026,2026-07-23,https://www.bing.com/news/search?q=%E5%8F%B0%E7%A9%8D%E9%9B%BB+TSMC+earnings+guidance+and+EPS+revisions+Taiwan+AI+technology+stocks+trend+news+analyst+2024+2025+2026&setlang=en-us&FORM=HDRSC6,direct fine-grained sample,public news-search index,4508
TW AI Technology Stock Trend-AI Semiconductor And Advanced Packaging,en,#T#[TW AI Technology Stock Trend-AI Semiconductor And Advanced Packaging]/en_022.txt,Public news index: 聯發科 MediaTek | earnings guidance and EPS revisions | Taiwan AI technology equities,bing.com,public news-search index,candidate results from 2024–2026,2026-07-23,https://www.bing.com/news/search?q=%E8%81%AF%E7%99%BC%E7%A7%91+MediaTek+earnings+guidance+and+EPS+revisions+Taiwan+AI+technology+stocks+trend+news+analyst+2024+2025+2026&setlang=en-us&FORM=HDRSC6,direct fine-grained sample,public news-search index,4506
TW AI Technology Stock Trend-AI Semiconductor And Advanced Packaging,en,#T#[TW AI Technology Stock Trend-AI Semiconductor And Advanced Packaging]/en_023.txt,Public news index: 日月光投控 ASE Technology | earnings guidance and EPS revisions | Taiwan AI technology equities,bing.com,public news-search index,candidate results from 2024–2026,2026-07-23,https://www.bing.com/news/search?q=%E6%97%A5%E6%9C%88%E5%85%89%E6%8A%95%E6%8E%A7+ASE+Technology+earnings+guidance+and+EPS+revisions+Taiwan+AI+technology+stocks+trend+news+analyst+2024+2025+2026&setlang=en-us&FORM=HDRSC6,direct fine-grained sample,public news-search index,4559
TW AI Technology Stock Trend-AI Semiconductor And Advanced Packaging,en,#T#[TW AI Technology Stock Trend-AI Semiconductor And Advanced Packaging]/en_024.txt,Public news index: 創意 Global Unichip | earnings guidance and EPS revisions | Taiwan AI technology equities,bing.com,public news-search index,candidate results from 2024–2026,2026-07-23,https://www.bing.com/news/search?q=%E5%89%B5%E6%84%8F+Global+Unichip+earnings+guidance+and+EPS+revisions+Taiwan+AI+technology+stocks+trend+news+analyst+2024+2025+2026&setlang=en-us&FORM=HDRSC6,direct fine-grained sample,public news-search index,4527
TW AI Technology Stock Trend-AI Semiconductor And Advanced Packaging,en,#T#[TW AI Technology Stock Trend-AI Semiconductor And Advanced Packaging]/en_025.txt,Public news index: 世芯-KY Alchip | earnings guidance and EPS revisions | Taiwan AI technology equities,bing.com,public news-search index,candidate results from 2024–2026,2026-07-23,https://www.bing.com/news/search?q=%E4%B8%96%E8%8A%AF-KY+Alchip+earnings+guidance+and+EPS+revisions+Taiwan+AI+technology+stocks+trend+news+analyst+2024+2025+2026&setlang=en-us&FORM=HDRSC6,direct fine-grained sample,public news-search index,4528
TW AI Technology Stock Trend-AI Semiconductor And Advanced Packaging,en,#T#[TW AI Technology Stock Trend-AI Semiconductor And Advanced Packaging]/en_026.txt,Public news index: 力旺 eMemory | earnings guidance and EPS revisions | Taiwan AI technology equities,bing.com,public news-search index,candidate results from 2024–2026,2026-07-23,https://www.bing.com/news/search?q=%E5%8A%9B%E6%97%BA+eMemory+earnings+guidance+and+EPS+revisions+Taiwan+AI+technology+stocks+trend+news+analyst+2024+2025+2026&setlang=en-us&FORM=HDRSC6,direct fine-grained sample,public news-search index,4514
TW AI Technology Stock Trend-AI Semiconductor And Advanced Packaging,en,#T#[TW AI Technology Stock Trend-AI Semiconductor And Advanced Packaging]/en_027.txt,Public news index: 智原 Faraday | earnings guidance and EPS revisions | Taiwan AI technology equities,bing.com,public news-search index,candidate results from 2024–2026,2026-07-23,https://www.bing.com/news/search?q=%E6%99%BA%E5%8E%9F+Faraday+earnings+guidance+and+EPS+revisions+Taiwan+AI+technology+stocks+trend+news+analyst+2024+2025+2026&setlang=en-us&FORM=HDRSC6,direct fine-grained sample,public news-search index,4518
TW AI Technology Stock Trend-AI Semiconductor And Advanced Packaging,en,#T#[TW AI Technology Stock Trend-AI Semiconductor And Advanced Packaging]/en_028.txt,Public news index: M31 | earnings guidance and EPS revisions | Taiwan AI technology equities,bing.com,public news-search index,candidate results from 2024–2026,2026-07-23,https://www.bing.com/news/search?q=M31+earnings+guidance+and+EPS+revisions+Taiwan+AI+technology+stocks+trend+news+analyst+2024+2025+2026&setlang=en-us&FORM=HDRSC6,direct fine-grained sample,public news-search index,4469
TW AI Technology Stock Trend-AI Semiconductor And Advanced Packaging,en,#T#[TW AI Technology Stock Trend-AI Semiconductor And Advanced Packaging]/en_029.txt,Public news index: 晶心科 Andes Technology | earnings guidance and EPS revisions | Taiwan AI technology equities,bing.com,public news-search index,candidate results from 2024–2026,2026-07-23,https://www.bing.com/news/search?q=%E6%99%B6%E5%BF%83%E7%A7%91+Andes+Technology+earnings+guidance+and+EPS+revisions+Taiwan+AI+technology+stocks+trend+news+analyst+2024+2025+2026&setlang=en-us&FORM=HDRSC6,direct fine-grained sample,public news-search index,4562
TW AI Technology Stock Trend-AI Semiconductor And Advanced Packaging,en,#T#[TW AI Technology Stock Trend-AI Semiconductor And Advanced Packaging]/en_030.txt,Public news index: 京元電子 King Yuan Electronics | earnings guidance and EPS revisions | Taiwan AI technology equities,bing.com,public news-search index,candidate results from 2024–2026,2026-07-23,https://www.bing.com/news/search?q=%E4%BA%AC%E5%85%83%E9%9B%BB%E5%AD%90+King+Yuan+Electronics+earnings+guidance+and+EPS+revisions+Taiwan+AI+technology+stocks+trend+news+analyst+2024+2025+2026&setlang=en-us&FORM=HDRSC6,direct fine-grained sample,public news-search index,4581
TW AI Technology Stock Trend-AI Semiconductor And Advanced Packaging,en,#T#[TW AI Technology Stock Trend-AI Semiconductor And Advanced Packaging]/en_031.txt,Public news index: 矽格 Sigurd | earnings guidance and EPS revisions | Taiwan AI technology equities,bing.com,public news-search index,candidate results from 2024–2026,2026-07-23,https://www.bing.com/news/search?q=%E7%9F%BD%E6%A0%BC+Sigurd+earnings+guidance+and+EPS+revisions+Taiwan+AI+technology+stocks+trend+news+analyst+2024+2025+2026&setlang=en-us&FORM=HDRSC6,direct fine-grained sample,public news-search index,4504
TW AI Technology Stock Trend-AI Semiconductor And Advanced Packaging,en,#T#[TW AI Technology Stock Trend-AI Semiconductor And Advanced Packaging]/en_032.txt,Public news index: 欣銓 Ardentec | earnings guidance and EPS revisions | Taiwan AI technology equities,bing.com,public news-search index,candidate results from 2024–2026,2026-07-23,https://www.bing.com/news/search?q=%E6%AC%A3%E9%8A%93+Ardentec+earnings+guidance+and+EPS+revisions+Taiwan+AI+technology+stocks+trend+news+analyst+2024+2025+2026&setlang=en-us&FORM=HDRSC6,direct fine-grained sample,public news-search index,4494
TW AI Technology Stock Trend-AI Semiconductor And Advanced Packaging,en,#T#[TW AI Technology Stock Trend-AI Semiconductor And Advanced Packaging]/en_033.txt,Public news index: 穎崴 WinWay | earnings guidance and EPS revisions | Taiwan AI technology equities,bing.com,public news-search index,candidate results from 2024–2026,2026-07-23,https://www.bing.com/news/search?q=%E7%A9%8E%E5%B4%B4+WinWay+earnings+guidance+and+EPS+revisions+Taiwan+AI+technology+stocks+trend+news+analyst+2024+2025+2026&setlang=en-us&FORM=HDRSC6,direct fine-grained sample,public news-search index,4491
TW AI Technology Stock Trend-AI Semiconductor And Advanced Packaging,en,#T#[TW AI Technology Stock Trend-AI Semiconductor And Advanced Packaging]/en_034.txt,Public news index: 旺矽 MPI | earnings guidance and EPS revisions | Taiwan AI technology equities,bing.com,public news-search index,candidate results from 2024–2026,2026-07-23,https://www.bing.com/news/search?q=%E6%97%BA%E7%9F%BD+MPI+earnings+guidance+and+EPS+revisions+Taiwan+AI+technology+stocks+trend+news+analyst+2024+2025+2026&setlang=en-us&FORM=HDRSC6,direct fine-grained sample,public news-search index,4483
TW AI Technology Stock Trend-AI Semiconductor And Advanced Packaging,en,#T#[TW AI Technology Stock Trend-AI Semiconductor And Advanced Packaging]/en_035.txt,Public news index: 弘塑 Grand Process Technology | earnings guidance and EPS revisions | Taiwan AI technology equities,bing.com,public news-search index,candidate results from 2024–2026,2026-07-23,https://www.bing.com/news/search?q=%E5%BC%98%E5%A1%91+Grand+Process+Technology+earnings+guidance+and+EPS+revisions+Taiwan+AI+technology+stocks+trend+news+analyst+2024+2025+2026&setlang=en-us&FORM=HDRSC6,direct fine-grained sample,public news-search index,4588
TW AI Technology Stock Trend-AI Semiconductor And Advanced Packaging,en,#T#[TW AI Technology Stock Trend-AI Semiconductor And Advanced Packaging]/en_036.txt,Public news index: 辛耘 Scientech | earnings guidance and EPS revisions | Taiwan AI technology equities,bing.com,public news-search index,candidate results from 2024–2026,2026-07-23,https://www.bing.com/news/search?q=%E8%BE%9B%E8%80%98+Scientech+earnings+guidance+and+EPS+revisions+Taiwan+AI+technology+stocks+trend+news+analyst+2024+2025+2026&setlang=en-us&FORM=HDRSC6,direct fine-grained sample,public news-search index,4522
TW AI Technology Stock Trend-AI Semiconductor And Advanced Packaging,en,#T#[TW AI Technology Stock Trend-AI Semiconductor And Advanced Packaging]/en_037.txt,Public news index: 家登 Gudeng | earnings guidance and EPS revisions | Taiwan AI technology equities,bing.com,public news-search index,candidate results from 2024–2026,2026-07-23,https://www.bing.com/news/search?q=%E5%AE%B6%E7%99%BB+Gudeng+earnings+guidance+and+EPS+revisions+Taiwan+AI+technology+stocks+trend+news+analyst+2024+2025+2026&setlang=en-us&FORM=HDRSC6,direct fine-grained sample,public news-search index,4514
TW AI Technology Stock Trend-AI Semiconductor And Advanced Packaging,en,#T#[TW AI Technology Stock Trend-AI Semiconductor And Advanced Packaging]/en_038.txt,Public news index: 中砂 Kinik | earnings guidance and EPS revisions | Taiwan AI technology equities,bing.com,public news-search index,candidate results from 2024–2026,2026-07-23,https://www.bing.com/news/search?q=%E4%B8%AD%E7%A0%82+Kinik+earnings+guidance+and+EPS+revisions+Taiwan+AI+technology+stocks+trend+news+analyst+2024+2025+2026&setlang=en-us&FORM=HDRSC6,direct fine-grained sample,public news-search index,4505
TW AI Technology Stock Trend-AI Semiconductor And Advanced Packaging,en,#T#[TW AI Technology Stock Trend-AI Semiconductor And Advanced Packaging]/en_039.txt,Public news index: 均豪 Gallant Precision Machining | earnings guidance and EPS revisions | Taiwan AI technology equities,bing.com,public news-search index,candidate results from 2024–2026,2026-07-23,https://www.bing.com/news/search?q=%E5%9D%87%E8%B1%AA+Gallant+Precision+Machining+earnings+guidance+and+EPS+revisions+Taiwan+AI+technology+stocks+trend+news+analyst+2024+2025+2026&setlang=en-us&FORM=HDRSC6,direct fine-grained sample,public news-search index,4594
TW AI Technology Stock Trend-AI Semiconductor And Advanced Packaging,en,#T#[TW AI Technology Stock Trend-AI Semiconductor And Advanced Packaging]/en_040.txt,Public news index: 致茂 Chroma | earnings guidance and EPS revisions | Taiwan AI technology equities,bing.com,public news-search index,candidate results from 2024–2026,2026-07-23,https://www.bing.com/news/search?q=%E8%87%B4%E8%8C%82+Chroma+earnings+guidance+and+EPS+revisions+Taiwan+AI+technology+stocks+trend+news+analyst+2024+2025+2026&setlang=en-us&FORM=HDRSC6,direct fine-grained sample,public news-search index,4497
TW AI Technology Stock Trend-AI Semiconductor And Advanced Packaging,en,#T#[TW AI Technology Stock Trend-AI Semiconductor And Advanced Packaging]/en_041.txt,Public news index: 台積電 TSMC | advanced-node and packaging capacity | Taiwan AI technology equities,bing.com,public news-search index,candidate results from 2024–2026,2026-07-23,https://www.bing.com/news/search?q=%E5%8F%B0%E7%A9%8D%E9%9B%BB+TSMC+advanced-node+and+packaging+capacity+Taiwan+AI+technology+stocks+trend+news+analyst+2024+2025+2026&setlang=en-us&FORM=HDRSC6,direct fine-grained sample,public news-search index,4512
TW AI Technology Stock Trend-AI Semiconductor And Advanced Packaging,en,#T#[TW AI Technology Stock Trend-AI Semiconductor And Advanced Packaging]/en_042.txt,Public news index: 聯發科 MediaTek | advanced-node and packaging capacity | Taiwan AI technology equities,bing.com,public news-search index,candidate results from 2024–2026,2026-07-23,https://www.bing.com/news/search?q=%E8%81%AF%E7%99%BC%E7%A7%91+MediaTek+advanced-node+and+packaging+capacity+Taiwan+AI+technology+stocks+trend+news+analyst+2024+2025+2026&setlang=en-us&FORM=HDRSC6,direct fine-grained sample,public news-search index,4510
TW AI Technology Stock Trend-AI Semiconductor And Advanced Packaging,en,#T#[TW AI Technology Stock Trend-AI Semiconductor And Advanced Packaging]/en_043.txt,Public news index: 日月光投控 ASE Technology | advanced-node and packaging capacity | Taiwan AI technology equities,bing.com,public news-search index,candidate results from 2024–2026,2026-07-23,https://www.bing.com/news/search?q=%E6%97%A5%E6%9C%88%E5%85%89%E6%8A%95%E6%8E%A7+ASE+Technology+advanced-node+and+packaging+capacity+Taiwan+AI+technology+stocks+trend+news+analyst+2024+2025+2026&setlang=en-us&FORM=HDRSC6,direct fine-grained sample,public news-search index,4563
TW AI Technology Stock Trend-AI Semiconductor And Advanced Packaging,en,#T#[TW AI Technology Stock Trend-AI Semiconductor And Advanced Packaging]/en_044.txt,Public news index: 創意 Global Unichip | advanced-node and packaging capacity | Taiwan AI technology equities,bing.com,public news-search index,candidate results from 2024–2026,2026-07-23,https://www.bing.com/news/search?q=%E5%89%B5%E6%84%8F+Global+Unichip+advanced-node+and+packaging+capacity+Taiwan+AI+technology+stocks+trend+news+analyst+2024+2025+2026&setlang=en-us&FORM=HDRSC6,direct fine-grained sample,public news-search index,4531
TW AI Technology Stock Trend-AI Semiconductor And Advanced Packaging,en,#T#[TW AI Technology Stock Trend-AI Semiconductor And Advanced Packaging]/en_045.txt,Public news index: 世芯-KY Alchip | advanced-node and packaging capacity | Taiwan AI technology equities,bing.com,public news-search index,candidate results from 2024–2026,2026-07-23,https://www.bing.com/news/search?q=%E4%B8%96%E8%8A%AF-KY+Alchip+advanced-node+and+packaging+capacity+Taiwan+AI+technology+stocks+trend+news+analyst+2024+2025+2026&setlang=en-us&FORM=HDRSC6,direct fine-grained sample,public news-search index,4532
TW AI Technology Stock Trend-AI Semiconductor And Advanced Packaging,en,#T#[TW AI Technology Stock Trend-AI Semiconductor And Advanced Packaging]/en_046.txt,Public news index: 力旺 eMemory | advanced-node and packaging capacity | Taiwan AI technology equities,bing.com,public news-search index,candidate results from 2024–2026,2026-07-23,https://www.bing.com/news/search?q=%E5%8A%9B%E6%97%BA+eMemory+advanced-node+and+packaging+capacity+Taiwan+AI+technology+stocks+trend+news+analyst+2024+2025+2026&setlang=en-us&FORM=HDRSC6,direct fine-grained sample,public news-search index,4518
TW AI Technology Stock Trend-AI Semiconductor And Advanced Packaging,en,#T#[TW AI Technology Stock Trend-AI Semiconductor And Advanced Packaging]/en_047.txt,Public news index: 智原 Faraday | advanced-node and packaging capacity | Taiwan AI technology equities,bing.com,public news-search index,candidate results from 2024–2026,2026-07-23,https://www.bing.com/news/search?q=%E6%99%BA%E5%8E%9F+Faraday+advanced-node+and+packaging+capacity+Taiwan+AI+technology+stocks+trend+news+analyst+2024+2025+2026&setlang=en-us&FORM=HDRSC6,direct fine-grained sample,public news-search index,4522
TW AI Technology Stock Trend-AI Semiconductor And Advanced Packaging,en,#T#[TW AI Technology Stock Trend-AI Semiconductor And Advanced Packaging]/en_048.txt,Public news index: M31 | advanced-node and packaging capacity | Taiwan AI technology equities,bing.com,public news-search index,candidate results from 2024–2026,2026-07-23,https://www.bing.com/news/search?q=M31+advanced-node+and+packaging+capacity+Taiwan+AI+technology+stocks+trend+news+analyst+2024+2025+2026&setlang=en-us&FORM=HDRSC6,direct fine-grained sample,public news-search index,4473
TW AI Technology Stock Trend-AI Semiconductor And Advanced Packaging,en,#T#[TW AI Technology Stock Trend-AI Semiconductor And Advanced Packaging]/en_049.txt,Public news index: 晶心科 Andes Technology | advanced-node and packaging capacity | Taiwan AI technology equities,bing.com,public news-search index,candidate results from 2024–2026,2026-07-23,https://www.bing.com/news/search?q=%E6%99%B6%E5%BF%83%E7%A7%91+Andes+Technology+advanced-node+and+packaging+capacity+Taiwan+AI+technology+stocks+trend+news+analyst+2024+2025+2026&setlang=en-us&FORM=HDRSC6,direct fine-grained sample,public news-search index,4566
TW AI Technology Stock Trend-AI Semiconductor And Advanced Packaging,en,#T#[TW AI Technology Stock Trend-AI Semiconductor And Advanced Packaging]/en_050.txt,Public news index: 京元電子 King Yuan Electronics | advanced-node and packaging capacity | Taiwan AI technology equities,bing.com,public news-search index,candidate results from 2024–2026,2026-07-23,https://www.bing.com/news/search?q=%E4%BA%AC%E5%85%83%E9%9B%BB%E5%AD%90+King+Yuan+Electronics+advanced-node+and+packaging+capacity+Taiwan+AI+technology+stocks+trend+news+analyst+2024+2025+2026&setlang=en-us&FORM=HDRSC6,direct fine-grained sample,public news-search index,4585
TW AI Technology Stock Trend-AI Semiconductor And Advanced Packaging,en,#T#[TW AI Technology Stock Trend-AI Semiconductor And Advanced Packaging]/en_051.txt,Public news index: 矽格 Sigurd | advanced-node and packaging capacity | Taiwan AI technology equities,bing.com,public news-search index,candidate results from 2024–2026,2026-07-23,https://www.bing.com/news/search?q=%E7%9F%BD%E6%A0%BC+Sigurd+advanced-node+and+packaging+capacity+Taiwan+AI+technology+stocks+trend+news+analyst+2024+2025+2026&setlang=en-us&FORM=HDRSC6,direct fine-grained sample,public news-search index,4508
TW AI Technology Stock Trend-AI Semiconductor And Advanced Packaging,en,#T#[TW AI Technology Stock Trend-AI Semiconductor And Advanced Packaging]/en_052.txt,Public news index: 欣銓 Ardentec | advanced-node and packaging capacity | Taiwan AI technology equities,bing.com,public news-search index,candidate results from 2024–2026,2026-07-23,https://www.bing.com/news/search?q=%E6%AC%A3%E9%8A%93+Ardentec+advanced-node+and+packaging+capacity+Taiwan+AI+technology+stocks+trend+news+analyst+2024+2025+2026&setlang=en-us&FORM=HDRSC6,direct fine-grained sample,public news-search index,4498
TW AI Technology Stock Trend-AI Semiconductor And Advanced Packaging,en,#T#[TW AI Technology Stock Trend-AI Semiconductor And Advanced Packaging]/en_053.txt,Public news index: 穎崴 WinWay | advanced-node and packaging capacity | Taiwan AI technology equities,bing.com,public news-search index,candidate results from 2024–2026,2026-07-23,https://www.bing.com/news/search?q=%E7%A9%8E%E5%B4%B4+WinWay+advanced-node+and+packaging+capacity+Taiwan+AI+technology+stocks+trend+news+analyst+2024+2025+2026&setlang=en-us&FORM=HDRSC6,direct fine-grained sample,public news-search index,4495
TW AI Technology Stock Trend-AI Semiconductor And Advanced Packaging,en,#T#[TW AI Technology Stock Trend-AI Semiconductor And Advanced Packaging]/en_054.txt,Public news index: 旺矽 MPI | advanced-node and packaging capacity | Taiwan AI technology equities,bing.com,public news-search index,candidate results from 2024–2026,2026-07-23,https://www.bing.com/news/search?q=%E6%97%BA%E7%9F%BD+MPI+advanced-node+and+packaging+capacity+Taiwan+AI+technology+stocks+trend+news+analyst+2024+2025+2026&setlang=en-us&FORM=HDRSC6,direct fine-grained sample,public news-search index,4487
TW AI Technology Stock Trend-AI Semiconductor And Advanced Packaging,en,#T#[TW AI Technology Stock Trend-AI Semiconductor And Advanced Packaging]/en_055.txt,Public news index: 弘塑 Grand Process Technology | advanced-node and packaging capacity | Taiwan AI technology equities,bing.com,public news-search index,candidate results from 2024–2026,2026-07-23,https://www.bing.com/news/search?q=%E5%BC%98%E5%A1%91+Grand+Process+Technology+advanced-node+and+packaging+capacity+Taiwan+AI+technology+stocks+trend+news+analyst+2024+2025+2026&setlang=en-us&FORM=HDRSC6,direct fine-grained sample,public news-search index,4592
TW AI Technology Stock Trend-AI Semiconductor And Advanced Packaging,en,#T#[TW AI Technology Stock Trend-AI Semiconductor And Advanced Packaging]/en_056.txt,Public news index: 辛耘 Scientech | advanced-node and packaging capacity | Taiwan AI technology equities,bing.com,public news-search index,candidate results from 2024–2026,2026-07-23,https://www.bing.com/news/search?q=%E8%BE%9B%E8%80%98+Scientech+advanced-node+and+packaging+capacity+Taiwan+AI+technology+stocks+trend+news+analyst+2024+2025+2026&setlang=en-us&FORM=HDRSC6,direct fine-grained sample,public news-search index,4526
TW AI Technology Stock Trend-AI Semiconductor And Advanced Packaging,en,#T#[TW AI Technology Stock Trend-AI Semiconductor And Advanced Packaging]/en_057.txt,Public news index: 家登 Gudeng | advanced-node and packaging capacity | Taiwan AI technology equities,bing.com,public news-search index,candidate results from 2024–2026,2026-07-23,https://www.bing.com/news/search?q=%E5%AE%B6%E7%99%BB+Gudeng+advanced-node+and+packaging+capacity+Taiwan+AI+technology+stocks+trend+news+analyst+2024+2025+2026&setlang=en-us&FORM=HDRSC6,direct fine-grained sample,public news-search index,4518
TW AI Technology Stock Trend-AI Semiconductor And Advanced Packaging,en,#T#[TW AI Technology Stock Trend-AI Semiconductor And Advanced Packaging]/en_058.txt,Public news index: 中砂 Kinik | advanced-node and packaging capacity | Taiwan AI technology equities,bing.com,public news-search index,candidate results from 2024–2026,2026-07-23,https://www.bing.com/news/search?q=%E4%B8%AD%E7%A0%82+Kinik+advanced-node+and+packaging+capacity+Taiwan+AI+technology+stocks+trend+news+analyst+2024+2025+2026&setlang=en-us&FORM=HDRSC6,direct fine-grained sample,public news-search index,4509
TW AI Technology Stock Trend-AI Semiconductor And Advanced Packaging,en,#T#[TW AI Technology Stock Trend-AI Semiconductor And Advanced Packaging]/en_059.txt,Public news index: 均豪 Gallant Precision Machining | advanced-node and packaging capacity | Taiwan AI technology equities,bing.com,public news-search index,candidate results from 2024–2026,2026-07-23,https://www.bing.com/news/search?q=%E5%9D%87%E8%B1%AA+Gallant+Precision+Machining+advanced-node+and+packaging+capacity+Taiwan+AI+technology+stocks+trend+news+analyst+2024+2025+2026&setlang=en-us&FORM=HDRSC6,direct fine-grained sample,public news-search index,4598
TW AI Technology Stock Trend-AI Semiconductor And Advanced Packaging,en,#T#[TW AI Technology Stock Trend-AI Semiconductor And Advanced Packaging]/en_060.txt,Public news index: 致茂 Chroma | advanced-node and packaging capacity | Taiwan AI technology equities,bing.com,public news-search index,candidate results from 2024–2026,2026-07-23,https://www.bing.com/news/search?q=%E8%87%B4%E8%8C%82+Chroma+advanced-node+and+packaging+capacity+Taiwan+AI+technology+stocks+trend+news+analyst+2024+2025+2026&setlang=en-us&FORM=HDRSC6,direct fine-grained sample,public news-search index,4501
TW AI Technology Stock Trend-AI Semiconductor And Advanced Packaging,en,#T#[TW AI Technology Stock Trend-AI Semiconductor And Advanced Packaging]/en_061.txt,Public news index: 台積電 TSMC | broker ratings and target prices | Taiwan AI technology equities,bing.com,public news-search index,candidate results from 2024–2026,2026-07-23,https://www.bing.com/news/search?q=%E5%8F%B0%E7%A9%8D%E9%9B%BB+TSMC+broker+ratings+and+target+prices+Taiwan+AI+technology+stocks+trend+news+analyst+2024+2025+2026&setlang=en-us&FORM=HDRSC6,direct fine-grained sample,public news-search index,4496
TW AI Technology Stock Trend-AI Semiconductor And Advanced Packaging,en,#T#[TW AI Technology Stock Trend-AI Semiconductor And Advanced Packaging]/en_062.txt,Public news index: 聯發科 MediaTek | broker ratings and target prices | Taiwan AI technology equities,bing.com,public news-search index,candidate results from 2024–2026,2026-07-23,https://www.bing.com/news/search?q=%E8%81%AF%E7%99%BC%E7%A7%91+MediaTek+broker+ratings+and+target+prices+Taiwan+AI+technology+stocks+trend+news+analyst+2024+2025+2026&setlang=en-us&FORM=HDRSC6,direct fine-grained sample,public news-search index,4494
TW AI Technology Stock Trend-AI Semiconductor And Advanced Packaging,en,#T#[TW AI Technology Stock Trend-AI Semiconductor And Advanced Packaging]/en_063.txt,Public news index: 日月光投控 ASE Technology | broker ratings and target prices | Taiwan AI technology equities,bing.com,public news-search index,candidate results from 2024–2026,2026-07-23,https://www.bing.com/news/search?q=%E6%97%A5%E6%9C%88%E5%85%89%E6%8A%95%E6%8E%A7+ASE+Technology+broker+ratings+and+target+prices+Taiwan+AI+technology+stocks+trend+news+analyst+2024+2025+2026&setlang=en-us&FORM=HDRSC6,direct fine-grained sample,public news-search index,4547
TW AI Technology Stock Trend-AI Semiconductor And Advanced Packaging,en,#T#[TW AI Technology Stock Trend-AI Semiconductor And Advanced Packaging]/en_064.txt,Public news index: 創意 Global Unichip | broker ratings and target prices | Taiwan AI technology equities,bing.com,public news-search index,candidate results from 2024–2026,2026-07-23,https://www.bing.com/news/search?q=%E5%89%B5%E6%84%8F+Global+Unichip+broker+ratings+and+target+prices+Taiwan+AI+technology+stocks+trend+news+analyst+2024+2025+2026&setlang=en-us&FORM=HDRSC6,direct fine-grained sample,public news-search index,4515
TW AI Technology Stock Trend-AI Semiconductor And Advanced Packaging,en,#T#[TW AI Technology Stock Trend-AI Semiconductor And Advanced Packaging]/en_065.txt,Public news index: 世芯-KY Alchip | broker ratings and target prices | Taiwan AI technology equities,bing.com,public news-search index,candidate results from 2024–2026,2026-07-23,https://www.bing.com/news/search?q=%E4%B8%96%E8%8A%AF-KY+Alchip+broker+ratings+and+target+prices+Taiwan+AI+technology+stocks+trend+news+analyst+2024+2025+2026&setlang=en-us&FORM=HDRSC6,direct fine-grained sample,public news-search index,4516
TW AI Technology Stock Trend-AI Semiconductor And Advanced Packaging,en,#T#[TW AI Technology Stock Trend-AI Semiconductor And Advanced Packaging]/en_066.txt,Public news index: 力旺 eMemory | broker ratings and target prices | Taiwan AI technology equities,bing.com,public news-search index,candidate results from 2024–2026,2026-07-23,https://www.bing.com/news/search?q=%E5%8A%9B%E6%97%BA+eMemory+broker+ratings+and+target+prices+Taiwan+AI+technology+stocks+trend+news+analyst+2024+2025+2026&setlang=en-us&FORM=HDRSC6,direct fine-grained sample,public news-search index,4502
TW AI Technology Stock Trend-AI Semiconductor And Advanced Packaging,en,#T#[TW AI Technology Stock Trend-AI Semiconductor And Advanced Packaging]/en_067.txt,Public news index: 智原 Faraday | broker ratings and target prices | Taiwan AI technology equities,bing.com,public news-search index,candidate results from 2024–2026,2026-07-23,https://www.bing.com/news/search?q=%E6%99%BA%E5%8E%9F+Faraday+broker+ratings+and+target+prices+Taiwan+AI+technology+stocks+trend+news+analyst+2024+2025+2026&setlang=en-us&FORM=HDRSC6,direct fine-grained sample,public news-search index,4506
TW AI Technology Stock Trend-AI Semiconductor And Advanced Packaging,en,#T#[TW AI Technology Stock Trend-AI Semiconductor And Advanced Packaging]/en_068.txt,Public news index: M31 | broker ratings and target prices | Taiwan AI technology equities,bing.com,public news-search index,candidate results from 2024–2026,2026-07-23,https://www.bing.com/news/search?q=M31+broker+ratings+and+target+prices+Taiwan+AI+technology+stocks+trend+news+analyst+2024+2025+2026&setlang=en-us&FORM=HDRSC6,direct fine-grained sample,public news-search index,4457
TW AI Technology Stock Trend-AI Semiconductor And Advanced Packaging,en,#T#[TW AI Technology Stock Trend-AI Semiconductor And Advanced Packaging]/en_069.txt,Public news index: 晶心科 Andes Technology | broker ratings and target prices | Taiwan AI technology equities,bing.com,public news-search index,candidate results from 2024–2026,2026-07-23,https://www.bing.com/news/search?q=%E6%99%B6%E5%BF%83%E7%A7%91+Andes+Technology+broker+ratings+and+target+prices+Taiwan+AI+technology+stocks+trend+news+analyst+2024+2025+2026&setlang=en-us&FORM=HDRSC6,direct fine-grained sample,public news-search index,4550
TW AI Technology Stock Trend-AI Semiconductor And Advanced Packaging,en,#T#[TW AI Technology Stock Trend-AI Semiconductor And Advanced Packaging]/en_070.txt,Public news index: 京元電子 King Yuan Electronics | broker ratings and target prices | Taiwan AI technology equities,bing.com,public news-search index,candidate results from 2024–2026,2026-07-23,https://www.bing.com/news/search?q=%E4%BA%AC%E5%85%83%E9%9B%BB%E5%AD%90+King+Yuan+Electronics+broker+ratings+and+target+prices+Taiwan+AI+technology+stocks+trend+news+analyst+2024+2025+2026&setlang=en-us&FORM=HDRSC6,direct fine-grained sample,public news-search index,4569
TW AI Technology Stock Trend-AI Semiconductor And Advanced Packaging,en,#T#[TW AI Technology Stock Trend-AI Semiconductor And Advanced Packaging]/en_071.txt,Public news index: 矽格 Sigurd | broker ratings and target prices | Taiwan AI technology equities,bing.com,public news-search index,candidate results from 2024–2026,2026-07-23,https://www.bing.com/news/search?q=%E7%9F%BD%E6%A0%BC+Sigurd+broker+ratings+and+target+prices+Taiwan+AI+technology+stocks+trend+news+analyst+2024+2025+2026&setlang=en-us&FORM=HDRSC6,direct fine-grained sample,public news-search index,4492
TW AI Technology Stock Trend-AI Semiconductor And Advanced Packaging,en,#T#[TW AI Technology Stock Trend-AI Semiconductor And Advanced Packaging]/en_072.txt,Public news index: 欣銓 Ardentec | broker ratings and target prices | Taiwan AI technology equities,bing.com,public news-search index,candidate results from 2024–2026,2026-07-23,https://www.bing.com/news/search?q=%E6%AC%A3%E9%8A%93+Ardentec+broker+ratings+and+target+prices+Taiwan+AI+technology+stocks+trend+news+analyst+2024+2025+2026&setlang=en-us&FORM=HDRSC6,direct fine-grained sample,public news-search index,4482
TW AI Technology Stock Trend-AI Semiconductor And Advanced Packaging,en,#T#[TW AI Technology Stock Trend-AI Semiconductor And Advanced Packaging]/en_073.txt,Public news index: 穎崴 WinWay | broker ratings and target prices | Taiwan AI technology equities,bing.com,public news-search index,candidate results from 2024–2026,2026-07-23,https://www.bing.com/news/search?q=%E7%A9%8E%E5%B4%B4+WinWay+broker+ratings+and+target+prices+Taiwan+AI+technology+stocks+trend+news+analyst+2024+2025+2026&setlang=en-us&FORM=HDRSC6,direct fine-grained sample,public news-search index,4479
TW AI Technology Stock Trend-AI Semiconductor And Advanced Packaging,en,#T#[TW AI Technology Stock Trend-AI Semiconductor And Advanced Packaging]/en_074.txt,Public news index: 旺矽 MPI | broker ratings and target prices | Taiwan AI technology equities,bing.com,public news-search index,candidate results from 2024–2026,2026-07-23,https://www.bing.com/news/search?q=%E6%97%BA%E7%9F%BD+MPI+broker+ratings+and+target+prices+Taiwan+AI+technology+stocks+trend+news+analyst+2024+2025+2026&setlang=en-us&FORM=HDRSC6,direct fine-grained sample,public news-search index,4471
TW AI Technology Stock Trend-AI Semiconductor And Advanced Packaging,en,#T#[TW AI Technology Stock Trend-AI Semiconductor And Advanced Packaging]/en_075.txt,Public news index: 弘塑 Grand Process Technology | broker ratings and target prices | Taiwan AI technology equities,bing.com,public news-search index,candidate results from 2024–2026,2026-07-23,https://www.bing.com/news/search?q=%E5%BC%98%E5%A1%91+Grand+Process+Technology+broker+ratings+and+target+prices+Taiwan+AI+technology+stocks+trend+news+analyst+2024+2025+2026&setlang=en-us&FORM=HDRSC6,direct fine-grained sample,public news-search index,4576
TW AI Technology Stock Trend-AI Semiconductor And Advanced Packaging,en,#T#[TW AI Technology Stock Trend-AI Semiconductor And Advanced Packaging]/en_076.txt,Public news index: 辛耘 Scientech | broker ratings and target prices | Taiwan AI technology equities,bing.com,public news-search index,candidate results from 2024–2026,2026-07-23,https://www.bing.com/news/search?q=%E8%BE%9B%E8%80%98+Scientech+broker+ratings+and+target+prices+Taiwan+AI+technology+stocks+trend+news+analyst+2024+2025+2026&setlang=en-us&FORM=HDRSC6,direct fine-grained sample,public news-search index,4510
TW AI Technology Stock Trend-AI Semiconductor And Advanced Packaging,en,#T#[TW AI Technology Stock Trend-AI Semiconductor And Advanced Packaging]/en_077.txt,Public news index: 家登 Gudeng | broker ratings and target prices | Taiwan AI technology equities,bing.com,public news-search index,candidate results from 2024–2026,2026-07-23,https://www.bing.com/news/search?q=%E5%AE%B6%E7%99%BB+Gudeng+broker+ratings+and+target+prices+Taiwan+AI+technology+stocks+trend+news+analyst+2024+2025+2026&setlang=en-us&FORM=HDRSC6,direct fine-grained sample,public news-search index,4502
TW AI Technology Stock Trend-AI Semiconductor And Advanced Packaging,en,#T#[TW AI Technology Stock Trend-AI Semiconductor And Advanced Packaging]/en_078.txt,Public news index: 中砂 Kinik | broker ratings and target prices | Taiwan AI technology equities,bing.com,public news-search index,candidate results from 2024–2026,2026-07-23,https://www.bing.com/news/search?q=%E4%B8%AD%E7%A0%82+Kinik+broker+ratings+and+target+prices+Taiwan+AI+technology+stocks+trend+news+analyst+2024+2025+2026&setlang=en-us&FORM=HDRSC6,direct fine-grained sample,public news-search index,4493
TW AI Technology Stock Trend-AI Semiconductor And Advanced Packaging,en,#T#[TW AI Technology Stock Trend-AI Semiconductor And Advanced Packaging]/en_079.txt,Public news index: 均豪 Gallant Precision Machining | broker ratings and target prices | Taiwan AI technology equities,bing.com,public news-search index,candidate results from 2024–2026,2026-07-23,https://www.bing.com/news/search?q=%E5%9D%87%E8%B1%AA+Gallant+Precision+Machining+broker+ratings+and+target+prices+Taiwan+AI+technology+stocks+trend+news+analyst+2024+2025+2026&setlang=en-us&FORM=HDRSC6,direct fine-grained sample,public news-search index,4582
TW AI Technology Stock Trend-AI Semiconductor And Advanced Packaging,en,#T#[TW AI Technology Stock Trend-AI Semiconductor And Advanced Packaging]/en_080.txt,Public news index: 致茂 Chroma | broker ratings and target prices | Taiwan AI technology equities,bing.com,public news-search index,candidate results from 2024–2026,2026-07-23,https://www.bing.com/news/search?q=%E8%87%B4%E8%8C%82+Chroma+broker+ratings+and+target+prices+Taiwan+AI+technology+stocks+trend+news+analyst+2024+2025+2026&setlang=en-us&FORM=HDRSC6,direct fine-grained sample,public news-search index,4485
TW AI Technology Stock Trend-AI Semiconductor And Advanced Packaging,en,#T#[TW AI Technology Stock Trend-AI Semiconductor And Advanced Packaging]/en_081.txt,Public news index: 台積電 TSMC | valuation multiples and fund rotation | Taiwan AI technology equities,bing.com,public news-search index,candidate results from 2024–2026,2026-07-23,https://www.bing.com/news/search?q=%E5%8F%B0%E7%A9%8D%E9%9B%BB+TSMC+valuation+multiples+and+fund+rotation+Taiwan+AI+technology+stocks+trend+news+analyst+2024+2025+2026&setlang=en-us&FORM=HDRSC6,direct fine-grained sample,public news-search index,4516
TW AI Technology Stock Trend-AI Semiconductor And Advanced Packaging,en,#T#[TW AI Technology Stock Trend-AI Semiconductor And Advanced Packaging]/en_082.txt,Public news index: 聯發科 MediaTek | valuation multiples and fund rotation | Taiwan AI technology equities,bing.com,public news-search index,candidate results from 2024–2026,2026-07-23,https://www.bing.com/news/search?q=%E8%81%AF%E7%99%BC%E7%A7%91+MediaTek+valuation+multiples+and+fund+rotation+Taiwan+AI+technology+stocks+trend+news+analyst+2024+2025+2026&setlang=en-us&FORM=HDRSC6,direct fine-grained sample,public news-search index,4514
TW AI Technology Stock Trend-AI Semiconductor And Advanced Packaging,en,#T#[TW AI Technology Stock Trend-AI Semiconductor And Advanced Packaging]/en_083.txt,Public news index: 日月光投控 ASE Technology | valuation multiples and fund rotation | Taiwan AI technology equities,bing.com,public news-search index,candidate results from 2024–2026,2026-07-23,https://www.bing.com/news/search?q=%E6%97%A5%E6%9C%88%E5%85%89%E6%8A%95%E6%8E%A7+ASE+Technology+valuation+multiples+and+fund+rotation+Taiwan+AI+technology+stocks+trend+news+analyst+2024+2025+2026&setlang=en-us&FORM=HDRSC6,direct fine-grained sample,public news-search index,4567
TW AI Technology Stock Trend-AI Semiconductor And Advanced Packaging,en,#T#[TW AI Technology Stock Trend-AI Semiconductor And Advanced Packaging]/en_084.txt,Public news index: 創意 Global Unichip | valuation multiples and fund rotation | Taiwan AI technology equities,bing.com,public news-search index,candidate results from 2024–2026,2026-07-23,https://www.bing.com/news/search?q=%E5%89%B5%E6%84%8F+Global+Unichip+valuation+multiples+and+fund+rotation+Taiwan+AI+technology+stocks+trend+news+analyst+2024+2025+2026&setlang=en-us&FORM=HDRSC6,direct fine-grained sample,public news-search index,4535
TW AI Technology Stock Trend-AI Semiconductor And Advanced Packaging,en,#T#[TW AI Technology Stock Trend-AI Semiconductor And Advanced Packaging]/en_085.txt,Public news index: 世芯-KY Alchip | valuation multiples and fund rotation | Taiwan AI technology equities,bing.com,public news-search index,candidate results from 2024–2026,2026-07-23,https://www.bing.com/news/search?q=%E4%B8%96%E8%8A%AF-KY+Alchip+valuation+multiples+and+fund+rotation+Taiwan+AI+technology+stocks+trend+news+analyst+2024+2025+2026&setlang=en-us&FORM=HDRSC6,direct fine-grained sample,public news-search index,4536
TW AI Technology Stock Trend-AI Semiconductor And Advanced Packaging,en,#T#[TW AI Technology Stock Trend-AI Semiconductor And Advanced Packaging]/en_086.txt,Public news index: 力旺 eMemory | valuation multiples and fund rotation | Taiwan AI technology equities,bing.com,public news-search index,candidate results from 2024–2026,2026-07-23,https://www.bing.com/news/search?q=%E5%8A%9B%E6%97%BA+eMemory+valuation+multiples+and+fund+rotation+Taiwan+AI+technology+stocks+trend+news+analyst+2024+2025+2026&setlang=en-us&FORM=HDRSC6,direct fine-grained sample,public news-search index,4522
TW AI Technology Stock Trend-AI Semiconductor And Advanced Packaging,en,#T#[TW AI Technology Stock Trend-AI Semiconductor And Advanced Packaging]/en_087.txt,Public news index: 智原 Faraday | valuation multiples and fund rotation | Taiwan AI technology equities,bing.com,public news-search index,candidate results from 2024–2026,2026-07-23,https://www.bing.com/news/search?q=%E6%99%BA%E5%8E%9F+Faraday+valuation+multiples+and+fund+rotation+Taiwan+AI+technology+stocks+trend+news+analyst+2024+2025+2026&setlang=en-us&FORM=HDRSC6,direct fine-grained sample,public news-search index,4526
TW AI Technology Stock Trend-AI Semiconductor And Advanced Packaging,en,#T#[TW AI Technology Stock Trend-AI Semiconductor And Advanced Packaging]/en_088.txt,Public news index: M31 | valuation multiples and fund rotation | Taiwan AI technology equities,bing.com,public news-search index,candidate results from 2024–2026,2026-07-23,https://www.bing.com/news/search?q=M31+valuation+multiples+and+fund+rotation+Taiwan+AI+technology+stocks+trend+news+analyst+2024+2025+2026&setlang=en-us&FORM=HDRSC6,direct fine-grained sample,public news-search index,4477
TW AI Technology Stock Trend-AI Semiconductor And Advanced Packaging,en,#T#[TW AI Technology Stock Trend-AI Semiconductor And Advanced Packaging]/en_089.txt,Public news index: 晶心科 Andes Technology | valuation multiples and fund rotation | Taiwan AI technology equities,bing.com,public news-search index,candidate results from 2024–2026,2026-07-23,https://www.bing.com/news/search?q=%E6%99%B6%E5%BF%83%E7%A7%91+Andes+Technology+valuation+multiples+and+fund+rotation+Taiwan+AI+technology+stocks+trend+news+analyst+2024+2025+2026&setlang=en-us&FORM=HDRSC6,direct fine-grained sample,public news-search index,4570
TW AI Technology Stock Trend-AI Semiconductor And Advanced Packaging,en,#T#[TW AI Technology Stock Trend-AI Semiconductor And Advanced Packaging]/en_090.txt,Public news index: 京元電子 King Yuan Electronics | valuation multiples and fund rotation | Taiwan AI technology equities,bing.com,public news-search index,candidate results from 2024–2026,2026-07-23,https://www.bing.com/news/search?q=%E4%BA%AC%E5%85%83%E9%9B%BB%E5%AD%90+King+Yuan+Electronics+valuation+multiples+and+fund+rotation+Taiwan+AI+technology+stocks+trend+news+analyst+2024+2025+2026&setlang=en-us&FORM=HDRSC6,direct fine-grained sample,public news-search index,4589
TW AI Technology Stock Trend-AI Semiconductor And Advanced Packaging,en,#T#[TW AI Technology Stock Trend-AI Semiconductor And Advanced Packaging]/en_091.txt,Public news index: 矽格 Sigurd | valuation multiples and fund rotation | Taiwan AI technology equities,bing.com,public news-search index,candidate results from 2024–2026,2026-07-23,https://www.bing.com/news/search?q=%E7%9F%BD%E6%A0%BC+Sigurd+valuation+multiples+and+fund+rotation+Taiwan+AI+technology+stocks+trend+news+analyst+2024+2025+2026&setlang=en-us&FORM=HDRSC6,direct fine-grained sample,public news-search index,4512
TW AI Technology Stock Trend-AI Semiconductor And Advanced Packaging,en,#T#[TW AI Technology Stock Trend-AI Semiconductor And Advanced Packaging]/en_092.txt,Public news index: 欣銓 Ardentec | valuation multiples and fund rotation | Taiwan AI technology equities,bing.com,public news-search index,candidate results from 2024–2026,2026-07-23,https://www.bing.com/news/search?q=%E6%AC%A3%E9%8A%93+Ardentec+valuation+multiples+and+fund+rotation+Taiwan+AI+technology+stocks+trend+news+analyst+2024+2025+2026&setlang=en-us&FORM=HDRSC6,direct fine-grained sample,public news-search index,4502
TW AI Technology Stock Trend-AI Semiconductor And Advanced Packaging,en,#T#[TW AI Technology Stock Trend-AI Semiconductor And Advanced Packaging]/en_093.txt,Public news index: 穎崴 WinWay | valuation multiples and fund rotation | Taiwan AI technology equities,bing.com,public news-search index,candidate results from 2024–2026,2026-07-23,https://www.bing.com/news/search?q=%E7%A9%8E%E5%B4%B4+WinWay+valuation+multiples+and+fund+rotation+Taiwan+AI+technology+stocks+trend+news+analyst+2024+2025+2026&setlang=en-us&FORM=HDRSC6,direct fine-grained sample,public news-search index,4499
TW AI Technology Stock Trend-AI Semiconductor And Advanced Packaging,en,#T#[TW AI Technology Stock Trend-AI Semiconductor And Advanced Packaging]/en_094.txt,Public news index: 旺矽 MPI | valuation multiples and fund rotation | Taiwan AI technology equities,bing.com,public news-search index,candidate results from 2024–2026,2026-07-23,https://www.bing.com/news/search?q=%E6%97%BA%E7%9F%BD+MPI+valuation+multiples+and+fund+rotation+Taiwan+AI+technology+stocks+trend+news+analyst+2024+2025+2026&setlang=en-us&FORM=HDRSC6,direct fine-grained sample,public news-search index,4491
TW AI Technology Stock Trend-AI Semiconductor And Advanced Packaging,en,#T#[TW AI Technology Stock Trend-AI Semiconductor And Advanced Packaging]/en_095.txt,Public news index: 弘塑 Grand Process Technology | valuation multiples and fund rotation | Taiwan AI technology equities,bing.com,public news-search index,candidate results from 2024–2026,2026-07-23,https://www.bing.com/news/search?q=%E5%BC%98%E5%A1%91+Grand+Process+Technology+valuation+multiples+and+fund+rotation+Taiwan+AI+technology+stocks+trend+news+analyst+2024+2025+2026&setlang=en-us&FORM=HDRSC6,direct fine-grained sample,public news-search index,4596
TW AI Technology Stock Trend-AI Semiconductor And Advanced Packaging,en,#T#[TW AI Technology Stock Trend-AI Semiconductor And Advanced Packaging]/en_096.txt,Public news index: 辛耘 Scientech | valuation multiples and fund rotation | Taiwan AI technology equities,bing.com,public news-search index,candidate results from 2024–2026,2026-07-23,https://www.bing.com/news/search?q=%E8%BE%9B%E8%80%98+Scientech+valuation+multiples+and+fund+rotation+Taiwan+AI+technology+stocks+trend+news+analyst+2024+2025+2026&setlang=en-us&FORM=HDRSC6,direct fine-grained sample,public news-search index,4530
TW AI Technology Stock Trend-AI Semiconductor And Advanced Packaging,en,#T#[TW AI Technology Stock Trend-AI Semiconductor And Advanced Packaging]/en_097.txt,Public news index: 家登 Gudeng | valuation multiples and fund rotation | Taiwan AI technology equities,bing.com,public news-search index,candidate results from 2024–2026,2026-07-23,https://www.bing.com/news/search?q=%E5%AE%B6%E7%99%BB+Gudeng+valuation+multiples+and+fund+rotation+Taiwan+AI+technology+stocks+trend+news+analyst+2024+2025+2026&setlang=en-us&FORM=HDRSC6,direct fine-grained sample,public news-search index,4522
TW AI Technology Stock Trend-AI Semiconductor And Advanced Packaging,en,#T#[TW AI Technology Stock Trend-AI Semiconductor And Advanced Packaging]/en_098.txt,Public news index: 中砂 Kinik | valuation multiples and fund rotation | Taiwan AI technology equities,bing.com,public news-search index,candidate results from 2024–2026,2026-07-23,https://www.bing.com/news/search?q=%E4%B8%AD%E7%A0%82+Kinik+valuation+multiples+and+fund+rotation+Taiwan+AI+technology+stocks+trend+news+analyst+2024+2025+2026&setlang=en-us&FORM=HDRSC6,direct fine-grained sample,public news-search index,4513
TW AI Technology Stock Trend-AI Semiconductor And Advanced Packaging,en,#T#[TW AI Technology Stock Trend-AI Semiconductor And Advanced Packaging]/en_099.txt,Public news index: 均豪 Gallant Precision Machining | valuation multiples and fund rotation | Taiwan AI technology equities,bing.com,public news-search index,candidate results from 2024–2026,2026-07-23,https://www.bing.com/news/search?q=%E5%9D%87%E8%B1%AA+Gallant+Precision+Machining+valuation+multiples+and+fund+rotation+Taiwan+AI+technology+stocks+trend+news+analyst+2024+2025+2026&setlang=en-us&FORM=HDRSC6,direct fine-grained sample,public news-search index,4602
TW AI Technology Stock Trend-AI Semiconductor And Advanced Packaging,en,#T#[TW AI Technology Stock Trend-AI Semiconductor And Advanced Packaging]/en_100.txt,Public news index: 致茂 Chroma | valuation multiples and fund rotation | Taiwan AI technology equities,bing.com,public news-search index,candidate results from 2024–2026,2026-07-23,https://www.bing.com/news/search?q=%E8%87%B4%E8%8C%82+Chroma+valuation+multiples+and+fund+rotation+Taiwan+AI+technology+stocks+trend+news+analyst+2024+2025+2026&setlang=en-us&FORM=HDRSC6,direct fine-grained sample,public news-search index,4505
TW AI Technology Stock Trend-AI Server And System Manufacturing,zh,#T#[TW AI Technology Stock Trend-AI Server And System Manufacturing]/zh_001.txt,搭上AI伺服器浪潮！看好2026年續拚雙位數成長，非紅供應鏈優勢浮現,tw.stock.yahoo.com,新聞媒體／市場資訊,2026-02-08,2026-07-23,https://tw.stock.yahoo.com/news/%E6%90%AD%E4%B8%8Aai%E4%BC%BA%E6%9C%8D%E5%99%A8%E6%B5%AA%E6%BD%AE-%E5%AE%83-%E7%9C%8B%E5%A5%BD2026%E5%B9%B4%E7%BA%8C%E6%8B%9A%E9%9B%99%E4%BD%8D%E6%95%B8%E6%88%90%E9%95%B7-%E9%9D%9E%E7%B4%85%E4%BE%9B%E6%87%89%E9%8F%88%E5%84%AA%E5%8B%A2%E6%B5%AE%E7%8F%BE-125000746.html,direct fine-grained sample,identified public source,1842
TW AI Technology Stock Trend-AI Server And System Manufacturing,zh,#T#[TW AI Technology Stock Trend-AI Server And System Manufacturing]/zh_002.txt,2025 AI概念股年終總整理：伺服器、水冷散熱與2026投資前瞻,stock.neww.tw,市場分析網站,2025-12-03,2026-07-23,https://stock.neww.tw/stock/ai-concept-stocks/,direct fine-grained sample,identified public source,1583
TW AI Technology Stock Trend-AI Server And System Manufacturing,zh,#T#[TW AI Technology Stock Trend-AI Server And System Manufacturing]/zh_003.txt,公開新聞索引：緯創 Wistron｜AI伺服器出貨與機櫃放量｜AI伺服器、ODM與系統製造股,bing.com,公開新聞搜尋索引,2024–2026 候選結果,2026-07-23,https://www.bing.com/news/search?q=%E7%B7%AF%E5%89%B5+Wistron+AI%E4%BC%BA%E6%9C%8D%E5%99%A8%E5%87%BA%E8%B2%A8%E8%88%87%E6%A9%9F%E6%AB%83%E6%94%BE%E9%87%8F+%E5%8F%B0%E8%82%A1+AI+%E7%A7%91%E6%8A%80%E8%82%A1+%E8%B5%B0%E5%8B%A2+%E6%96%B0%E8%81%9E+%E6%B3%95%E4%BA%BA+2024+2025+2026&setlang=zh-tw&FORM=HDRSC6,direct fine-grained sample,public news-search index,1922
TW AI Technology Stock Trend-AI Server And System Manufacturing,zh,#T#[TW AI Technology Stock Trend-AI Server And System Manufacturing]/zh_004.txt,公開新聞索引：緯穎 Wiwynn｜AI伺服器出貨與機櫃放量｜AI伺服器、ODM與系統製造股,bing.com,公開新聞搜尋索引,2024–2026 候選結果,2026-07-23,https://www.bing.com/news/search?q=%E7%B7%AF%E7%A9%8E+Wiwynn+AI%E4%BC%BA%E6%9C%8D%E5%99%A8%E5%87%BA%E8%B2%A8%E8%88%87%E6%A9%9F%E6%AB%83%E6%94%BE%E9%87%8F+%E5%8F%B0%E8%82%A1+AI+%E7%A7%91%E6%8A%80%E8%82%A1+%E8%B5%B0%E5%8B%A2+%E6%96%B0%E8%81%9E+%E6%B3%95%E4%BA%BA+2024+2025+2026&setlang=zh-tw&FORM=HDRSC6,direct fine-grained sample,public news-search index,1917
TW AI Technology Stock Trend-AI Server And System Manufacturing,zh,#T#[TW AI Technology Stock Trend-AI Server And System Manufacturing]/zh_005.txt,公開新聞索引：英業達 Inventec｜AI伺服器出貨與機櫃放量｜AI伺服器、ODM與系統製造股,bing.com,公開新聞搜尋索引,2024–2026 候選結果,2026-07-23,https://www.bing.com/news/search?q=%E8%8B%B1%E6%A5%AD%E9%81%94+Inventec+AI%E4%BC%BA%E6%9C%8D%E5%99%A8%E5%87%BA%E8%B2%A8%E8%88%87%E6%A9%9F%E6%AB%83%E6%94%BE%E9%87%8F+%E5%8F%B0%E8%82%A1+AI+%E7%A7%91%E6%8A%80%E8%82%A1+%E8%B5%B0%E5%8B%A2+%E6%96%B0%E8%81%9E+%E6%B3%95%E4%BA%BA+2024+2025+2026&setlang=zh-tw&FORM=HDRSC6,direct fine-grained sample,public news-search index,1940
TW AI Technology Stock Trend-AI Server And System Manufacturing,zh,#T#[TW AI Technology Stock Trend-AI Server And System Manufacturing]/zh_006.txt,公開新聞索引：和碩 Pegatron｜AI伺服器出貨與機櫃放量｜AI伺服器、ODM與系統製造股,bing.com,公開新聞搜尋索引,2024–2026 候選結果,2026-07-23,https://www.bing.com/news/search?q=%E5%92%8C%E7%A2%A9+Pegatron+AI%E4%BC%BA%E6%9C%8D%E5%99%A8%E5%87%BA%E8%B2%A8%E8%88%87%E6%A9%9F%E6%AB%83%E6%94%BE%E9%87%8F+%E5%8F%B0%E8%82%A1+AI+%E7%A7%91%E6%8A%80%E8%82%A1+%E8%B5%B0%E5%8B%A2+%E6%96%B0%E8%81%9E+%E6%B3%95%E4%BA%BA+2024+2025+2026&setlang=zh-tw&FORM=HDRSC6,direct fine-grained sample,public news-search index,1928
TW AI Technology Stock Trend-AI Server And System Manufacturing,zh,#T#[TW AI Technology Stock Trend-AI Server And System Manufacturing]/zh_007.txt,公開新聞索引：技嘉 Gigabyte｜AI伺服器出貨與機櫃放量｜AI伺服器、ODM與系統製造股,bing.com,公開新聞搜尋索引,2024–2026 候選結果,2026-07-23,https://www.bing.com/news/search?q=%E6%8A%80%E5%98%89+Gigabyte+AI%E4%BC%BA%E6%9C%8D%E5%99%A8%E5%87%BA%E8%B2%A8%E8%88%87%E6%A9%9F%E6%AB%83%E6%94%BE%E9%87%8F+%E5%8F%B0%E8%82%A1+AI+%E7%A7%91%E6%8A%80%E8%82%A1+%E8%B5%B0%E5%8B%A2+%E6%96%B0%E8%81%9E+%E6%B3%95%E4%BA%BA+2024+2025+2026&setlang=zh-tw&FORM=HDRSC6,direct fine-grained sample,public news-search index,1931
TW AI Technology Stock Trend-AI Server And System Manufacturing,zh,#T#[TW AI Technology Stock Trend-AI Server And System Manufacturing]/zh_008.txt,公開新聞索引：華碩 ASUSTeK｜AI伺服器出貨與機櫃放量｜AI伺服器、ODM與系統製造股,bing.com,公開新聞搜尋索引,2024–2026 候選結果,2026-07-23,https://www.bing.com/news/search?q=%E8%8F%AF%E7%A2%A9+ASUSTeK+AI%E4%BC%BA%E6%9C%8D%E5%99%A8%E5%87%BA%E8%B2%A8%E8%88%87%E6%A9%9F%E6%AB%83%E6%94%BE%E9%87%8F+%E5%8F%B0%E8%82%A1+AI+%E7%A7%91%E6%8A%80%E8%82%A1+%E8%B5%B0%E5%8B%A2+%E6%96%B0%E8%81%9E+%E6%B3%95%E4%BA%BA+2024+2025+2026&setlang=zh-tw&FORM=HDRSC6,direct fine-grained sample,public news-search index,1924
TW AI Technology Stock Trend-AI Server And System Manufacturing,zh,#T#[TW AI Technology Stock Trend-AI Server And System Manufacturing]/zh_009.txt,公開新聞索引：微星 MSI｜AI伺服器出貨與機櫃放量｜AI伺服器、ODM與系統製造股,bing.com,公開新聞搜尋索引,2024–2026 候選結果,2026-07-23,https://www.bing.com/news/search?q=%E5%BE%AE%E6%98%9F+MSI+AI%E4%BC%BA%E6%9C%8D%E5%99%A8%E5%87%BA%E8%B2%A8%E8%88%87%E6%A9%9F%E6%AB%83%E6%94%BE%E9%87%8F+%E5%8F%B0%E8%82%A1+AI+%E7%A7%91%E6%8A%80%E8%82%A1+%E8%B5%B0%E5%8B%A2+%E6%96%B0%E8%81%9E+%E6%B3%95%E4%BA%BA+2024+2025+2026&setlang=zh-tw&FORM=HDRSC6,direct fine-grained sample,public news-search index,1908
TW AI Technology Stock Trend-AI Server And System Manufacturing,zh,#T#[TW AI Technology Stock Trend-AI Server And System Manufacturing]/zh_010.txt,公開新聞索引：神達 MiTAC｜AI伺服器出貨與機櫃放量｜AI伺服器、ODM與系統製造股,bing.com,公開新聞搜尋索引,2024–2026 候選結果,2026-07-23,https://www.bing.com/news/search?q=%E7%A5%9E%E9%81%94+MiTAC+AI%E4%BC%BA%E6%9C%8D%E5%99%A8%E5%87%BA%E8%B2%A8%E8%88%87%E6%A9%9F%E6%AB%83%E6%94%BE%E9%87%8F+%E5%8F%B0%E8%82%A1+AI+%E7%A7%91%E6%8A%80%E8%82%A1+%E8%B5%B0%E5%8B%A2+%E6%96%B0%E8%81%9E+%E6%B3%95%E4%BA%BA+2024+2025+2026&setlang=zh-tw&FORM=HDRSC6,direct fine-grained sample,public news-search index,1914
TW AI Technology Stock Trend-AI Server And System Manufacturing,zh,#T#[TW AI Technology Stock Trend-AI Server And System Manufacturing]/zh_011.txt,公開新聞索引：營邦 AIC｜AI伺服器出貨與機櫃放量｜AI伺服器、ODM與系統製造股,bing.com,公開新聞搜尋索引,2024–2026 候選結果,2026-07-23,https://www.bing.com/news/search?q=%E7%87%9F%E9%82%A6+AIC+AI%E4%BC%BA%E6%9C%8D%E5%99%A8%E5%87%BA%E8%B2%A8%E8%88%87%E6%A9%9F%E6%AB%83%E6%94%BE%E9%87%8F+%E5%8F%B0%E8%82%A1+AI+%E7%A7%91%E6%8A%80%E8%82%A1+%E8%B5%B0%E5%8B%A2+%E6%96%B0%E8%81%9E+%E6%B3%95%E4%BA%BA+2024+2025+2026&setlang=zh-tw&FORM=HDRSC6,direct fine-grained sample,public news-search index,1903
TW AI Technology Stock Trend-AI Server And System Manufacturing,zh,#T#[TW AI Technology Stock Trend-AI Server And System Manufacturing]/zh_012.txt,公開新聞索引：勤誠 Chenbro｜AI伺服器出貨與機櫃放量｜AI伺服器、ODM與系統製造股,bing.com,公開新聞搜尋索引,2024–2026 候選結果,2026-07-23,https://www.bing.com/news/search?q=%E5%8B%A4%E8%AA%A0+Chenbro+AI%E4%BC%BA%E6%9C%8D%E5%99%A8%E5%87%BA%E8%B2%A8%E8%88%87%E6%A9%9F%E6%AB%83%E6%94%BE%E9%87%8F+%E5%8F%B0%E8%82%A1+AI+%E7%A7%91%E6%8A%80%E8%82%A1+%E8%B5%B0%E5%8B%A2+%E6%96%B0%E8%81%9E+%E6%B3%95%E4%BA%BA+2024+2025+2026&setlang=zh-tw&FORM=HDRSC6,direct fine-grained sample,public news-search index,1920
TW AI Technology Stock Trend-AI Server And System Manufacturing,zh,#T#[TW AI Technology Stock Trend-AI Server And System Manufacturing]/zh_013.txt,公開新聞索引：研華 Advantech｜AI伺服器出貨與機櫃放量｜AI伺服器、ODM與系統製造股,bing.com,公開新聞搜尋索引,2024–2026 候選結果,2026-07-23,https://www.bing.com/news/search?q=%E7%A0%94%E8%8F%AF+Advantech+AI%E4%BC%BA%E6%9C%8D%E5%99%A8%E5%87%BA%E8%B2%A8%E8%88%87%E6%A9%9F%E6%AB%83%E6%94%BE%E9%87%8F+%E5%8F%B0%E8%82%A1+AI+%E7%A7%91%E6%8A%80%E8%82%A1+%E8%B5%B0%E5%8B%A2+%E6%96%B0%E8%81%9E+%E6%B3%95%E4%BA%BA+2024+2025+2026&setlang=zh-tw&FORM=HDRSC6,direct fine-grained sample,public news-search index,1930
TW AI Technology Stock Trend-AI Server And System Manufacturing,zh,#T#[TW AI Technology Stock Trend-AI Server And System Manufacturing]/zh_014.txt,公開新聞索引：樺漢 Ennoconn｜AI伺服器出貨與機櫃放量｜AI伺服器、ODM與系統製造股,bing.com,公開新聞搜尋索引,2024–2026 候選結果,2026-07-23,https://www.bing.com/news/search?q=%E6%A8%BA%E6%BC%A2+Ennoconn+AI%E4%BC%BA%E6%9C%8D%E5%99%A8%E5%87%BA%E8%B2%A8%E8%88%87%E6%A9%9F%E6%AB%83%E6%94%BE%E9%87%8F+%E5%8F%B0%E8%82%A1+AI+%E7%A7%91%E6%8A%80%E8%82%A1+%E8%B5%B0%E5%8B%A2+%E6%96%B0%E8%81%9E+%E6%B3%95%E4%BA%BA+2024+2025+2026&setlang=zh-tw&FORM=HDRSC6,direct fine-grained sample,public news-search index,1925
TW AI Technology Stock Trend-AI Server And System Manufacturing,zh,#T#[TW AI Technology Stock Trend-AI Server And System Manufacturing]/zh_015.txt,公開新聞索引：凌華 ADLINK｜AI伺服器出貨與機櫃放量｜AI伺服器、ODM與系統製造股,bing.com,公開新聞搜尋索引,2024–2026 候選結果,2026-07-23,https://www.bing.com/news/search?q=%E5%87%8C%E8%8F%AF+ADLINK+AI%E4%BC%BA%E6%9C%8D%E5%99%A8%E5%87%BA%E8%B2%A8%E8%88%87%E6%A9%9F%E6%AB%83%E6%94%BE%E9%87%8F+%E5%8F%B0%E8%82%A1+AI+%E7%A7%91%E6%8A%80%E8%82%A1+%E8%B5%B0%E5%8B%A2+%E6%96%B0%E8%81%9E+%E6%B3%95%E4%BA%BA+2024+2025+2026&setlang=zh-tw&FORM=HDRSC6,direct fine-grained sample,public news-search index,1920
TW AI Technology Stock Trend-AI Server And System Manufacturing,zh,#T#[TW AI Technology Stock Trend-AI Server And System Manufacturing]/zh_016.txt,公開新聞索引：立端 Lanner｜AI伺服器出貨與機櫃放量｜AI伺服器、ODM與系統製造股,bing.com,公開新聞搜尋索引,2024–2026 候選結果,2026-07-23,https://www.bing.com/news/search?q=%E7%AB%8B%E7%AB%AF+Lanner+AI%E4%BC%BA%E6%9C%8D%E5%99%A8%E5%87%BA%E8%B2%A8%E8%88%87%E6%A9%9F%E6%AB%83%E6%94%BE%E9%87%8F+%E5%8F%B0%E8%82%A1+AI+%E7%A7%91%E6%8A%80%E8%82%A1+%E8%B5%B0%E5%8B%A2+%E6%96%B0%E8%81%9E+%E6%B3%95%E4%BA%BA+2024+2025+2026&setlang=zh-tw&FORM=HDRSC6,direct fine-grained sample,public news-search index,1920
TW AI Technology Stock Trend-AI Server And System Manufacturing,zh,#T#[TW AI Technology Stock Trend-AI Server And System Manufacturing]/zh_017.txt,公開新聞索引：威強電 IEI Integration｜AI伺服器出貨與機櫃放量｜AI伺服器、ODM與系統製造股,bing.com,公開新聞搜尋索引,2024–2026 候選結果,2026-07-23,https://www.bing.com/news/search?q=%E5%A8%81%E5%BC%B7%E9%9B%BB+IEI+Integration+AI%E4%BC%BA%E6%9C%8D%E5%99%A8%E5%87%BA%E8%B2%A8%E8%88%87%E6%A9%9F%E6%AB%83%E6%94%BE%E9%87%8F+%E5%8F%B0%E8%82%A1+AI+%E7%A7%91%E6%8A%80%E8%82%A1+%E8%B5%B0%E5%8B%A2+%E6%96%B0%E8%81%9E+%E6%B3%95%E4%BA%BA+2024+2025+2026&setlang=zh-tw&FORM=HDRSC6,direct fine-grained sample,public news-search index,1971
TW AI Technology Stock Trend-AI Server And System Manufacturing,zh,#T#[TW AI Technology Stock Trend-AI Server And System Manufacturing]/zh_018.txt,公開新聞索引：佳世達 Qisda｜AI伺服器出貨與機櫃放量｜AI伺服器、ODM與系統製造股,bing.com,公開新聞搜尋索引,2024–2026 候選結果,2026-07-23,https://www.bing.com/news/search?q=%E4%BD%B3%E4%B8%96%E9%81%94+Qisda+AI%E4%BC%BA%E6%9C%8D%E5%99%A8%E5%87%BA%E8%B2%A8%E8%88%87%E6%A9%9F%E6%AB%83%E6%94%BE%E9%87%8F+%E5%8F%B0%E8%82%A1+AI+%E7%A7%91%E6%8A%80%E8%82%A1+%E8%B5%B0%E5%8B%A2+%E6%96%B0%E8%81%9E+%E6%B3%95%E4%BA%BA+2024+2025+2026&setlang=zh-tw&FORM=HDRSC6,direct fine-grained sample,public news-search index,1928
TW AI Technology Stock Trend-AI Server And System Manufacturing,zh,#T#[TW AI Technology Stock Trend-AI Server And System Manufacturing]/zh_019.txt,公開新聞索引：新漢 NEXCOM｜AI伺服器出貨與機櫃放量｜AI伺服器、ODM與系統製造股,bing.com,公開新聞搜尋索引,2024–2026 候選結果,2026-07-23,https://www.bing.com/news/search?q=%E6%96%B0%E6%BC%A2+NEXCOM+AI%E4%BC%BA%E6%9C%8D%E5%99%A8%E5%87%BA%E8%B2%A8%E8%88%87%E6%A9%9F%E6%AB%83%E6%94%BE%E9%87%8F+%E5%8F%B0%E8%82%A1+AI+%E7%A7%91%E6%8A%80%E8%82%A1+%E8%B5%B0%E5%8B%A2+%E6%96%B0%E8%81%9E+%E6%B3%95%E4%BA%BA+2024+2025+2026&setlang=zh-tw&FORM=HDRSC6,direct fine-grained sample,public news-search index,1920
TW AI Technology Stock Trend-AI Server And System Manufacturing,zh,#T#[TW AI Technology Stock Trend-AI Server And System Manufacturing]/zh_020.txt,公開新聞索引：宏碁 Acer｜AI伺服器出貨與機櫃放量｜AI伺服器、ODM與系統製造股,bing.com,公開新聞搜尋索引,2024–2026 候選結果,2026-07-23,https://www.bing.com/news/search?q=%E5%AE%8F%E7%A2%81+Acer+AI%E4%BC%BA%E6%9C%8D%E5%99%A8%E5%87%BA%E8%B2%A8%E8%88%87%E6%A9%9F%E6%AB%83%E6%94%BE%E9%87%8F+%E5%8F%B0%E8%82%A1+AI+%E7%A7%91%E6%8A%80%E8%82%A1+%E8%B5%B0%E5%8B%A2+%E6%96%B0%E8%81%9E+%E6%B3%95%E4%BA%BA+2024+2025+2026&setlang=zh-tw&FORM=HDRSC6,direct fine-grained sample,public news-search index,1910
TW AI Technology Stock Trend-AI Server And System Manufacturing,zh,#T#[TW AI Technology Stock Trend-AI Server And System Manufacturing]/zh_021.txt,公開新聞索引：鴻海 Hon Hai｜北美製造與供應鏈移轉｜AI伺服器、ODM與系統製造股,bing.com,公開新聞搜尋索引,2024–2026 候選結果,2026-07-23,https://www.bing.com/news/search?q=%E9%B4%BB%E6%B5%B7+Hon+Hai+%E5%8C%97%E7%BE%8E%E8%A3%BD%E9%80%A0%E8%88%87%E4%BE%9B%E6%87%89%E9%8F%88%E7%A7%BB%E8%BD%89+%E5%8F%B0%E8%82%A1+AI+%E7%A7%91%E6%8A%80%E8%82%A1+%E8%B5%B0%E5%8B%A2+%E6%96%B0%E8%81%9E+%E6%B3%95%E4%BA%BA+2024+2025+2026&setlang=zh-tw&FORM=HDRSC6,direct fine-grained sample,public news-search index,1911
TW AI Technology Stock Trend-AI Server And System Manufacturing,zh,#T#[TW AI Technology Stock Trend-AI Server And System Manufacturing]/zh_022.txt,公開新聞索引：廣達 Quanta｜北美製造與供應鏈移轉｜AI伺服器、ODM與系統製造股,bing.com,公開新聞搜尋索引,2024–2026 候選結果,2026-07-23,https://www.bing.com/news/search?q=%E5%BB%A3%E9%81%94+Quanta+%E5%8C%97%E7%BE%8E%E8%A3%BD%E9%80%A0%E8%88%87%E4%BE%9B%E6%87%89%E9%8F%88%E7%A7%BB%E8%BD%89+%E5%8F%B0%E8%82%A1+AI+%E7%A7%91%E6%8A%80%E8%82%A1+%E8%B5%B0%E5%8B%A2+%E6%96%B0%E8%81%9E+%E6%B3%95%E4%BA%BA+2024+2025+2026&setlang=zh-tw&FORM=HDRSC6,direct fine-grained sample,public news-search index,1908
TW AI Technology Stock Trend-AI Server And System Manufacturing,zh,#T#[TW AI Technology Stock Trend-AI Server And System Manufacturing]/zh_023.txt,公開新聞索引：緯創 Wistron｜北美製造與供應鏈移轉｜AI伺服器、ODM與系統製造股,bing.com,公開新聞搜尋索引,2024–2026 候選結果,2026-07-23,https://www.bing.com/news/search?q=%E7%B7%AF%E5%89%B5+Wistron+%E5%8C%97%E7%BE%8E%E8%A3%BD%E9%80%A0%E8%88%87%E4%BE%9B%E6%87%89%E9%8F%88%E7%A7%BB%E8%BD%89+%E5%8F%B0%E8%82%A1+AI+%E7%A7%91%E6%8A%80%E8%82%A1+%E8%B5%B0%E5%8B%A2+%E6%96%B0%E8%81%9E+%E6%B3%95%E4%BA%BA+2024+2025+2026&setlang=zh-tw&FORM=HDRSC6,direct fine-grained sample,public news-search index,1914
TW AI Technology Stock Trend-AI Server And System Manufacturing,zh,#T#[TW AI Technology Stock Trend-AI Server And System Manufacturing]/zh_024.txt,公開新聞索引：緯穎 Wiwynn｜北美製造與供應鏈移轉｜AI伺服器、ODM與系統製造股,bing.com,公開新聞搜尋索引,2024–2026 候選結果,2026-07-23,https://www.bing.com/news/search?q=%E7%B7%AF%E7%A9%8E+Wiwynn+%E5%8C%97%E7%BE%8E%E8%A3%BD%E9%80%A0%E8%88%87%E4%BE%9B%E6%87%89%E9%8F%88%E7%A7%BB%E8%BD%89+%E5%8F%B0%E8%82%A1+AI+%E7%A7%91%E6%8A%80%E8%82%A1+%E8%B5%B0%E5%8B%A2+%E6%96%B0%E8%81%9E+%E6%B3%95%E4%BA%BA+2024+2025+2026&setlang=zh-tw&FORM=HDRSC6,direct fine-grained sample,public news-search index,1909
TW AI Technology Stock Trend-AI Server And System Manufacturing,zh,#T#[TW AI Technology Stock Trend-AI Server And System Manufacturing]/zh_025.txt,公開新聞索引：英業達 Inventec｜北美製造與供應鏈移轉｜AI伺服器、ODM與系統製造股,bing.com,公開新聞搜尋索引,2024–2026 候選結果,2026-07-23,https://www.bing.com/news/search?q=%E8%8B%B1%E6%A5%AD%E9%81%94+Inventec+%E5%8C%97%E7%BE%8E%E8%A3%BD%E9%80%A0%E8%88%87%E4%BE%9B%E6%87%89%E9%8F%88%E7%A7%BB%E8%BD%89+%E5%8F%B0%E8%82%A1+AI+%E7%A7%91%E6%8A%80%E8%82%A1+%E8%B5%B0%E5%8B%A2+%E6%96%B0%E8%81%9E+%E6%B3%95%E4%BA%BA+2024+2025+2026&setlang=zh-tw&FORM=HDRSC6,direct fine-grained sample,public news-search index,1932
TW AI Technology Stock Trend-AI Server And System Manufacturing,zh,#T#[TW AI Technology Stock Trend-AI Server And System Manufacturing]/zh_026.txt,公開新聞索引：和碩 Pegatron｜北美製造與供應鏈移轉｜AI伺服器、ODM與系統製造股,bing.com,公開新聞搜尋索引,2024–2026 候選結果,2026-07-23,https://www.bing.com/news/search?q=%E5%92%8C%E7%A2%A9+Pegatron+%E5%8C%97%E7%BE%8E%E8%A3%BD%E9%80%A0%E8%88%87%E4%BE%9B%E6%87%89%E9%8F%88%E7%A7%BB%E8%BD%89+%E5%8F%B0%E8%82%A1+AI+%E7%A7%91%E6%8A%80%E8%82%A1+%E8%B5%B0%E5%8B%A2+%E6%96%B0%E8%81%9E+%E6%B3%95%E4%BA%BA+2024+2025+2026&setlang=zh-tw&FORM=HDRSC6,direct fine-grained sample,public news-search index,1920
TW AI Technology Stock Trend-AI Server And System Manufacturing,zh,#T#[TW AI Technology Stock Trend-AI Server And System Manufacturing]/zh_027.txt,公開新聞索引：技嘉 Gigabyte｜北美製造與供應鏈移轉｜AI伺服器、ODM與系統製造股,bing.com,公開新聞搜尋索引,2024–2026 候選結果,2026-07-23,https://www.bing.com/news/search?q=%E6%8A%80%E5%98%89+Gigabyte+%E5%8C%97%E7%BE%8E%E8%A3%BD%E9%80%A0%E8%88%87%E4%BE%9B%E6%87%89%E9%8F%88%E7%A7%BB%E8%BD%89+%E5%8F%B0%E8%82%A1+AI+%E7%A7%91%E6%8A%80%E8%82%A1+%E8%B5%B0%E5%8B%A2+%E6%96%B0%E8%81%9E+%E6%B3%95%E4%BA%BA+2024+2025+2026&setlang=zh-tw&FORM=HDRSC6,direct fine-grained sample,public news-search index,1923
TW AI Technology Stock Trend-AI Server And System Manufacturing,zh,#T#[TW AI Technology Stock Trend-AI Server And System Manufacturing]/zh_028.txt,公開新聞索引：華碩 ASUSTeK｜北美製造與供應鏈移轉｜AI伺服器、ODM與系統製造股,bing.com,公開新聞搜尋索引,2024–2026 候選結果,2026-07-23,https://www.bing.com/news/search?q=%E8%8F%AF%E7%A2%A9+ASUSTeK+%E5%8C%97%E7%BE%8E%E8%A3%BD%E9%80%A0%E8%88%87%E4%BE%9B%E6%87%89%E9%8F%88%E7%A7%BB%E8%BD%89+%E5%8F%B0%E8%82%A1+AI+%E7%A7%91%E6%8A%80%E8%82%A1+%E8%B5%B0%E5%8B%A2+%E6%96%B0%E8%81%9E+%E6%B3%95%E4%BA%BA+2024+2025+2026&setlang=zh-tw&FORM=HDRSC6,direct fine-grained sample,public news-search index,1916
TW AI Technology Stock Trend-AI Server And System Manufacturing,zh,#T#[TW AI Technology Stock Trend-AI Server And System Manufacturing]/zh_029.txt,公開新聞索引：微星 MSI｜北美製造與供應鏈移轉｜AI伺服器、ODM與系統製造股,bing.com,公開新聞搜尋索引,2024–2026 候選結果,2026-07-23,https://www.bing.com/news/search?q=%E5%BE%AE%E6%98%9F+MSI+%E5%8C%97%E7%BE%8E%E8%A3%BD%E9%80%A0%E8%88%87%E4%BE%9B%E6%87%89%E9%8F%88%E7%A7%BB%E8%BD%89+%E5%8F%B0%E8%82%A1+AI+%E7%A7%91%E6%8A%80%E8%82%A1+%E8%B5%B0%E5%8B%A2+%E6%96%B0%E8%81%9E+%E6%B3%95%E4%BA%BA+2024+2025+2026&setlang=zh-tw&FORM=HDRSC6,direct fine-grained sample,public news-search index,1900
TW AI Technology Stock Trend-AI Server And System Manufacturing,zh,#T#[TW AI Technology Stock Trend-AI Server And System Manufacturing]/zh_030.txt,公開新聞索引：神達 MiTAC｜北美製造與供應鏈移轉｜AI伺服器、ODM與系統製造股,bing.com,公開新聞搜尋索引,2024–2026 候選結果,2026-07-23,https://www.bing.com/news/search?q=%E7%A5%9E%E9%81%94+MiTAC+%E5%8C%97%E7%BE%8E%E8%A3%BD%E9%80%A0%E8%88%87%E4%BE%9B%E6%87%89%E9%8F%88%E7%A7%BB%E8%BD%89+%E5%8F%B0%E8%82%A1+AI+%E7%A7%91%E6%8A%80%E8%82%A1+%E8%B5%B0%E5%8B%A2+%E6%96%B0%E8%81%9E+%E6%B3%95%E4%BA%BA+2024+2025+2026&setlang=zh-tw&FORM=HDRSC6,direct fine-grained sample,public news-search index,1906
TW AI Technology Stock Trend-AI Server And System Manufacturing,zh,#T#[TW AI Technology Stock Trend-AI Server And System Manufacturing]/zh_031.txt,公開新聞索引：營邦 AIC｜北美製造與供應鏈移轉｜AI伺服器、ODM與系統製造股,bing.com,公開新聞搜尋索引,2024–2026 候選結果,2026-07-23,https://www.bing.com/news/search?q=%E7%87%9F%E9%82%A6+AIC+%E5%8C%97%E7%BE%8E%E8%A3%BD%E9%80%A0%E8%88%87%E4%BE%9B%E6%87%89%E9%8F%88%E7%A7%BB%E8%BD%89+%E5%8F%B0%E8%82%A1+AI+%E7%A7%91%E6%8A%80%E8%82%A1+%E8%B5%B0%E5%8B%A2+%E6%96%B0%E8%81%9E+%E6%B3%95%E4%BA%BA+2024+2025+2026&setlang=zh-tw&FORM=HDRSC6,direct fine-grained sample,public news-search index,1895
TW AI Technology Stock Trend-AI Server And System Manufacturing,zh,#T#[TW AI Technology Stock Trend-AI Server And System Manufacturing]/zh_032.txt,公開新聞索引：勤誠 Chenbro｜北美製造與供應鏈移轉｜AI伺服器、ODM與系統製造股,bing.com,公開新聞搜尋索引,2024–2026 候選結果,2026-07-23,https://www.bing.com/news/search?q=%E5%8B%A4%E8%AA%A0+Chenbro+%E5%8C%97%E7%BE%8E%E8%A3%BD%E9%80%A0%E8%88%87%E4%BE%9B%E6%87%89%E9%8F%88%E7%A7%BB%E8%BD%89+%E5%8F%B0%E8%82%A1+AI+%E7%A7%91%E6%8A%80%E8%82%A1+%E8%B5%B0%E5%8B%A2+%E6%96%B0%E8%81%9E+%E6%B3%95%E4%BA%BA+2024+2025+2026&setlang=zh-tw&FORM=HDRSC6,direct fine-grained sample,public news-search index,1912
TW AI Technology Stock Trend-AI Server And System Manufacturing,zh,#T#[TW AI Technology Stock Trend-AI Server And System Manufacturing]/zh_033.txt,公開新聞索引：研華 Advantech｜北美製造與供應鏈移轉｜AI伺服器、ODM與系統製造股,bing.com,公開新聞搜尋索引,2024–2026 候選結果,2026-07-23,https://www.bing.com/news/search?q=%E7%A0%94%E8%8F%AF+Advantech+%E5%8C%97%E7%BE%8E%E8%A3%BD%E9%80%A0%E8%88%87%E4%BE%9B%E6%87%89%E9%8F%88%E7%A7%BB%E8%BD%89+%E5%8F%B0%E8%82%A1+AI+%E7%A7%91%E6%8A%80%E8%82%A1+%E8%B5%B0%E5%8B%A2+%E6%96%B0%E8%81%9E+%E6%B3%95%E4%BA%BA+2024+2025+2026&setlang=zh-tw&FORM=HDRSC6,direct fine-grained sample,public news-search index,1922
TW AI Technology Stock Trend-AI Server And System Manufacturing,zh,#T#[TW AI Technology Stock Trend-AI Server And System Manufacturing]/zh_034.txt,公開新聞索引：樺漢 Ennoconn｜北美製造與供應鏈移轉｜AI伺服器、ODM與系統製造股,bing.com,公開新聞搜尋索引,2024–2026 候選結果,2026-07-23,https://www.bing.com/news/search?q=%E6%A8%BA%E6%BC%A2+Ennoconn+%E5%8C%97%E7%BE%8E%E8%A3%BD%E9%80%A0%E8%88%87%E4%BE%9B%E6%87%89%E9%8F%88%E7%A7%BB%E8%BD%89+%E5%8F%B0%E8%82%A1+AI+%E7%A7%91%E6%8A%80%E8%82%A1+%E8%B5%B0%E5%8B%A2+%E6%96%B0%E8%81%9E+%E6%B3%95%E4%BA%BA+2024+2025+2026&setlang=zh-tw&FORM=HDRSC6,direct fine-grained sample,public news-search index,1917
TW AI Technology Stock Trend-AI Server And System Manufacturing,zh,#T#[TW AI Technology Stock Trend-AI Server And System Manufacturing]/zh_035.txt,公開新聞索引：凌華 ADLINK｜北美製造與供應鏈移轉｜AI伺服器、ODM與系統製造股,bing.com,公開新聞搜尋索引,2024–2026 候選結果,2026-07-23,https://www.bing.com/news/search?q=%E5%87%8C%E8%8F%AF+ADLINK+%E5%8C%97%E7%BE%8E%E8%A3%BD%E9%80%A0%E8%88%87%E4%BE%9B%E6%87%89%E9%8F%88%E7%A7%BB%E8%BD%89+%E5%8F%B0%E8%82%A1+AI+%E7%A7%91%E6%8A%80%E8%82%A1+%E8%B5%B0%E5%8B%A2+%E6%96%B0%E8%81%9E+%E6%B3%95%E4%BA%BA+2024+2025+2026&setlang=zh-tw&FORM=HDRSC6,direct fine-grained sample,public news-search index,1912
TW AI Technology Stock Trend-AI Server And System Manufacturing,zh,#T#[TW AI Technology Stock Trend-AI Server And System Manufacturing]/zh_036.txt,公開新聞索引：立端 Lanner｜北美製造與供應鏈移轉｜AI伺服器、ODM與系統製造股,bing.com,公開新聞搜尋索引,2024–2026 候選結果,2026-07-23,https://www.bing.com/news/search?q=%E7%AB%8B%E7%AB%AF+Lanner+%E5%8C%97%E7%BE%8E%E8%A3%BD%E9%80%A0%E8%88%87%E4%BE%9B%E6%87%89%E9%8F%88%E7%A7%BB%E8%BD%89+%E5%8F%B0%E8%82%A1+AI+%E7%A7%91%E6%8A%80%E8%82%A1+%E8%B5%B0%E5%8B%A2+%E6%96%B0%E8%81%9E+%E6%B3%95%E4%BA%BA+2024+2025+2026&setlang=zh-tw&FORM=HDRSC6,direct fine-grained sample,public news-search index,1912
TW AI Technology Stock Trend-AI Server And System Manufacturing,zh,#T#[TW AI Technology Stock Trend-AI Server And System Manufacturing]/zh_037.txt,公開新聞索引：威強電 IEI Integration｜北美製造與供應鏈移轉｜AI伺服器、ODM與系統製造股,bing.com,公開新聞搜尋索引,2024–2026 候選結果,2026-07-23,https://www.bing.com/news/search?q=%E5%A8%81%E5%BC%B7%E9%9B%BB+IEI+Integration+%E5%8C%97%E7%BE%8E%E8%A3%BD%E9%80%A0%E8%88%87%E4%BE%9B%E6%87%89%E9%8F%88%E7%A7%BB%E8%BD%89+%E5%8F%B0%E8%82%A1+AI+%E7%A7%91%E6%8A%80%E8%82%A1+%E8%B5%B0%E5%8B%A2+%E6%96%B0%E8%81%9E+%E6%B3%95%E4%BA%BA+2024+2025+2026&setlang=zh-tw&FORM=HDRSC6,direct fine-grained sample,public news-search index,1963
TW AI Technology Stock Trend-AI Server And System Manufacturing,zh,#T#[TW AI Technology Stock Trend-AI Server And System Manufacturing]/zh_038.txt,公開新聞索引：佳世達 Qisda｜北美製造與供應鏈移轉｜AI伺服器、ODM與系統製造股,bing.com,公開新聞搜尋索引,2024–2026 候選結果,2026-07-23,https://www.bing.com/news/search?q=%E4%BD%B3%E4%B8%96%E9%81%94+Qisda+%E5%8C%97%E7%BE%8E%E8%A3%BD%E9%80%A0%E8%88%87%E4%BE%9B%E6%87%89%E9%8F%88%E7%A7%BB%E8%BD%89+%E5%8F%B0%E8%82%A1+AI+%E7%A7%91%E6%8A%80%E8%82%A1+%E8%B5%B0%E5%8B%A2+%E6%96%B0%E8%81%9E+%E6%B3%95%E4%BA%BA+2024+2025+2026&setlang=zh-tw&FORM=HDRSC6,direct fine-grained sample,public news-search index,1920
TW AI Technology Stock Trend-AI Server And System Manufacturing,zh,#T#[TW AI Technology Stock Trend-AI Server And System Manufacturing]/zh_039.txt,公開新聞索引：新漢 NEXCOM｜北美製造與供應鏈移轉｜AI伺服器、ODM與系統製造股,bing.com,公開新聞搜尋索引,2024–2026 候選結果,2026-07-23,https://www.bing.com/news/search?q=%E6%96%B0%E6%BC%A2+NEXCOM+%E5%8C%97%E7%BE%8E%E8%A3%BD%E9%80%A0%E8%88%87%E4%BE%9B%E6%87%89%E9%8F%88%E7%A7%BB%E8%BD%89+%E5%8F%B0%E8%82%A1+AI+%E7%A7%91%E6%8A%80%E8%82%A1+%E8%B5%B0%E5%8B%A2+%E6%96%B0%E8%81%9E+%E6%B3%95%E4%BA%BA+2024+2025+2026&setlang=zh-tw&FORM=HDRSC6,direct fine-grained sample,public news-search index,1912
TW AI Technology Stock Trend-AI Server And System Manufacturing,zh,#T#[TW AI Technology Stock Trend-AI Server And System Manufacturing]/zh_040.txt,公開新聞索引：宏碁 Acer｜北美製造與供應鏈移轉｜AI伺服器、ODM與系統製造股,bing.com,公開新聞搜尋索引,2024–2026 候選結果,2026-07-23,https://www.bing.com/news/search?q=%E5%AE%8F%E7%A2%81+Acer+%E5%8C%97%E7%BE%8E%E8%A3%BD%E9%80%A0%E8%88%87%E4%BE%9B%E6%87%89%E9%8F%88%E7%A7%BB%E8%BD%89+%E5%8F%B0%E8%82%A1+AI+%E7%A7%91%E6%8A%80%E8%82%A1+%E8%B5%B0%E5%8B%A2+%E6%96%B0%E8%81%9E+%E6%B3%95%E4%BA%BA+2024+2025+2026&setlang=zh-tw&FORM=HDRSC6,direct fine-grained sample,public news-search index,1902
TW AI Technology Stock Trend-AI Server And System Manufacturing,zh,#T#[TW AI Technology Stock Trend-AI Server And System Manufacturing]/zh_041.txt,公開新聞索引：鴻海 Hon Hai｜毛利率及產品組合改善｜AI伺服器、ODM與系統製造股,bing.com,公開新聞搜尋索引,2024–2026 候選結果,2026-07-23,https://www.bing.com/news/search?q=%E9%B4%BB%E6%B5%B7+Hon+Hai+%E6%AF%9B%E5%88%A9%E7%8E%87%E5%8F%8A%E7%94%A2%E5%93%81%E7%B5%84%E5%90%88%E6%94%B9%E5%96%84+%E5%8F%B0%E8%82%A1+AI+%E7%A7%91%E6%8A%80%E8%82%A1+%E8%B5%B0%E5%8B%A2+%E6%96%B0%E8%81%9E+%E6%B3%95%E4%BA%BA+2024+2025+2026&setlang=zh-tw&FORM=HDRSC6,direct fine-grained sample,public news-search index,1911
TW AI Technology Stock Trend-AI Server And System Manufacturing,zh,#T#[TW AI Technology Stock Trend-AI Server And System Manufacturing]/zh_042.txt,公開新聞索引：廣達 Quanta｜毛利率及產品組合改善｜AI伺服器、ODM與系統製造股,bing.com,公開新聞搜尋索引,2024–2026 候選結果,2026-07-23,https://www.bing.com/news/search?q=%E5%BB%A3%E9%81%94+Quanta+%E6%AF%9B%E5%88%A9%E7%8E%87%E5%8F%8A%E7%94%A2%E5%93%81%E7%B5%84%E5%90%88%E6%94%B9%E5%96%84+%E5%8F%B0%E8%82%A1+AI+%E7%A7%91%E6%8A%80%E8%82%A1+%E8%B5%B0%E5%8B%A2+%E6%96%B0%E8%81%9E+%E6%B3%95%E4%BA%BA+2024+2025+2026&setlang=zh-tw&FORM=HDRSC6,direct fine-grained sample,public news-search index,1908
TW AI Technology Stock Trend-AI Server And System Manufacturing,zh,#T#[TW AI Technology Stock Trend-AI Server And System Manufacturing]/zh_043.txt,公開新聞索引：緯創 Wistron｜毛利率及產品組合改善｜AI伺服器、ODM與系統製造股,bing.com,公開新聞搜尋索引,2024–2026 候選結果,2026-07-23,https://www.bing.com/news/search?q=%E7%B7%AF%E5%89%B5+Wistron+%E6%AF%9B%E5%88%A9%E7%8E%87%E5%8F%8A%E7%94%A2%E5%93%81%E7%B5%84%E5%90%88%E6%94%B9%E5%96%84+%E5%8F%B0%E8%82%A1+AI+%E7%A7%91%E6%8A%80%E8%82%A1+%E8%B5%B0%E5%8B%A2+%E6%96%B0%E8%81%9E+%E6%B3%95%E4%BA%BA+2024+2025+2026&setlang=zh-tw&FORM=HDRSC6,direct fine-grained sample,public news-search index,1914
TW AI Technology Stock Trend-AI Server And System Manufacturing,zh,#T#[TW AI Technology Stock Trend-AI Server And System Manufacturing]/zh_044.txt,公開新聞索引：緯穎 Wiwynn｜毛利率及產品組合改善｜AI伺服器、ODM與系統製造股,bing.com,公開新聞搜尋索引,2024–2026 候選結果,2026-07-23,https://www.bing.com/news/search?q=%E7%B7%AF%E7%A9%8E+Wiwynn+%E6%AF%9B%E5%88%A9%E7%8E%87%E5%8F%8A%E7%94%A2%E5%93%81%E7%B5%84%E5%90%88%E6%94%B9%E5%96%84+%E5%8F%B0%E8%82%A1+AI+%E7%A7%91%E6%8A%80%E8%82%A1+%E8%B5%B0%E5%8B%A2+%E6%96%B0%E8%81%9E+%E6%B3%95%E4%BA%BA+2024+2025+2026&setlang=zh-tw&FORM=HDRSC6,direct fine-grained sample,public news-search index,1909
TW AI Technology Stock Trend-AI Server And System Manufacturing,zh,#T#[TW AI Technology Stock Trend-AI Server And System Manufacturing]/zh_045.txt,公開新聞索引：英業達 Inventec｜毛利率及產品組合改善｜AI伺服器、ODM與系統製造股,bing.com,公開新聞搜尋索引,2024–2026 候選結果,2026-07-23,https://www.bing.com/news/search?q=%E8%8B%B1%E6%A5%AD%E9%81%94+Inventec+%E6%AF%9B%E5%88%A9%E7%8E%87%E5%8F%8A%E7%94%A2%E5%93%81%E7%B5%84%E5%90%88%E6%94%B9%E5%96%84+%E5%8F%B0%E8%82%A1+AI+%E7%A7%91%E6%8A%80%E8%82%A1+%E8%B5%B0%E5%8B%A2+%E6%96%B0%E8%81%9E+%E6%B3%95%E4%BA%BA+2024+2025+2026&setlang=zh-tw&FORM=HDRSC6,direct fine-grained sample,public news-search index,1932
TW AI Technology Stock Trend-AI Server And System Manufacturing,zh,#T#[TW AI Technology Stock Trend-AI Server And System Manufacturing]/zh_046.txt,公開新聞索引：和碩 Pegatron｜毛利率及產品組合改善｜AI伺服器、ODM與系統製造股,bing.com,公開新聞搜尋索引,2024–2026 候選結果,2026-07-23,https://www.bing.com/news/search?q=%E5%92%8C%E7%A2%A9+Pegatron+%E6%AF%9B%E5%88%A9%E7%8E%87%E5%8F%8A%E7%94%A2%E5%93%81%E7%B5%84%E5%90%88%E6%94%B9%E5%96%84+%E5%8F%B0%E8%82%A1+AI+%E7%A7%91%E6%8A%80%E8%82%A1+%E8%B5%B0%E5%8B%A2+%E6%96%B0%E8%81%9E+%E6%B3%95%E4%BA%BA+2024+2025+2026&setlang=zh-tw&FORM=HDRSC6,direct fine-grained sample,public news-search index,1920
TW AI Technology Stock Trend-AI Server And System Manufacturing,zh,#T#[TW AI Technology Stock Trend-AI Server And System Manufacturing]/zh_047.txt,公開新聞索引：技嘉 Gigabyte｜毛利率及產品組合改善｜AI伺服器、ODM與系統製造股,bing.com,公開新聞搜尋索引,2024–2026 候選結果,2026-07-23,https://www.bing.com/news/search?q=%E6%8A%80%E5%98%89+Gigabyte+%E6%AF%9B%E5%88%A9%E7%8E%87%E5%8F%8A%E7%94%A2%E5%93%81%E7%B5%84%E5%90%88%E6%94%B9%E5%96%84+%E5%8F%B0%E8%82%A1+AI+%E7%A7%91%E6%8A%80%E8%82%A1+%E8%B5%B0%E5%8B%A2+%E6%96%B0%E8%81%9E+%E6%B3%95%E4%BA%BA+2024+2025+2026&setlang=zh-tw&FORM=HDRSC6,direct fine-grained sample,public news-search index,1923
TW AI Technology Stock Trend-AI Server And System Manufacturing,zh,#T#[TW AI Technology Stock Trend-AI Server And System Manufacturing]/zh_048.txt,公開新聞索引：華碩 ASUSTeK｜毛利率及產品組合改善｜AI伺服器、ODM與系統製造股,bing.com,公開新聞搜尋索引,2024–2026 候選結果,2026-07-23,https://www.bing.com/news/search?q=%E8%8F%AF%E7%A2%A9+ASUSTeK+%E6%AF%9B%E5%88%A9%E7%8E%87%E5%8F%8A%E7%94%A2%E5%93%81%E7%B5%84%E5%90%88%E6%94%B9%E5%96%84+%E5%8F%B0%E8%82%A1+AI+%E7%A7%91%E6%8A%80%E8%82%A1+%E8%B5%B0%E5%8B%A2+%E6%96%B0%E8%81%9E+%E6%B3%95%E4%BA%BA+2024+2025+2026&setlang=zh-tw&FORM=HDRSC6,direct fine-grained sample,public news-search index,1916
TW AI Technology Stock Trend-AI Server And System Manufacturing,zh,#T#[TW AI Technology Stock Trend-AI Server And System Manufacturing]/zh_049.txt,公開新聞索引：微星 MSI｜毛利率及產品組合改善｜AI伺服器、ODM與系統製造股,bing.com,公開新聞搜尋索引,2024–2026 候選結果,2026-07-23,https://www.bing.com/news/search?q=%E5%BE%AE%E6%98%9F+MSI+%E6%AF%9B%E5%88%A9%E7%8E%87%E5%8F%8A%E7%94%A2%E5%93%81%E7%B5%84%E5%90%88%E6%94%B9%E5%96%84+%E5%8F%B0%E8%82%A1+AI+%E7%A7%91%E6%8A%80%E8%82%A1+%E8%B5%B0%E5%8B%A2+%E6%96%B0%E8%81%9E+%E6%B3%95%E4%BA%BA+2024+2025+2026&setlang=zh-tw&FORM=HDRSC6,direct fine-grained sample,public news-search index,1900
TW AI Technology Stock Trend-AI Server And System Manufacturing,zh,#T#[TW AI Technology Stock Trend-AI Server And System Manufacturing]/zh_050.txt,公開新聞索引：神達 MiTAC｜毛利率及產品組合改善｜AI伺服器、ODM與系統製造股,bing.com,公開新聞搜尋索引,2024–2026 候選結果,2026-07-23,https://www.bing.com/news/search?q=%E7%A5%9E%E9%81%94+MiTAC+%E6%AF%9B%E5%88%A9%E7%8E%87%E5%8F%8A%E7%94%A2%E5%93%81%E7%B5%84%E5%90%88%E6%94%B9%E5%96%84+%E5%8F%B0%E8%82%A1+AI+%E7%A7%91%E6%8A%80%E8%82%A1+%E8%B5%B0%E5%8B%A2+%E6%96%B0%E8%81%9E+%E6%B3%95%E4%BA%BA+2024+2025+2026&setlang=zh-tw&FORM=HDRSC6,direct fine-grained sample,public news-search index,1906
TW AI Technology Stock Trend-AI Server And System Manufacturing,zh,#T#[TW AI Technology Stock Trend-AI Server And System Manufacturing]/zh_051.txt,公開新聞索引：營邦 AIC｜毛利率及產品組合改善｜AI伺服器、ODM與系統製造股,bing.com,公開新聞搜尋索引,2024–2026 候選結果,2026-07-23,https://www.bing.com/news/search?q=%E7%87%9F%E9%82%A6+AIC+%E6%AF%9B%E5%88%A9%E7%8E%87%E5%8F%8A%E7%94%A2%E5%93%81%E7%B5%84%E5%90%88%E6%94%B9%E5%96%84+%E5%8F%B0%E8%82%A1+AI+%E7%A7%91%E6%8A%80%E8%82%A1+%E8%B5%B0%E5%8B%A2+%E6%96%B0%E8%81%9E+%E6%B3%95%E4%BA%BA+2024+2025+2026&setlang=zh-tw&FORM=HDRSC6,direct fine-grained sample,public news-search index,1895
TW AI Technology Stock Trend-AI Server And System Manufacturing,zh,#T#[TW AI Technology Stock Trend-AI Server And System Manufacturing]/zh_052.txt,公開新聞索引：勤誠 Chenbro｜毛利率及產品組合改善｜AI伺服器、ODM與系統製造股,bing.com,公開新聞搜尋索引,2024–2026 候選結果,2026-07-23,https://www.bing.com/news/search?q=%E5%8B%A4%E8%AA%A0+Chenbro+%E6%AF%9B%E5%88%A9%E7%8E%87%E5%8F%8A%E7%94%A2%E5%93%81%E7%B5%84%E5%90%88%E6%94%B9%E5%96%84+%E5%8F%B0%E8%82%A1+AI+%E7%A7%91%E6%8A%80%E8%82%A1+%E8%B5%B0%E5%8B%A2+%E6%96%B0%E8%81%9E+%E6%B3%95%E4%BA%BA+2024+2025+2026&setlang=zh-tw&FORM=HDRSC6,direct fine-grained sample,public news-search index,1912
TW AI Technology Stock Trend-AI Server And System Manufacturing,zh,#T#[TW AI Technology Stock Trend-AI Server And System Manufacturing]/zh_053.txt,公開新聞索引：研華 Advantech｜毛利率及產品組合改善｜AI伺服器、ODM與系統製造股,bing.com,公開新聞搜尋索引,2024–2026 候選結果,2026-07-23,https://www.bing.com/news/search?q=%E7%A0%94%E8%8F%AF+Advantech+%E6%AF%9B%E5%88%A9%E7%8E%87%E5%8F%8A%E7%94%A2%E5%93%81%E7%B5%84%E5%90%88%E6%94%B9%E5%96%84+%E5%8F%B0%E8%82%A1+AI+%E7%A7%91%E6%8A%80%E8%82%A1+%E8%B5%B0%E5%8B%A2+%E6%96%B0%E8%81%9E+%E6%B3%95%E4%BA%BA+2024+2025+2026&setlang=zh-tw&FORM=HDRSC6,direct fine-grained sample,public news-search index,1922
TW AI Technology Stock Trend-AI Server And System Manufacturing,zh,#T#[TW AI Technology Stock Trend-AI Server And System Manufacturing]/zh_054.txt,公開新聞索引：樺漢 Ennoconn｜毛利率及產品組合改善｜AI伺服器、ODM與系統製造股,bing.com,公開新聞搜尋索引,2024–2026 候選結果,2026-07-23,https://www.bing.com/news/search?q=%E6%A8%BA%E6%BC%A2+Ennoconn+%E6%AF%9B%E5%88%A9%E7%8E%87%E5%8F%8A%E7%94%A2%E5%93%81%E7%B5%84%E5%90%88%E6%94%B9%E5%96%84+%E5%8F%B0%E8%82%A1+AI+%E7%A7%91%E6%8A%80%E8%82%A1+%E8%B5%B0%E5%8B%A2+%E6%96%B0%E8%81%9E+%E6%B3%95%E4%BA%BA+2024+2025+2026&setlang=zh-tw&FORM=HDRSC6,direct fine-grained sample,public news-search index,1917
TW AI Technology Stock Trend-AI Server And System Manufacturing,zh,#T#[TW AI Technology Stock Trend-AI Server And System Manufacturing]/zh_055.txt,公開新聞索引：凌華 ADLINK｜毛利率及產品組合改善｜AI伺服器、ODM與系統製造股,bing.com,公開新聞搜尋索引,2024–2026 候選結果,2026-07-23,https://www.bing.com/news/search?q=%E5%87%8C%E8%8F%AF+ADLINK+%E6%AF%9B%E5%88%A9%E7%8E%87%E5%8F%8A%E7%94%A2%E5%93%81%E7%B5%84%E5%90%88%E6%94%B9%E5%96%84+%E5%8F%B0%E8%82%A1+AI+%E7%A7%91%E6%8A%80%E8%82%A1+%E8%B5%B0%E5%8B%A2+%E6%96%B0%E8%81%9E+%E6%B3%95%E4%BA%BA+2024+2025+2026&setlang=zh-tw&FORM=HDRSC6,direct fine-grained sample,public news-search index,1912
TW AI Technology Stock Trend-AI Server And System Manufacturing,zh,#T#[TW AI Technology Stock Trend-AI Server And System Manufacturing]/zh_056.txt,公開新聞索引：立端 Lanner｜毛利率及產品組合改善｜AI伺服器、ODM與系統製造股,bing.com,公開新聞搜尋索引,2024–2026 候選結果,2026-07-23,https://www.bing.com/news/search?q=%E7%AB%8B%E7%AB%AF+Lanner+%E6%AF%9B%E5%88%A9%E7%8E%87%E5%8F%8A%E7%94%A2%E5%93%81%E7%B5%84%E5%90%88%E6%94%B9%E5%96%84+%E5%8F%B0%E8%82%A1+AI+%E7%A7%91%E6%8A%80%E8%82%A1+%E8%B5%B0%E5%8B%A2+%E6%96%B0%E8%81%9E+%E6%B3%95%E4%BA%BA+2024+2025+2026&setlang=zh-tw&FORM=HDRSC6,direct fine-grained sample,public news-search index,1912
TW AI Technology Stock Trend-AI Server And System Manufacturing,zh,#T#[TW AI Technology Stock Trend-AI Server And System Manufacturing]/zh_057.txt,公開新聞索引：威強電 IEI Integration｜毛利率及產品組合改善｜AI伺服器、ODM與系統製造股,bing.com,公開新聞搜尋索引,2024–2026 候選結果,2026-07-23,https://www.bing.com/news/search?q=%E5%A8%81%E5%BC%B7%E9%9B%BB+IEI+Integration+%E6%AF%9B%E5%88%A9%E7%8E%87%E5%8F%8A%E7%94%A2%E5%93%81%E7%B5%84%E5%90%88%E6%94%B9%E5%96%84+%E5%8F%B0%E8%82%A1+AI+%E7%A7%91%E6%8A%80%E8%82%A1+%E8%B5%B0%E5%8B%A2+%E6%96%B0%E8%81%9E+%E6%B3%95%E4%BA%BA+2024+2025+2026&setlang=zh-tw&FORM=HDRSC6,direct fine-grained sample,public news-search index,1963
TW AI Technology Stock Trend-AI Server And System Manufacturing,zh,#T#[TW AI Technology Stock Trend-AI Server And System Manufacturing]/zh_058.txt,公開新聞索引：佳世達 Qisda｜毛利率及產品組合改善｜AI伺服器、ODM與系統製造股,bing.com,公開新聞搜尋索引,2024–2026 候選結果,2026-07-23,https://www.bing.com/news/search?q=%E4%BD%B3%E4%B8%96%E9%81%94+Qisda+%E6%AF%9B%E5%88%A9%E7%8E%87%E5%8F%8A%E7%94%A2%E5%93%81%E7%B5%84%E5%90%88%E6%94%B9%E5%96%84+%E5%8F%B0%E8%82%A1+AI+%E7%A7%91%E6%8A%80%E8%82%A1+%E8%B5%B0%E5%8B%A2+%E6%96%B0%E8%81%9E+%E6%B3%95%E4%BA%BA+2024+2025+2026&setlang=zh-tw&FORM=HDRSC6,direct fine-grained sample,public news-search index,1920
TW AI Technology Stock Trend-AI Server And System Manufacturing,zh,#T#[TW AI Technology Stock Trend-AI Server And System Manufacturing]/zh_059.txt,公開新聞索引：新漢 NEXCOM｜毛利率及產品組合改善｜AI伺服器、ODM與系統製造股,bing.com,公開新聞搜尋索引,2024–2026 候選結果,2026-07-23,https://www.bing.com/news/search?q=%E6%96%B0%E6%BC%A2+NEXCOM+%E6%AF%9B%E5%88%A9%E7%8E%87%E5%8F%8A%E7%94%A2%E5%93%81%E7%B5%84%E5%90%88%E6%94%B9%E5%96%84+%E5%8F%B0%E8%82%A1+AI+%E7%A7%91%E6%8A%80%E8%82%A1+%E8%B5%B0%E5%8B%A2+%E6%96%B0%E8%81%9E+%E6%B3%95%E4%BA%BA+2024+2025+2026&setlang=zh-tw&FORM=HDRSC6,direct fine-grained sample,public news-search index,1912
TW AI Technology Stock Trend-AI Server And System Manufacturing,zh,#T#[TW AI Technology Stock Trend-AI Server And System Manufacturing]/zh_060.txt,公開新聞索引：宏碁 Acer｜毛利率及產品組合改善｜AI伺服器、ODM與系統製造股,bing.com,公開新聞搜尋索引,2024–2026 候選結果,2026-07-23,https://www.bing.com/news/search?q=%E5%AE%8F%E7%A2%81+Acer+%E6%AF%9B%E5%88%A9%E7%8E%87%E5%8F%8A%E7%94%A2%E5%93%81%E7%B5%84%E5%90%88%E6%94%B9%E5%96%84+%E5%8F%B0%E8%82%A1+AI+%E7%A7%91%E6%8A%80%E8%82%A1+%E8%B5%B0%E5%8B%A2+%E6%96%B0%E8%81%9E+%E6%B3%95%E4%BA%BA+2024+2025+2026&setlang=zh-tw&FORM=HDRSC6,direct fine-grained sample,public news-search index,1902
TW AI Technology Stock Trend-AI Server And System Manufacturing,zh,#T#[TW AI Technology Stock Trend-AI Server And System Manufacturing]/zh_061.txt,公開新聞索引：鴻海 Hon Hai｜輝達平台世代轉換｜AI伺服器、ODM與系統製造股,bing.com,公開新聞搜尋索引,2024–2026 候選結果,2026-07-23,https://www.bing.com/news/search?q=%E9%B4%BB%E6%B5%B7+Hon+Hai+%E8%BC%9D%E9%81%94%E5%B9%B3%E5%8F%B0%E4%B8%96%E4%BB%A3%E8%BD%89%E6%8F%9B+%E5%8F%B0%E8%82%A1+AI+%E7%A7%91%E6%8A%80%E8%82%A1+%E8%B5%B0%E5%8B%A2+%E6%96%B0%E8%81%9E+%E6%B3%95%E4%BA%BA+2024+2025+2026&setlang=zh-tw&FORM=HDRSC6,direct fine-grained sample,public news-search index,1887
TW AI Technology Stock Trend-AI Server And System Manufacturing,zh,#T#[TW AI Technology Stock Trend-AI Server And System Manufacturing]/zh_062.txt,公開新聞索引：廣達 Quanta｜輝達平台世代轉換｜AI伺服器、ODM與系統製造股,bing.com,公開新聞搜尋索引,2024–2026 候選結果,2026-07-23,https://www.bing.com/news/search?q=%E5%BB%A3%E9%81%94+Quanta+%E8%BC%9D%E9%81%94%E5%B9%B3%E5%8F%B0%E4%B8%96%E4%BB%A3%E8%BD%89%E6%8F%9B+%E5%8F%B0%E8%82%A1+AI+%E7%A7%91%E6%8A%80%E8%82%A1+%E8%B5%B0%E5%8B%A2+%E6%96%B0%E8%81%9E+%E6%B3%95%E4%BA%BA+2024+2025+2026&setlang=zh-tw&FORM=HDRSC6,direct fine-grained sample,public news-search index,1884
TW AI Technology Stock Trend-AI Server And System Manufacturing,zh,#T#[TW AI Technology Stock Trend-AI Server And System Manufacturing]/zh_063.txt,公開新聞索引：緯創 Wistron｜輝達平台世代轉換｜AI伺服器、ODM與系統製造股,bing.com,公開新聞搜尋索引,2024–2026 候選結果,2026-07-23,https://www.bing.com/news/search?q=%E7%B7%AF%E5%89%B5+Wistron+%E8%BC%9D%E9%81%94%E5%B9%B3%E5%8F%B0%E4%B8%96%E4%BB%A3%E8%BD%89%E6%8F%9B+%E5%8F%B0%E8%82%A1+AI+%E7%A7%91%E6%8A%80%E8%82%A1+%E8%B5%B0%E5%8B%A2+%E6%96%B0%E8%81%9E+%E6%B3%95%E4%BA%BA+2024+2025+2026&setlang=zh-tw&FORM=HDRSC6,direct fine-grained sample,public news-search index,1890
TW AI Technology Stock Trend-AI Server And System Manufacturing,zh,#T#[TW AI Technology Stock Trend-AI Server And System Manufacturing]/zh_064.txt,公開新聞索引：緯穎 Wiwynn｜輝達平台世代轉換｜AI伺服器、ODM與系統製造股,bing.com,公開新聞搜尋索引,2024–2026 候選結果,2026-07-23,https://www.bing.com/news/search?q=%E7%B7%AF%E7%A9%8E+Wiwynn+%E8%BC%9D%E9%81%94%E5%B9%B3%E5%8F%B0%E4%B8%96%E4%BB%A3%E8%BD%89%E6%8F%9B+%E5%8F%B0%E8%82%A1+AI+%E7%A7%91%E6%8A%80%E8%82%A1+%E8%B5%B0%E5%8B%A2+%E6%96%B0%E8%81%9E+%E6%B3%95%E4%BA%BA+2024+2025+2026&setlang=zh-tw&FORM=HDRSC6,direct fine-grained sample,public news-search index,1885
TW AI Technology Stock Trend-AI Server And System Manufacturing,zh,#T#[TW AI Technology Stock Trend-AI Server And System Manufacturing]/zh_065.txt,公開新聞索引：英業達 Inventec｜輝達平台世代轉換｜AI伺服器、ODM與系統製造股,bing.com,公開新聞搜尋索引,2024–2026 候選結果,2026-07-23,https://www.bing.com/news/search?q=%E8%8B%B1%E6%A5%AD%E9%81%94+Inventec+%E8%BC%9D%E9%81%94%E5%B9%B3%E5%8F%B0%E4%B8%96%E4%BB%A3%E8%BD%89%E6%8F%9B+%E5%8F%B0%E8%82%A1+AI+%E7%A7%91%E6%8A%80%E8%82%A1+%E8%B5%B0%E5%8B%A2+%E6%96%B0%E8%81%9E+%E6%B3%95%E4%BA%BA+2024+2025+2026&setlang=zh-tw&FORM=HDRSC6,direct fine-grained sample,public news-search index,1908
TW AI Technology Stock Trend-AI Server And System Manufacturing,zh,#T#[TW AI Technology Stock Trend-AI Server And System Manufacturing]/zh_066.txt,公開新聞索引：和碩 Pegatron｜輝達平台世代轉換｜AI伺服器、ODM與系統製造股,bing.com,公開新聞搜尋索引,2024–2026 候選結果,2026-07-23,https://www.bing.com/news/search?q=%E5%92%8C%E7%A2%A9+Pegatron+%E8%BC%9D%E9%81%94%E5%B9%B3%E5%8F%B0%E4%B8%96%E4%BB%A3%E8%BD%89%E6%8F%9B+%E5%8F%B0%E8%82%A1+AI+%E7%A7%91%E6%8A%80%E8%82%A1+%E8%B5%B0%E5%8B%A2+%E6%96%B0%E8%81%9E+%E6%B3%95%E4%BA%BA+2024+2025+2026&setlang=zh-tw&FORM=HDRSC6,direct fine-grained sample,public news-search index,1896
TW AI Technology Stock Trend-AI Server And System Manufacturing,zh,#T#[TW AI Technology Stock Trend-AI Server And System Manufacturing]/zh_067.txt,公開新聞索引：技嘉 Gigabyte｜輝達平台世代轉換｜AI伺服器、ODM與系統製造股,bing.com,公開新聞搜尋索引,2024–2026 候選結果,2026-07-23,https://www.bing.com/news/search?q=%E6%8A%80%E5%98%89+Gigabyte+%E8%BC%9D%E9%81%94%E5%B9%B3%E5%8F%B0%E4%B8%96%E4%BB%A3%E8%BD%89%E6%8F%9B+%E5%8F%B0%E8%82%A1+AI+%E7%A7%91%E6%8A%80%E8%82%A1+%E8%B5%B0%E5%8B%A2+%E6%96%B0%E8%81%9E+%E6%B3%95%E4%BA%BA+2024+2025+2026&setlang=zh-tw&FORM=HDRSC6,direct fine-grained sample,public news-search index,1899
TW AI Technology Stock Trend-AI Server And System Manufacturing,zh,#T#[TW AI Technology Stock Trend-AI Server And System Manufacturing]/zh_068.txt,公開新聞索引：華碩 ASUSTeK｜輝達平台世代轉換｜AI伺服器、ODM與系統製造股,bing.com,公開新聞搜尋索引,2024–2026 候選結果,2026-07-23,https://www.bing.com/news/search?q=%E8%8F%AF%E7%A2%A9+ASUSTeK+%E8%BC%9D%E9%81%94%E5%B9%B3%E5%8F%B0%E4%B8%96%E4%BB%A3%E8%BD%89%E6%8F%9B+%E5%8F%B0%E8%82%A1+AI+%E7%A7%91%E6%8A%80%E8%82%A1+%E8%B5%B0%E5%8B%A2+%E6%96%B0%E8%81%9E+%E6%B3%95%E4%BA%BA+2024+2025+2026&setlang=zh-tw&FORM=HDRSC6,direct fine-grained sample,public news-search index,1892
TW AI Technology Stock Trend-AI Server And System Manufacturing,zh,#T#[TW AI Technology Stock Trend-AI Server And System Manufacturing]/zh_069.txt,公開新聞索引：微星 MSI｜輝達平台世代轉換｜AI伺服器、ODM與系統製造股,bing.com,公開新聞搜尋索引,2024–2026 候選結果,2026-07-23,https://www.bing.com/news/search?q=%E5%BE%AE%E6%98%9F+MSI+%E8%BC%9D%E9%81%94%E5%B9%B3%E5%8F%B0%E4%B8%96%E4%BB%A3%E8%BD%89%E6%8F%9B+%E5%8F%B0%E8%82%A1+AI+%E7%A7%91%E6%8A%80%E8%82%A1+%E8%B5%B0%E5%8B%A2+%E6%96%B0%E8%81%9E+%E6%B3%95%E4%BA%BA+2024+2025+2026&setlang=zh-tw&FORM=HDRSC6,direct fine-grained sample,public news-search index,1876
TW AI Technology Stock Trend-AI Server And System Manufacturing,zh,#T#[TW AI Technology Stock Trend-AI Server And System Manufacturing]/zh_070.txt,公開新聞索引：神達 MiTAC｜輝達平台世代轉換｜AI伺服器、ODM與系統製造股,bing.com,公開新聞搜尋索引,2024–2026 候選結果,2026-07-23,https://www.bing.com/news/search?q=%E7%A5%9E%E9%81%94+MiTAC+%E8%BC%9D%E9%81%94%E5%B9%B3%E5%8F%B0%E4%B8%96%E4%BB%A3%E8%BD%89%E6%8F%9B+%E5%8F%B0%E8%82%A1+AI+%E7%A7%91%E6%8A%80%E8%82%A1+%E8%B5%B0%E5%8B%A2+%E6%96%B0%E8%81%9E+%E6%B3%95%E4%BA%BA+2024+2025+2026&setlang=zh-tw&FORM=HDRSC6,direct fine-grained sample,public news-search index,1882
TW AI Technology Stock Trend-AI Server And System Manufacturing,zh,#T#[TW AI Technology Stock Trend-AI Server And System Manufacturing]/zh_071.txt,公開新聞索引：營邦 AIC｜輝達平台世代轉換｜AI伺服器、ODM與系統製造股,bing.com,公開新聞搜尋索引,2024–2026 候選結果,2026-07-23,https://www.bing.com/news/search?q=%E7%87%9F%E9%82%A6+AIC+%E8%BC%9D%E9%81%94%E5%B9%B3%E5%8F%B0%E4%B8%96%E4%BB%A3%E8%BD%89%E6%8F%9B+%E5%8F%B0%E8%82%A1+AI+%E7%A7%91%E6%8A%80%E8%82%A1+%E8%B5%B0%E5%8B%A2+%E6%96%B0%E8%81%9E+%E6%B3%95%E4%BA%BA+2024+2025+2026&setlang=zh-tw&FORM=HDRSC6,direct fine-grained sample,public news-search index,1871
TW AI Technology Stock Trend-AI Server And System Manufacturing,zh,#T#[TW AI Technology Stock Trend-AI Server And System Manufacturing]/zh_072.txt,公開新聞索引：勤誠 Chenbro｜輝達平台世代轉換｜AI伺服器、ODM與系統製造股,bing.com,公開新聞搜尋索引,2024–2026 候選結果,2026-07-23,https://www.bing.com/news/search?q=%E5%8B%A4%E8%AA%A0+Chenbro+%E8%BC%9D%E9%81%94%E5%B9%B3%E5%8F%B0%E4%B8%96%E4%BB%A3%E8%BD%89%E6%8F%9B+%E5%8F%B0%E8%82%A1+AI+%E7%A7%91%E6%8A%80%E8%82%A1+%E8%B5%B0%E5%8B%A2+%E6%96%B0%E8%81%9E+%E6%B3%95%E4%BA%BA+2024+2025+2026&setlang=zh-tw&FORM=HDRSC6,direct fine-grained sample,public news-search index,1888
TW AI Technology Stock Trend-AI Server And System Manufacturing,zh,#T#[TW AI Technology Stock Trend-AI Server And System Manufacturing]/zh_073.txt,公開新聞索引：研華 Advantech｜輝達平台世代轉換｜AI伺服器、ODM與系統製造股,bing.com,公開新聞搜尋索引,2024–2026 候選結果,2026-07-23,https://www.bing.com/news/search?q=%E7%A0%94%E8%8F%AF+Advantech+%E8%BC%9D%E9%81%94%E5%B9%B3%E5%8F%B0%E4%B8%96%E4%BB%A3%E8%BD%89%E6%8F%9B+%E5%8F%B0%E8%82%A1+AI+%E7%A7%91%E6%8A%80%E8%82%A1+%E8%B5%B0%E5%8B%A2+%E6%96%B0%E8%81%9E+%E6%B3%95%E4%BA%BA+2024+2025+2026&setlang=zh-tw&FORM=HDRSC6,direct fine-grained sample,public news-search index,1898
TW AI Technology Stock Trend-AI Server And System Manufacturing,zh,#T#[TW AI Technology Stock Trend-AI Server And System Manufacturing]/zh_074.txt,公開新聞索引：樺漢 Ennoconn｜輝達平台世代轉換｜AI伺服器、ODM與系統製造股,bing.com,公開新聞搜尋索引,2024–2026 候選結果,2026-07-23,https://www.bing.com/news/search?q=%E6%A8%BA%E6%BC%A2+Ennoconn+%E8%BC%9D%E9%81%94%E5%B9%B3%E5%8F%B0%E4%B8%96%E4%BB%A3%E8%BD%89%E6%8F%9B+%E5%8F%B0%E8%82%A1+AI+%E7%A7%91%E6%8A%80%E8%82%A1+%E8%B5%B0%E5%8B%A2+%E6%96%B0%E8%81%9E+%E6%B3%95%E4%BA%BA+2024+2025+2026&setlang=zh-tw&FORM=HDRSC6,direct fine-grained sample,public news-search index,1893
TW AI Technology Stock Trend-AI Server And System Manufacturing,zh,#T#[TW AI Technology Stock Trend-AI Server And System Manufacturing]/zh_075.txt,公開新聞索引：凌華 ADLINK｜輝達平台世代轉換｜AI伺服器、ODM與系統製造股,bing.com,公開新聞搜尋索引,2024–2026 候選結果,2026-07-23,https://www.bing.com/news/search?q=%E5%87%8C%E8%8F%AF+ADLINK+%E8%BC%9D%E9%81%94%E5%B9%B3%E5%8F%B0%E4%B8%96%E4%BB%A3%E8%BD%89%E6%8F%9B+%E5%8F%B0%E8%82%A1+AI+%E7%A7%91%E6%8A%80%E8%82%A1+%E8%B5%B0%E5%8B%A2+%E6%96%B0%E8%81%9E+%E6%B3%95%E4%BA%BA+2024+2025+2026&setlang=zh-tw&FORM=HDRSC6,direct fine-grained sample,public news-search index,1888
TW AI Technology Stock Trend-AI Server And System Manufacturing,zh,#T#[TW AI Technology Stock Trend-AI Server And System Manufacturing]/zh_076.txt,公開新聞索引：立端 Lanner｜輝達平台世代轉換｜AI伺服器、ODM與系統製造股,bing.com,公開新聞搜尋索引,2024–2026 候選結果,2026-07-23,https://www.bing.com/news/search?q=%E7%AB%8B%E7%AB%AF+Lanner+%E8%BC%9D%E9%81%94%E5%B9%B3%E5%8F%B0%E4%B8%96%E4%BB%A3%E8%BD%89%E6%8F%9B+%E5%8F%B0%E8%82%A1+AI+%E7%A7%91%E6%8A%80%E8%82%A1+%E8%B5%B0%E5%8B%A2+%E6%96%B0%E8%81%9E+%E6%B3%95%E4%BA%BA+2024+2025+2026&setlang=zh-tw&FORM=HDRSC6,direct fine-grained sample,public news-search index,1888
TW AI Technology Stock Trend-AI Server And System Manufacturing,zh,#T#[TW AI Technology Stock Trend-AI Server And System Manufacturing]/zh_077.txt,公開新聞索引：威強電 IEI Integration｜輝達平台世代轉換｜AI伺服器、ODM與系統製造股,bing.com,公開新聞搜尋索引,2024–2026 候選結果,2026-07-23,https://www.bing.com/news/search?q=%E5%A8%81%E5%BC%B7%E9%9B%BB+IEI+Integration+%E8%BC%9D%E9%81%94%E5%B9%B3%E5%8F%B0%E4%B8%96%E4%BB%A3%E8%BD%89%E6%8F%9B+%E5%8F%B0%E8%82%A1+AI+%E7%A7%91%E6%8A%80%E8%82%A1+%E8%B5%B0%E5%8B%A2+%E6%96%B0%E8%81%9E+%E6%B3%95%E4%BA%BA+2024+2025+2026&setlang=zh-tw&FORM=HDRSC6,direct fine-grained sample,public news-search index,1939
TW AI Technology Stock Trend-AI Server And System Manufacturing,zh,#T#[TW AI Technology Stock Trend-AI Server And System Manufacturing]/zh_078.txt,公開新聞索引：佳世達 Qisda｜輝達平台世代轉換｜AI伺服器、ODM與系統製造股,bing.com,公開新聞搜尋索引,2024–2026 候選結果,2026-07-23,https://www.bing.com/news/search?q=%E4%BD%B3%E4%B8%96%E9%81%94+Qisda+%E8%BC%9D%E9%81%94%E5%B9%B3%E5%8F%B0%E4%B8%96%E4%BB%A3%E8%BD%89%E6%8F%9B+%E5%8F%B0%E8%82%A1+AI+%E7%A7%91%E6%8A%80%E8%82%A1+%E8%B5%B0%E5%8B%A2+%E6%96%B0%E8%81%9E+%E6%B3%95%E4%BA%BA+2024+2025+2026&setlang=zh-tw&FORM=HDRSC6,direct fine-grained sample,public news-search index,1896
TW AI Technology Stock Trend-AI Server And System Manufacturing,zh,#T#[TW AI Technology Stock Trend-AI Server And System Manufacturing]/zh_079.txt,公開新聞索引：新漢 NEXCOM｜輝達平台世代轉換｜AI伺服器、ODM與系統製造股,bing.com,公開新聞搜尋索引,2024–2026 候選結果,2026-07-23,https://www.bing.com/news/search?q=%E6%96%B0%E6%BC%A2+NEXCOM+%E8%BC%9D%E9%81%94%E5%B9%B3%E5%8F%B0%E4%B8%96%E4%BB%A3%E8%BD%89%E6%8F%9B+%E5%8F%B0%E8%82%A1+AI+%E7%A7%91%E6%8A%80%E8%82%A1+%E8%B5%B0%E5%8B%A2+%E6%96%B0%E8%81%9E+%E6%B3%95%E4%BA%BA+2024+2025+2026&setlang=zh-tw&FORM=HDRSC6,direct fine-grained sample,public news-search index,1888
TW AI Technology Stock Trend-AI Server And System Manufacturing,zh,#T#[TW AI Technology Stock Trend-AI Server And System Manufacturing]/zh_080.txt,公開新聞索引：宏碁 Acer｜輝達平台世代轉換｜AI伺服器、ODM與系統製造股,bing.com,公開新聞搜尋索引,2024–2026 候選結果,2026-07-23,https://www.bing.com/news/search?q=%E5%AE%8F%E7%A2%81+Acer+%E8%BC%9D%E9%81%94%E5%B9%B3%E5%8F%B0%E4%B8%96%E4%BB%A3%E8%BD%89%E6%8F%9B+%E5%8F%B0%E8%82%A1+AI+%E7%A7%91%E6%8A%80%E8%82%A1+%E8%B5%B0%E5%8B%A2+%E6%96%B0%E8%81%9E+%E6%B3%95%E4%BA%BA+2024+2025+2026&setlang=zh-tw&FORM=HDRSC6,direct fine-grained sample,public news-search index,1878
TW AI Technology Stock Trend-AI Server And System Manufacturing,zh,#T#[TW AI Technology Stock Trend-AI Server And System Manufacturing]/zh_081.txt,公開新聞索引：鴻海 Hon Hai｜訂單遞延、缺料與交付風險｜AI伺服器、ODM與系統製造股,bing.com,公開新聞搜尋索引,2024–2026 候選結果,2026-07-23,https://www.bing.com/news/search?q=%E9%B4%BB%E6%B5%B7+Hon+Hai+%E8%A8%82%E5%96%AE%E9%81%9E%E5%BB%B6%E3%80%81%E7%BC%BA%E6%96%99%E8%88%87%E4%BA%A4%E4%BB%98%E9%A2%A8%E9%9A%AA+%E5%8F%B0%E8%82%A1+AI+%E7%A7%91%E6%8A%80%E8%82%A1+%E8%B5%B0%E5%8B%A2+%E6%96%B0%E8%81%9E+%E6%B3%95%E4%BA%BA+2024+2025+2026&setlang=zh-tw&FORM=HDRSC6,direct fine-grained sample,public news-search index,1935
TW AI Technology Stock Trend-AI Server And System Manufacturing,zh,#T#[TW AI Technology Stock Trend-AI Server And System Manufacturing]/zh_082.txt,公開新聞索引：廣達 Quanta｜訂單遞延、缺料與交付風險｜AI伺服器、ODM與系統製造股,bing.com,公開新聞搜尋索引,2024–2026 候選結果,2026-07-23,https://www.bing.com/news/search?q=%E5%BB%A3%E9%81%94+Quanta+%E8%A8%82%E5%96%AE%E9%81%9E%E5%BB%B6%E3%80%81%E7%BC%BA%E6%96%99%E8%88%87%E4%BA%A4%E4%BB%98%E9%A2%A8%E9%9A%AA+%E5%8F%B0%E8%82%A1+AI+%E7%A7%91%E6%8A%80%E8%82%A1+%E8%B5%B0%E5%8B%A2+%E6%96%B0%E8%81%9E+%E6%B3%95%E4%BA%BA+2024+2025+2026&setlang=zh-tw&FORM=HDRSC6,direct fine-grained sample,public news-search index,1932
TW AI Technology Stock Trend-AI Server And System Manufacturing,zh,#T#[TW AI Technology Stock Trend-AI Server And System Manufacturing]/zh_083.txt,公開新聞索引：緯創 Wistron｜訂單遞延、缺料與交付風險｜AI伺服器、ODM與系統製造股,bing.com,公開新聞搜尋索引,2024–2026 候選結果,2026-07-23,https://www.bing.com/news/search?q=%E7%B7%AF%E5%89%B5+Wistron+%E8%A8%82%E5%96%AE%E9%81%9E%E5%BB%B6%E3%80%81%E7%BC%BA%E6%96%99%E8%88%87%E4%BA%A4%E4%BB%98%E9%A2%A8%E9%9A%AA+%E5%8F%B0%E8%82%A1+AI+%E7%A7%91%E6%8A%80%E8%82%A1+%E8%B5%B0%E5%8B%A2+%E6%96%B0%E8%81%9E+%E6%B3%95%E4%BA%BA+2024+2025+2026&setlang=zh-tw&FORM=HDRSC6,direct fine-grained sample,public news-search index,1938
TW AI Technology Stock Trend-AI Server And System Manufacturing,zh,#T#[TW AI Technology Stock Trend-AI Server And System Manufacturing]/zh_084.txt,公開新聞索引：緯穎 Wiwynn｜訂單遞延、缺料與交付風險｜AI伺服器、ODM與系統製造股,bing.com,公開新聞搜尋索引,2024–2026 候選結果,2026-07-23,https://www.bing.com/news/search?q=%E7%B7%AF%E7%A9%8E+Wiwynn+%E8%A8%82%E5%96%AE%E9%81%9E%E5%BB%B6%E3%80%81%E7%BC%BA%E6%96%99%E8%88%87%E4%BA%A4%E4%BB%98%E9%A2%A8%E9%9A%AA+%E5%8F%B0%E8%82%A1+AI+%E7%A7%91%E6%8A%80%E8%82%A1+%E8%B5%B0%E5%8B%A2+%E6%96%B0%E8%81%9E+%E6%B3%95%E4%BA%BA+2024+2025+2026&setlang=zh-tw&FORM=HDRSC6,direct fine-grained sample,public news-search index,1933
TW AI Technology Stock Trend-AI Server And System Manufacturing,zh,#T#[TW AI Technology Stock Trend-AI Server And System Manufacturing]/zh_085.txt,公開新聞索引：英業達 Inventec｜訂單遞延、缺料與交付風險｜AI伺服器、ODM與系統製造股,bing.com,公開新聞搜尋索引,2024–2026 候選結果,2026-07-23,https://www.bing.com/news/search?q=%E8%8B%B1%E6%A5%AD%E9%81%94+Inventec+%E8%A8%82%E5%96%AE%E9%81%9E%E5%BB%B6%E3%80%81%E7%BC%BA%E6%96%99%E8%88%87%E4%BA%A4%E4%BB%98%E9%A2%A8%E9%9A%AA+%E5%8F%B0%E8%82%A1+AI+%E7%A7%91%E6%8A%80%E8%82%A1+%E8%B5%B0%E5%8B%A2+%E6%96%B0%E8%81%9E+%E6%B3%95%E4%BA%BA+2024+2025+2026&setlang=zh-tw&FORM=HDRSC6,direct fine-grained sample,public news-search index,1956
TW AI Technology Stock Trend-AI Server And System Manufacturing,zh,#T#[TW AI Technology Stock Trend-AI Server And System Manufacturing]/zh_086.txt,公開新聞索引：和碩 Pegatron｜訂單遞延、缺料與交付風險｜AI伺服器、ODM與系統製造股,bing.com,公開新聞搜尋索引,2024–2026 候選結果,2026-07-23,https://www.bing.com/news/search?q=%E5%92%8C%E7%A2%A9+Pegatron+%E8%A8%82%E5%96%AE%E9%81%9E%E5%BB%B6%E3%80%81%E7%BC%BA%E6%96%99%E8%88%87%E4%BA%A4%E4%BB%98%E9%A2%A8%E9%9A%AA+%E5%8F%B0%E8%82%A1+AI+%E7%A7%91%E6%8A%80%E8%82%A1+%E8%B5%B0%E5%8B%A2+%E6%96%B0%E8%81%9E+%E6%B3%95%E4%BA%BA+2024+2025+2026&setlang=zh-tw&FORM=HDRSC6,direct fine-grained sample,public news-search index,1944
TW AI Technology Stock Trend-AI Server And System Manufacturing,zh,#T#[TW AI Technology Stock Trend-AI Server And System Manufacturing]/zh_087.txt,公開新聞索引：技嘉 Gigabyte｜訂單遞延、缺料與交付風險｜AI伺服器、ODM與系統製造股,bing.com,公開新聞搜尋索引,2024–2026 候選結果,2026-07-23,https://www.bing.com/news/search?q=%E6%8A%80%E5%98%89+Gigabyte+%E8%A8%82%E5%96%AE%E9%81%9E%E5%BB%B6%E3%80%81%E7%BC%BA%E6%96%99%E8%88%87%E4%BA%A4%E4%BB%98%E9%A2%A8%E9%9A%AA+%E5%8F%B0%E8%82%A1+AI+%E7%A7%91%E6%8A%80%E8%82%A1+%E8%B5%B0%E5%8B%A2+%E6%96%B0%E8%81%9E+%E6%B3%95%E4%BA%BA+2024+2025+2026&setlang=zh-tw&FORM=HDRSC6,direct fine-grained sample,public news-search index,1947
TW AI Technology Stock Trend-AI Server And System Manufacturing,zh,#T#[TW AI Technology Stock Trend-AI Server And System Manufacturing]/zh_088.txt,公開新聞索引：華碩 ASUSTeK｜訂單遞延、缺料與交付風險｜AI伺服器、ODM與系統製造股,bing.com,公開新聞搜尋索引,2024–2026 候選結果,2026-07-23,https://www.bing.com/news/search?q=%E8%8F%AF%E7%A2%A9+ASUSTeK+%E8%A8%82%E5%96%AE%E9%81%9E%E5%BB%B6%E3%80%81%E7%BC%BA%E6%96%99%E8%88%87%E4%BA%A4%E4%BB%98%E9%A2%A8%E9%9A%AA+%E5%8F%B0%E8%82%A1+AI+%E7%A7%91%E6%8A%80%E8%82%A1+%E8%B5%B0%E5%8B%A2+%E6%96%B0%E8%81%9E+%E6%B3%95%E4%BA%BA+2024+2025+2026&setlang=zh-tw&FORM=HDRSC6,direct fine-grained sample,public news-search index,1940
TW AI Technology Stock Trend-AI Server And System Manufacturing,zh,#T#[TW AI Technology Stock Trend-AI Server And System Manufacturing]/zh_089.txt,公開新聞索引：微星 MSI｜訂單遞延、缺料與交付風險｜AI伺服器、ODM與系統製造股,bing.com,公開新聞搜尋索引,2024–2026 候選結果,2026-07-23,https://www.bing.com/news/search?q=%E5%BE%AE%E6%98%9F+MSI+%E8%A8%82%E5%96%AE%E9%81%9E%E5%BB%B6%E3%80%81%E7%BC%BA%E6%96%99%E8%88%87%E4%BA%A4%E4%BB%98%E9%A2%A8%E9%9A%AA+%E5%8F%B0%E8%82%A1+AI+%E7%A7%91%E6%8A%80%E8%82%A1+%E8%B5%B0%E5%8B%A2+%E6%96%B0%E8%81%9E+%E6%B3%95%E4%BA%BA+2024+2025+2026&setlang=zh-tw&FORM=HDRSC6,direct fine-grained sample,public news-search index,1924
TW AI Technology Stock Trend-AI Server And System Manufacturing,zh,#T#[TW AI Technology Stock Trend-AI Server And System Manufacturing]/zh_090.txt,公開新聞索引：神達 MiTAC｜訂單遞延、缺料與交付風險｜AI伺服器、ODM與系統製造股,bing.com,公開新聞搜尋索引,2024–2026 候選結果,2026-07-23,https://www.bing.com/news/search?q=%E7%A5%9E%E9%81%94+MiTAC+%E8%A8%82%E5%96%AE%E9%81%9E%E5%BB%B6%E3%80%81%E7%BC%BA%E6%96%99%E8%88%87%E4%BA%A4%E4%BB%98%E9%A2%A8%E9%9A%AA+%E5%8F%B0%E8%82%A1+AI+%E7%A7%91%E6%8A%80%E8%82%A1+%E8%B5%B0%E5%8B%A2+%E6%96%B0%E8%81%9E+%E6%B3%95%E4%BA%BA+2024+2025+2026&setlang=zh-tw&FORM=HDRSC6,direct fine-grained sample,public news-search index,1930
TW AI Technology Stock Trend-AI Server And System Manufacturing,zh,#T#[TW AI Technology Stock Trend-AI Server And System Manufacturing]/zh_091.txt,公開新聞索引：營邦 AIC｜訂單遞延、缺料與交付風險｜AI伺服器、ODM與系統製造股,bing.com,公開新聞搜尋索引,2024–2026 候選結果,2026-07-23,https://www.bing.com/news/search?q=%E7%87%9F%E9%82%A6+AIC+%E8%A8%82%E5%96%AE%E9%81%9E%E5%BB%B6%E3%80%81%E7%BC%BA%E6%96%99%E8%88%87%E4%BA%A4%E4%BB%98%E9%A2%A8%E9%9A%AA+%E5%8F%B0%E8%82%A1+AI+%E7%A7%91%E6%8A%80%E8%82%A1+%E8%B5%B0%E5%8B%A2+%E6%96%B0%E8%81%9E+%E6%B3%95%E4%BA%BA+2024+2025+2026&setlang=zh-tw&FORM=HDRSC6,direct fine-grained sample,public news-search index,1919
TW AI Technology Stock Trend-AI Server And System Manufacturing,zh,#T#[TW AI Technology Stock Trend-AI Server And System Manufacturing]/zh_092.txt,公開新聞索引：勤誠 Chenbro｜訂單遞延、缺料與交付風險｜AI伺服器、ODM與系統製造股,bing.com,公開新聞搜尋索引,2024–2026 候選結果,2026-07-23,https://www.bing.com/news/search?q=%E5%8B%A4%E8%AA%A0+Chenbro+%E8%A8%82%E5%96%AE%E9%81%9E%E5%BB%B6%E3%80%81%E7%BC%BA%E6%96%99%E8%88%87%E4%BA%A4%E4%BB%98%E9%A2%A8%E9%9A%AA+%E5%8F%B0%E8%82%A1+AI+%E7%A7%91%E6%8A%80%E8%82%A1+%E8%B5%B0%E5%8B%A2+%E6%96%B0%E8%81%9E+%E6%B3%95%E4%BA%BA+2024+2025+2026&setlang=zh-tw&FORM=HDRSC6,direct fine-grained sample,public news-search index,1936
TW AI Technology Stock Trend-AI Server And System Manufacturing,zh,#T#[TW AI Technology Stock Trend-AI Server And System Manufacturing]/zh_093.txt,公開新聞索引：研華 Advantech｜訂單遞延、缺料與交付風險｜AI伺服器、ODM與系統製造股,bing.com,公開新聞搜尋索引,2024–2026 候選結果,2026-07-23,https://www.bing.com/news/search?q=%E7%A0%94%E8%8F%AF+Advantech+%E8%A8%82%E5%96%AE%E9%81%9E%E5%BB%B6%E3%80%81%E7%BC%BA%E6%96%99%E8%88%87%E4%BA%A4%E4%BB%98%E9%A2%A8%E9%9A%AA+%E5%8F%B0%E8%82%A1+AI+%E7%A7%91%E6%8A%80%E8%82%A1+%E8%B5%B0%E5%8B%A2+%E6%96%B0%E8%81%9E+%E6%B3%95%E4%BA%BA+2024+2025+2026&setlang=zh-tw&FORM=HDRSC6,direct fine-grained sample,public news-search index,1946
TW AI Technology Stock Trend-AI Server And System Manufacturing,zh,#T#[TW AI Technology Stock Trend-AI Server And System Manufacturing]/zh_094.txt,公開新聞索引：樺漢 Ennoconn｜訂單遞延、缺料與交付風險｜AI伺服器、ODM與系統製造股,bing.com,公開新聞搜尋索引,2024–2026 候選結果,2026-07-23,https://www.bing.com/news/search?q=%E6%A8%BA%E6%BC%A2+Ennoconn+%E8%A8%82%E5%96%AE%E9%81%9E%E5%BB%B6%E3%80%81%E7%BC%BA%E6%96%99%E8%88%87%E4%BA%A4%E4%BB%98%E9%A2%A8%E9%9A%AA+%E5%8F%B0%E8%82%A1+AI+%E7%A7%91%E6%8A%80%E8%82%A1+%E8%B5%B0%E5%8B%A2+%E6%96%B0%E8%81%9E+%E6%B3%95%E4%BA%BA+2024+2025+2026&setlang=zh-tw&FORM=HDRSC6,direct fine-grained sample,public news-search index,1941
TW AI Technology Stock Trend-AI Server And System Manufacturing,zh,#T#[TW AI Technology Stock Trend-AI Server And System Manufacturing]/zh_095.txt,公開新聞索引：凌華 ADLINK｜訂單遞延、缺料與交付風險｜AI伺服器、ODM與系統製造股,bing.com,公開新聞搜尋索引,2024–2026 候選結果,2026-07-23,https://www.bing.com/news/search?q=%E5%87%8C%E8%8F%AF+ADLINK+%E8%A8%82%E5%96%AE%E9%81%9E%E5%BB%B6%E3%80%81%E7%BC%BA%E6%96%99%E8%88%87%E4%BA%A4%E4%BB%98%E9%A2%A8%E9%9A%AA+%E5%8F%B0%E8%82%A1+AI+%E7%A7%91%E6%8A%80%E8%82%A1+%E8%B5%B0%E5%8B%A2+%E6%96%B0%E8%81%9E+%E6%B3%95%E4%BA%BA+2024+2025+2026&setlang=zh-tw&FORM=HDRSC6,direct fine-grained sample,public news-search index,1936
TW AI Technology Stock Trend-AI Server And System Manufacturing,zh,#T#[TW AI Technology Stock Trend-AI Server And System Manufacturing]/zh_096.txt,公開新聞索引：立端 Lanner｜訂單遞延、缺料與交付風險｜AI伺服器、ODM與系統製造股,bing.com,公開新聞搜尋索引,2024–2026 候選結果,2026-07-23,https://www.bing.com/news/search?q=%E7%AB%8B%E7%AB%AF+Lanner+%E8%A8%82%E5%96%AE%E9%81%9E%E5%BB%B6%E3%80%81%E7%BC%BA%E6%96%99%E8%88%87%E4%BA%A4%E4%BB%98%E9%A2%A8%E9%9A%AA+%E5%8F%B0%E8%82%A1+AI+%E7%A7%91%E6%8A%80%E8%82%A1+%E8%B5%B0%E5%8B%A2+%E6%96%B0%E8%81%9E+%E6%B3%95%E4%BA%BA+2024+2025+2026&setlang=zh-tw&FORM=HDRSC6,direct fine-grained sample,public news-search index,1936
TW AI Technology Stock Trend-AI Server And System Manufacturing,zh,#T#[TW AI Technology Stock Trend-AI Server And System Manufacturing]/zh_097.txt,公開新聞索引：威強電 IEI Integration｜訂單遞延、缺料與交付風險｜AI伺服器、ODM與系統製造股,bing.com,公開新聞搜尋索引,2024–2026 候選結果,2026-07-23,https://www.bing.com/news/search?q=%E5%A8%81%E5%BC%B7%E9%9B%BB+IEI+Integration+%E8%A8%82%E5%96%AE%E9%81%9E%E5%BB%B6%E3%80%81%E7%BC%BA%E6%96%99%E8%88%87%E4%BA%A4%E4%BB%98%E9%A2%A8%E9%9A%AA+%E5%8F%B0%E8%82%A1+AI+%E7%A7%91%E6%8A%80%E8%82%A1+%E8%B5%B0%E5%8B%A2+%E6%96%B0%E8%81%9E+%E6%B3%95%E4%BA%BA+2024+2025+2026&setlang=zh-tw&FORM=HDRSC6,direct fine-grained sample,public news-search index,1987
TW AI Technology Stock Trend-AI Server And System Manufacturing,zh,#T#[TW AI Technology Stock Trend-AI Server And System Manufacturing]/zh_098.txt,公開新聞索引：佳世達 Qisda｜訂單遞延、缺料與交付風險｜AI伺服器、ODM與系統製造股,bing.com,公開新聞搜尋索引,2024–2026 候選結果,2026-07-23,https://www.bing.com/news/search?q=%E4%BD%B3%E4%B8%96%E9%81%94+Qisda+%E8%A8%82%E5%96%AE%E9%81%9E%E5%BB%B6%E3%80%81%E7%BC%BA%E6%96%99%E8%88%87%E4%BA%A4%E4%BB%98%E9%A2%A8%E9%9A%AA+%E5%8F%B0%E8%82%A1+AI+%E7%A7%91%E6%8A%80%E8%82%A1+%E8%B5%B0%E5%8B%A2+%E6%96%B0%E8%81%9E+%E6%B3%95%E4%BA%BA+2024+2025+2026&setlang=zh-tw&FORM=HDRSC6,direct fine-grained sample,public news-search index,1944
TW AI Technology Stock Trend-AI Server And System Manufacturing,zh,#T#[TW AI Technology Stock Trend-AI Server And System Manufacturing]/zh_099.txt,公開新聞索引：新漢 NEXCOM｜訂單遞延、缺料與交付風險｜AI伺服器、ODM與系統製造股,bing.com,公開新聞搜尋索引,2024–2026 候選結果,2026-07-23,https://www.bing.com/news/search?q=%E6%96%B0%E6%BC%A2+NEXCOM+%E8%A8%82%E5%96%AE%E9%81%9E%E5%BB%B6%E3%80%81%E7%BC%BA%E6%96%99%E8%88%87%E4%BA%A4%E4%BB%98%E9%A2%A8%E9%9A%AA+%E5%8F%B0%E8%82%A1+AI+%E7%A7%91%E6%8A%80%E8%82%A1+%E8%B5%B0%E5%8B%A2+%E6%96%B0%E8%81%9E+%E6%B3%95%E4%BA%BA+2024+2025+2026&setlang=zh-tw&FORM=HDRSC6,direct fine-grained sample,public news-search index,1936
TW AI Technology Stock Trend-AI Server And System Manufacturing,zh,#T#[TW AI Technology Stock Trend-AI Server And System Manufacturing]/zh_100.txt,公開新聞索引：宏碁 Acer｜訂單遞延、缺料與交付風險｜AI伺服器、ODM與系統製造股,bing.com,公開新聞搜尋索引,2024–2026 候選結果,2026-07-23,https://www.bing.com/news/search?q=%E5%AE%8F%E7%A2%81+Acer+%E8%A8%82%E5%96%AE%E9%81%9E%E5%BB%B6%E3%80%81%E7%BC%BA%E6%96%99%E8%88%87%E4%BA%A4%E4%BB%98%E9%A2%A8%E9%9A%AA+%E5%8F%B0%E8%82%A1+AI+%E7%A7%91%E6%8A%80%E8%82%A1+%E8%B5%B0%E5%8B%A2+%E6%96%B0%E8%81%9E+%E6%B3%95%E4%BA%BA+2024+2025+2026&setlang=zh-tw&FORM=HDRSC6,direct fine-grained sample,public news-search index,1926
TW AI Technology Stock Trend-AI Server And System Manufacturing,en,#T#[TW AI Technology Stock Trend-AI Server And System Manufacturing]/en_001.txt,Nvidia Supplier Wistron Opens $700 Million Texas Site Producing AI 'Superchips',wsj.com,financial news,2026-07-23,2026-07-23,https://www.wsj.com/tech/nvidia-supplier-wistron-opens-700-million-texas-site-producing-ai-superchips-cc8cfb49,direct fine-grained sample,identified public source,4195
TW AI Technology Stock Trend-AI Server And System Manufacturing,en,#T#[TW AI Technology Stock Trend-AI Server And System Manufacturing]/en_002.txt,Analysis: Taiwan's March supply chain data makes the AI hardware boom measurable,digitimes.com,technology industry analysis,2026-04-11,2026-07-23,https://www.digitimes.com/news/a20260411VL200/taiwan-hardware-revenue-growth-2026.html,direct fine-grained sample,identified public source,4173
TW AI Technology Stock Trend-AI Server And System Manufacturing,en,#T#[TW AI Technology Stock Trend-AI Server And System Manufacturing]/en_003.txt,Public news index: 緯創 Wistron | AI server shipments and rack-scale ramp | Taiwan AI technology equities,bing.com,public news-search index,candidate results from 2024–2026,2026-07-23,https://www.bing.com/news/search?q=%E7%B7%AF%E5%89%B5+Wistron+AI+server+shipments+and+rack-scale+ramp+Taiwan+AI+technology+stocks+trend+news+analyst+2024+2025+2026&setlang=en-us&FORM=HDRSC6,direct fine-grained sample,public news-search index,4470
TW AI Technology Stock Trend-AI Server And System Manufacturing,en,#T#[TW AI Technology Stock Trend-AI Server And System Manufacturing]/en_004.txt,Public news index: 緯穎 Wiwynn | AI server shipments and rack-scale ramp | Taiwan AI technology equities,bing.com,public news-search index,candidate results from 2024–2026,2026-07-23,https://www.bing.com/news/search?q=%E7%B7%AF%E7%A9%8E+Wiwynn+AI+server+shipments+and+rack-scale+ramp+Taiwan+AI+technology+stocks+trend+news+analyst+2024+2025+2026&setlang=en-us&FORM=HDRSC6,direct fine-grained sample,public news-search index,4470
TW AI Technology Stock Trend-AI Server And System Manufacturing,en,#T#[TW AI Technology Stock Trend-AI Server And System Manufacturing]/en_005.txt,Public news index: 英業達 Inventec | AI server shipments and rack-scale ramp | Taiwan AI technology equities,bing.com,public news-search index,candidate results from 2024–2026,2026-07-23,https://www.bing.com/news/search?q=%E8%8B%B1%E6%A5%AD%E9%81%94+Inventec+AI+server+shipments+and+rack-scale+ramp+Taiwan+AI+technology+stocks+trend+news+analyst+2024+2025+2026&setlang=en-us&FORM=HDRSC6,direct fine-grained sample,public news-search index,4511
TW AI Technology Stock Trend-AI Server And System Manufacturing,en,#T#[TW AI Technology Stock Trend-AI Server And System Manufacturing]/en_006.txt,Public news index: 和碩 Pegatron | AI server shipments and rack-scale ramp | Taiwan AI technology equities,bing.com,public news-search index,candidate results from 2024–2026,2026-07-23,https://www.bing.com/news/search?q=%E5%92%8C%E7%A2%A9+Pegatron+AI+server+shipments+and+rack-scale+ramp+Taiwan+AI+technology+stocks+trend+news+analyst+2024+2025+2026&setlang=en-us&FORM=HDRSC6,direct fine-grained sample,public news-search index,4493
TW AI Technology Stock Trend-AI Server And System Manufacturing,en,#T#[TW AI Technology Stock Trend-AI Server And System Manufacturing]/en_007.txt,Public news index: 技嘉 Gigabyte | AI server shipments and rack-scale ramp | Taiwan AI technology equities,bing.com,public news-search index,candidate results from 2024–2026,2026-07-23,https://www.bing.com/news/search?q=%E6%8A%80%E5%98%89+Gigabyte+AI+server+shipments+and+rack-scale+ramp+Taiwan+AI+technology+stocks+trend+news+analyst+2024+2025+2026&setlang=en-us&FORM=HDRSC6,direct fine-grained sample,public news-search index,4497
TW AI Technology Stock Trend-AI Server And System Manufacturing,en,#T#[TW AI Technology Stock Trend-AI Server And System Manufacturing]/en_008.txt,Public news index: 華碩 ASUSTeK | AI server shipments and rack-scale ramp | Taiwan AI technology equities,bing.com,public news-search index,candidate results from 2024–2026,2026-07-23,https://www.bing.com/news/search?q=%E8%8F%AF%E7%A2%A9+ASUSTeK+AI+server+shipments+and+rack-scale+ramp+Taiwan+AI+technology+stocks+trend+news+analyst+2024+2025+2026&setlang=en-us&FORM=HDRSC6,direct fine-grained sample,public news-search index,4488
TW AI Technology Stock Trend-AI Server And System Manufacturing,en,#T#[TW AI Technology Stock Trend-AI Server And System Manufacturing]/en_009.txt,Public news index: 微星 MSI | AI server shipments and rack-scale ramp | Taiwan AI technology equities,bing.com,public news-search index,candidate results from 2024–2026,2026-07-23,https://www.bing.com/news/search?q=%E5%BE%AE%E6%98%9F+MSI+AI+server+shipments+and+rack-scale+ramp+Taiwan+AI+technology+stocks+trend+news+analyst+2024+2025+2026&setlang=en-us&FORM=HDRSC6,direct fine-grained sample,public news-search index,4473
TW AI Technology Stock Trend-AI Server And System Manufacturing,en,#T#[TW AI Technology Stock Trend-AI Server And System Manufacturing]/en_010.txt,Public news index: 神達 MiTAC | AI server shipments and rack-scale ramp | Taiwan AI technology equities,bing.com,public news-search index,candidate results from 2024–2026,2026-07-23,https://www.bing.com/news/search?q=%E7%A5%9E%E9%81%94+MiTAC+AI+server+shipments+and+rack-scale+ramp+Taiwan+AI+technology+stocks+trend+news+analyst+2024+2025+2026&setlang=en-us&FORM=HDRSC6,direct fine-grained sample,public news-search index,4468
TW AI Technology Stock Trend-AI Server And System Manufacturing,en,#T#[TW AI Technology Stock Trend-AI Server And System Manufacturing]/en_011.txt,Public news index: 營邦 AIC | AI server shipments and rack-scale ramp | Taiwan AI technology equities,bing.com,public news-search index,candidate results from 2024–2026,2026-07-23,https://www.bing.com/news/search?q=%E7%87%9F%E9%82%A6+AIC+AI+server+shipments+and+rack-scale+ramp+Taiwan+AI+technology+stocks+trend+news+analyst+2024+2025+2026&setlang=en-us&FORM=HDRSC6,direct fine-grained sample,public news-search index,4467
TW AI Technology Stock Trend-AI Server And System Manufacturing,en,#T#[TW AI Technology Stock Trend-AI Server And System Manufacturing]/en_012.txt,Public news index: 勤誠 Chenbro | AI server shipments and rack-scale ramp | Taiwan AI technology equities,bing.com,public news-search index,candidate results from 2024–2026,2026-07-23,https://www.bing.com/news/search?q=%E5%8B%A4%E8%AA%A0+Chenbro+AI+server+shipments+and+rack-scale+ramp+Taiwan+AI+technology+stocks+trend+news+analyst+2024+2025+2026&setlang=en-us&FORM=HDRSC6,direct fine-grained sample,public news-search index,4465
TW AI Technology Stock Trend-AI Server And System Manufacturing,en,#T#[TW AI Technology Stock Trend-AI Server And System Manufacturing]/en_013.txt,Public news index: 研華 Advantech | AI server shipments and rack-scale ramp | Taiwan AI technology equities,bing.com,public news-search index,candidate results from 2024–2026,2026-07-23,https://www.bing.com/news/search?q=%E7%A0%94%E8%8F%AF+Advantech+AI+server+shipments+and+rack-scale+ramp+Taiwan+AI+technology+stocks+trend+news+analyst+2024+2025+2026&setlang=en-us&FORM=HDRSC6,direct fine-grained sample,public news-search index,4478
TW AI Technology Stock Trend-AI Server And System Manufacturing,en,#T#[TW AI Technology Stock Trend-AI Server And System Manufacturing]/en_014.txt,Public news index: 樺漢 Ennoconn | AI server shipments and rack-scale ramp | Taiwan AI technology equities,bing.com,public news-search index,candidate results from 2024–2026,2026-07-23,https://www.bing.com/news/search?q=%E6%A8%BA%E6%BC%A2+Ennoconn+AI+server+shipments+and+rack-scale+ramp+Taiwan+AI+technology+stocks+trend+news+analyst+2024+2025+2026&setlang=en-us&FORM=HDRSC6,direct fine-grained sample,public news-search index,4478
TW AI Technology Stock Trend-AI Server And System Manufacturing,en,#T#[TW AI Technology Stock Trend-AI Server And System Manufacturing]/en_015.txt,Public news index: 凌華 ADLINK | AI server shipments and rack-scale ramp | Taiwan AI technology equities,bing.com,public news-search index,candidate results from 2024–2026,2026-07-23,https://www.bing.com/news/search?q=%E5%87%8C%E8%8F%AF+ADLINK+AI+server+shipments+and+rack-scale+ramp+Taiwan+AI+technology+stocks+trend+news+analyst+2024+2025+2026&setlang=en-us&FORM=HDRSC6,direct fine-grained sample,public news-search index,4491
TW AI Technology Stock Trend-AI Server And System Manufacturing,en,#T#[TW AI Technology Stock Trend-AI Server And System Manufacturing]/en_016.txt,Public news index: 立端 Lanner | AI server shipments and rack-scale ramp | Taiwan AI technology equities,bing.com,public news-search index,candidate results from 2024–2026,2026-07-23,https://www.bing.com/news/search?q=%E7%AB%8B%E7%AB%AF+Lanner+AI+server+shipments+and+rack-scale+ramp+Taiwan+AI+technology+stocks+trend+news+analyst+2024+2025+2026&setlang=en-us&FORM=HDRSC6,direct fine-grained sample,public news-search index,4485
TW AI Technology Stock Trend-AI Server And System Manufacturing,en,#T#[TW AI Technology Stock Trend-AI Server And System Manufacturing]/en_017.txt,Public news index: 威強電 IEI Integration | AI server shipments and rack-scale ramp | Taiwan AI technology equities,bing.com,public news-search index,candidate results from 2024–2026,2026-07-23,https://www.bing.com/news/search?q=%E5%A8%81%E5%BC%B7%E9%9B%BB+IEI+Integration+AI+server+shipments+and+rack-scale+ramp+Taiwan+AI+technology+stocks+trend+news+analyst+2024+2025+2026&setlang=en-us&FORM=HDRSC6,direct fine-grained sample,public news-search index,4537
TW AI Technology Stock Trend-AI Server And System Manufacturing,en,#T#[TW AI Technology Stock Trend-AI Server And System Manufacturing]/en_018.txt,Public news index: 佳世達 Qisda | AI server shipments and rack-scale ramp | Taiwan AI technology equities,bing.com,public news-search index,candidate results from 2024–2026,2026-07-23,https://www.bing.com/news/search?q=%E4%BD%B3%E4%B8%96%E9%81%94+Qisda+AI+server+shipments+and+rack-scale+ramp+Taiwan+AI+technology+stocks+trend+news+analyst+2024+2025+2026&setlang=en-us&FORM=HDRSC6,direct fine-grained sample,public news-search index,4492
TW AI Technology Stock Trend-AI Server And System Manufacturing,en,#T#[TW AI Technology Stock Trend-AI Server And System Manufacturing]/en_019.txt,Public news index: 新漢 NEXCOM | AI server shipments and rack-scale ramp | Taiwan AI technology equities,bing.com,public news-search index,candidate results from 2024–2026,2026-07-23,https://www.bing.com/news/search?q=%E6%96%B0%E6%BC%A2+NEXCOM+AI+server+shipments+and+rack-scale+ramp+Taiwan+AI+technology+stocks+trend+news+analyst+2024+2025+2026&setlang=en-us&FORM=HDRSC6,direct fine-grained sample,public news-search index,4485
TW AI Technology Stock Trend-AI Server And System Manufacturing,en,#T#[TW AI Technology Stock Trend-AI Server And System Manufacturing]/en_020.txt,Public news index: 宏碁 Acer | AI server shipments and rack-scale ramp | Taiwan AI technology equities,bing.com,public news-search index,candidate results from 2024–2026,2026-07-23,https://www.bing.com/news/search?q=%E5%AE%8F%E7%A2%81+Acer+AI+server+shipments+and+rack-scale+ramp+Taiwan+AI+technology+stocks+trend+news+analyst+2024+2025+2026&setlang=en-us&FORM=HDRSC6,direct fine-grained sample,public news-search index,4464
TW AI Technology Stock Trend-AI Server And System Manufacturing,en,#T#[TW AI Technology Stock Trend-AI Server And System Manufacturing]/en_021.txt,Public news index: 鴻海 Hon Hai | North American manufacturing and supply-chain relocation | Taiwan AI technology equities,bing.com,public news-search index,candidate results from 2024–2026,2026-07-23,https://www.bing.com/news/search?q=%E9%B4%BB%E6%B5%B7+Hon+Hai+North+American+manufacturing+and+supply-chain+relocation+Taiwan+AI+technology+stocks+trend+news+analyst+2024+2025+2026&setlang=en-us&FORM=HDRSC6,direct fine-grained sample,public news-search index,4551
TW AI Technology Stock Trend-AI Server And System Manufacturing,en,#T#[TW AI Technology Stock Trend-AI Server And System Manufacturing]/en_022.txt,Public news index: 廣達 Quanta | North American manufacturing and supply-chain relocation | Taiwan AI technology equities,bing.com,public news-search index,candidate results from 2024–2026,2026-07-23,https://www.bing.com/news/search?q=%E5%BB%A3%E9%81%94+Quanta+North+American+manufacturing+and+supply-chain+relocation+Taiwan+AI+technology+stocks+trend+news+analyst+2024+2025+2026&setlang=en-us&FORM=HDRSC6,direct fine-grained sample,public news-search index,4529
TW AI Technology Stock Trend-AI Server And System Manufacturing,en,#T#[TW AI Technology Stock Trend-AI Server And System Manufacturing]/en_023.txt,Public news index: 緯創 Wistron | North American manufacturing and supply-chain relocation | Taiwan AI technology equities,bing.com,public news-search index,candidate results from 2024–2026,2026-07-23,https://www.bing.com/news/search?q=%E7%B7%AF%E5%89%B5+Wistron+North+American+manufacturing+and+supply-chain+relocation+Taiwan+AI+technology+stocks+trend+news+analyst+2024+2025+2026&setlang=en-us&FORM=HDRSC6,direct fine-grained sample,public news-search index,4538
TW AI Technology Stock Trend-AI Server And System Manufacturing,en,#T#[TW AI Technology Stock Trend-AI Server And System Manufacturing]/en_024.txt,Public news index: 緯穎 Wiwynn | North American manufacturing and supply-chain relocation | Taiwan AI technology equities,bing.com,public news-search index,candidate results from 2024–2026,2026-07-23,https://www.bing.com/news/search?q=%E7%B7%AF%E7%A9%8E+Wiwynn+North+American+manufacturing+and+supply-chain+relocation+Taiwan+AI+technology+stocks+trend+news+analyst+2024+2025+2026&setlang=en-us&FORM=HDRSC6,direct fine-grained sample,public news-search index,4538
TW AI Technology Stock Trend-AI Server And System Manufacturing,en,#T#[TW AI Technology Stock Trend-AI Server And System Manufacturing]/en_025.txt,Public news index: 英業達 Inventec | North American manufacturing and supply-chain relocation | Taiwan AI technology equities,bing.com,public news-search index,candidate results from 2024–2026,2026-07-23,https://www.bing.com/news/search?q=%E8%8B%B1%E6%A5%AD%E9%81%94+Inventec+North+American+manufacturing+and+supply-chain+relocation+Taiwan+AI+technology+stocks+trend+news+analyst+2024+2025+2026&setlang=en-us&FORM=HDRSC6,direct fine-grained sample,public news-search index,4579
TW AI Technology Stock Trend-AI Server And System Manufacturing,en,#T#[TW AI Technology Stock Trend-AI Server And System Manufacturing]/en_026.txt,Public news index: 和碩 Pegatron | North American manufacturing and supply-chain relocation | Taiwan AI technology equities,bing.com,public news-search index,candidate results from 2024–2026,2026-07-23,https://www.bing.com/news/search?q=%E5%92%8C%E7%A2%A9+Pegatron+North+American+manufacturing+and+supply-chain+relocation+Taiwan+AI+technology+stocks+trend+news+analyst+2024+2025+2026&setlang=en-us&FORM=HDRSC6,direct fine-grained sample,public news-search index,4561
TW AI Technology Stock Trend-AI Server And System Manufacturing,en,#T#[TW AI Technology Stock Trend-AI Server And System Manufacturing]/en_027.txt,Public news index: 技嘉 Gigabyte | North American manufacturing and supply-chain relocation | Taiwan AI technology equities,bing.com,public news-search index,candidate results from 2024–2026,2026-07-23,https://www.bing.com/news/search?q=%E6%8A%80%E5%98%89+Gigabyte+North+American+manufacturing+and+supply-chain+relocation+Taiwan+AI+technology+stocks+trend+news+analyst+2024+2025+2026&setlang=en-us&FORM=HDRSC6,direct fine-grained sample,public news-search index,4565
TW AI Technology Stock Trend-AI Server And System Manufacturing,en,#T#[TW AI Technology Stock Trend-AI Server And System Manufacturing]/en_028.txt,Public news index: 華碩 ASUSTeK | North American manufacturing and supply-chain relocation | Taiwan AI technology equities,bing.com,public news-search index,candidate results from 2024–2026,2026-07-23,https://www.bing.com/news/search?q=%E8%8F%AF%E7%A2%A9+ASUSTeK+North+American+manufacturing+and+supply-chain+relocation+Taiwan+AI+technology+stocks+trend+news+analyst+2024+2025+2026&setlang=en-us&FORM=HDRSC6,direct fine-grained sample,public news-search index,4556
TW AI Technology Stock Trend-AI Server And System Manufacturing,en,#T#[TW AI Technology Stock Trend-AI Server And System Manufacturing]/en_029.txt,Public news index: 微星 MSI | North American manufacturing and supply-chain relocation | Taiwan AI technology equities,bing.com,public news-search index,candidate results from 2024–2026,2026-07-23,https://www.bing.com/news/search?q=%E5%BE%AE%E6%98%9F+MSI+North+American+manufacturing+and+supply-chain+relocation+Taiwan+AI+technology+stocks+trend+news+analyst+2024+2025+2026&setlang=en-us&FORM=HDRSC6,direct fine-grained sample,public news-search index,4541
TW AI Technology Stock Trend-AI Server And System Manufacturing,en,#T#[TW AI Technology Stock Trend-AI Server And System Manufacturing]/en_030.txt,Public news index: 神達 MiTAC | North American manufacturing and supply-chain relocation | Taiwan AI technology equities,bing.com,public news-search index,candidate results from 2024–2026,2026-07-23,https://www.bing.com/news/search?q=%E7%A5%9E%E9%81%94+MiTAC+North+American+manufacturing+and+supply-chain+relocation+Taiwan+AI+technology+stocks+trend+news+analyst+2024+2025+2026&setlang=en-us&FORM=HDRSC6,direct fine-grained sample,public news-search index,4536
TW AI Technology Stock Trend-AI Server And System Manufacturing,en,#T#[TW AI Technology Stock Trend-AI Server And System Manufacturing]/en_031.txt,Public news index: 營邦 AIC | North American manufacturing and supply-chain relocation | Taiwan AI technology equities,bing.com,public news-search index,candidate results from 2024–2026,2026-07-23,https://www.bing.com/news/search?q=%E7%87%9F%E9%82%A6+AIC+North+American+manufacturing+and+supply-chain+relocation+Taiwan+AI+technology+stocks+trend+news+analyst+2024+2025+2026&setlang=en-us&FORM=HDRSC6,direct fine-grained sample,public news-search index,4535
TW AI Technology Stock Trend-AI Server And System Manufacturing,en,#T#[TW AI Technology Stock Trend-AI Server And System Manufacturing]/en_032.txt,Public news index: 勤誠 Chenbro | North American manufacturing and supply-chain relocation | Taiwan AI technology equities,bing.com,public news-search index,candidate results from 2024–2026,2026-07-23,https://www.bing.com/news/search?q=%E5%8B%A4%E8%AA%A0+Chenbro+North+American+manufacturing+and+supply-chain+relocation+Taiwan+AI+technology+stocks+trend+news+analyst+2024+2025+2026&setlang=en-us&FORM=HDRSC6,direct fine-grained sample,public news-search index,4533
TW AI Technology Stock Trend-AI Server And System Manufacturing,en,#T#[TW AI Technology Stock Trend-AI Server And System Manufacturing]/en_033.txt,Public news index: 研華 Advantech | North American manufacturing and supply-chain relocation | Taiwan AI technology equities,bing.com,public news-search index,candidate results from 2024–2026,2026-07-23,https://www.bing.com/news/search?q=%E7%A0%94%E8%8F%AF+Advantech+North+American+manufacturing+and+supply-chain+relocation+Taiwan+AI+technology+stocks+trend+news+analyst+2024+2025+2026&setlang=en-us&FORM=HDRSC6,direct fine-grained sample,public news-search index,4546
TW AI Technology Stock Trend-AI Server And System Manufacturing,en,#T#[TW AI Technology Stock Trend-AI Server And System Manufacturing]/en_034.txt,Public news index: 樺漢 Ennoconn | North American manufacturing and supply-chain relocation | Taiwan AI technology equities,bing.com,public news-search index,candidate results from 2024–2026,2026-07-23,https://www.bing.com/news/search?q=%E6%A8%BA%E6%BC%A2+Ennoconn+North+American+manufacturing+and+supply-chain+relocation+Taiwan+AI+technology+stocks+trend+news+analyst+2024+2025+2026&setlang=en-us&FORM=HDRSC6,direct fine-grained sample,public news-search index,4546
TW AI Technology Stock Trend-AI Server And System Manufacturing,en,#T#[TW AI Technology Stock Trend-AI Server And System Manufacturing]/en_035.txt,Public news index: 凌華 ADLINK | North American manufacturing and supply-chain relocation | Taiwan AI technology equities,bing.com,public news-search index,candidate results from 2024–2026,2026-07-23,https://www.bing.com/news/search?q=%E5%87%8C%E8%8F%AF+ADLINK+North+American+manufacturing+and+supply-chain+relocation+Taiwan+AI+technology+stocks+trend+news+analyst+2024+2025+2026&setlang=en-us&FORM=HDRSC6,direct fine-grained sample,public news-search index,4559
TW AI Technology Stock Trend-AI Server And System Manufacturing,en,#T#[TW AI Technology Stock Trend-AI Server And System Manufacturing]/en_036.txt,Public news index: 立端 Lanner | North American manufacturing and supply-chain relocation | Taiwan AI technology equities,bing.com,public news-search index,candidate results from 2024–2026,2026-07-23,https://www.bing.com/news/search?q=%E7%AB%8B%E7%AB%AF+Lanner+North+American+manufacturing+and+supply-chain+relocation+Taiwan+AI+technology+stocks+trend+news+analyst+2024+2025+2026&setlang=en-us&FORM=HDRSC6,direct fine-grained sample,public news-search index,4553
TW AI Technology Stock Trend-AI Server And System Manufacturing,en,#T#[TW AI Technology Stock Trend-AI Server And System Manufacturing]/en_037.txt,Public news index: 威強電 IEI Integration | North American manufacturing and supply-chain relocation | Taiwan AI technology equities,bing.com,public news-search index,candidate results from 2024–2026,2026-07-23,https://www.bing.com/news/search?q=%E5%A8%81%E5%BC%B7%E9%9B%BB+IEI+Integration+North+American+manufacturing+and+supply-chain+relocation+Taiwan+AI+technology+stocks+trend+news+analyst+2024+2025+2026&setlang=en-us&FORM=HDRSC6,direct fine-grained sample,public news-search index,4605
TW AI Technology Stock Trend-AI Server And System Manufacturing,en,#T#[TW AI Technology Stock Trend-AI Server And System Manufacturing]/en_038.txt,Public news index: 佳世達 Qisda | North American manufacturing and supply-chain relocation | Taiwan AI technology equities,bing.com,public news-search index,candidate results from 2024–2026,2026-07-23,https://www.bing.com/news/search?q=%E4%BD%B3%E4%B8%96%E9%81%94+Qisda+North+American+manufacturing+and+supply-chain+relocation+Taiwan+AI+technology+stocks+trend+news+analyst+2024+2025+2026&setlang=en-us&FORM=HDRSC6,direct fine-grained sample,public news-search index,4560
TW AI Technology Stock Trend-AI Server And System Manufacturing,en,#T#[TW AI Technology Stock Trend-AI Server And System Manufacturing]/en_039.txt,Public news index: 新漢 NEXCOM | North American manufacturing and supply-chain relocation | Taiwan AI technology equities,bing.com,public news-search index,candidate results from 2024–2026,2026-07-23,https://www.bing.com/news/search?q=%E6%96%B0%E6%BC%A2+NEXCOM+North+American+manufacturing+and+supply-chain+relocation+Taiwan+AI+technology+stocks+trend+news+analyst+2024+2025+2026&setlang=en-us&FORM=HDRSC6,direct fine-grained sample,public news-search index,4553
TW AI Technology Stock Trend-AI Server And System Manufacturing,en,#T#[TW AI Technology Stock Trend-AI Server And System Manufacturing]/en_040.txt,Public news index: 宏碁 Acer | North American manufacturing and supply-chain relocation | Taiwan AI technology equities,bing.com,public news-search index,candidate results from 2024–2026,2026-07-23,https://www.bing.com/news/search?q=%E5%AE%8F%E7%A2%81+Acer+North+American+manufacturing+and+supply-chain+relocation+Taiwan+AI+technology+stocks+trend+news+analyst+2024+2025+2026&setlang=en-us&FORM=HDRSC6,direct fine-grained sample,public news-search index,4532
TW AI Technology Stock Trend-AI Server And System Manufacturing,en,#T#[TW AI Technology Stock Trend-AI Server And System Manufacturing]/en_041.txt,Public news index: 鴻海 Hon Hai | gross-margin and product-mix improvement | Taiwan AI technology equities,bing.com,public news-search index,candidate results from 2024–2026,2026-07-23,https://www.bing.com/news/search?q=%E9%B4%BB%E6%B5%B7+Hon+Hai+gross-margin+and+product-mix+improvement+Taiwan+AI+technology+stocks+trend+news+analyst+2024+2025+2026&setlang=en-us&FORM=HDRSC6,direct fine-grained sample,public news-search index,4487
TW AI Technology Stock Trend-AI Server And System Manufacturing,en,#T#[TW AI Technology Stock Trend-AI Server And System Manufacturing]/en_042.txt,Public news index: 廣達 Quanta | gross-margin and product-mix improvement | Taiwan AI technology equities,bing.com,public news-search index,candidate results from 2024–2026,2026-07-23,https://www.bing.com/news/search?q=%E5%BB%A3%E9%81%94+Quanta+gross-margin+and+product-mix+improvement+Taiwan+AI+technology+stocks+trend+news+analyst+2024+2025+2026&setlang=en-us&FORM=HDRSC6,direct fine-grained sample,public news-search index,4465
TW AI Technology Stock Trend-AI Server And System Manufacturing,en,#T#[TW AI Technology Stock Trend-AI Server And System Manufacturing]/en_043.txt,Public news index: 緯創 Wistron | gross-margin and product-mix improvement | Taiwan AI technology equities,bing.com,public news-search index,candidate results from 2024–2026,2026-07-23,https://www.bing.com/news/search?q=%E7%B7%AF%E5%89%B5+Wistron+gross-margin+and+product-mix+improvement+Taiwan+AI+technology+stocks+trend+news+analyst+2024+2025+2026&setlang=en-us&FORM=HDRSC6,direct fine-grained sample,public news-search index,4474
TW AI Technology Stock Trend-AI Server And System Manufacturing,en,#T#[TW AI Technology Stock Trend-AI Server And System Manufacturing]/en_044.txt,Public news index: 緯穎 Wiwynn | gross-margin and product-mix improvement | Taiwan AI technology equities,bing.com,public news-search index,candidate results from 2024–2026,2026-07-23,https://www.bing.com/news/search?q=%E7%B7%AF%E7%A9%8E+Wiwynn+gross-margin+and+product-mix+improvement+Taiwan+AI+technology+stocks+trend+news+analyst+2024+2025+2026&setlang=en-us&FORM=HDRSC6,direct fine-grained sample,public news-search index,4474
TW AI Technology Stock Trend-AI Server And System Manufacturing,en,#T#[TW AI Technology Stock Trend-AI Server And System Manufacturing]/en_045.txt,Public news index: 英業達 Inventec | gross-margin and product-mix improvement | Taiwan AI technology equities,bing.com,public news-search index,candidate results from 2024–2026,2026-07-23,https://www.bing.com/news/search?q=%E8%8B%B1%E6%A5%AD%E9%81%94+Inventec+gross-margin+and+product-mix+improvement+Taiwan+AI+technology+stocks+trend+news+analyst+2024+2025+2026&setlang=en-us&FORM=HDRSC6,direct fine-grained sample,public news-search index,4515
TW AI Technology Stock Trend-AI Server And System Manufacturing,en,#T#[TW AI Technology Stock Trend-AI Server And System Manufacturing]/en_046.txt,Public news index: 和碩 Pegatron | gross-margin and product-mix improvement | Taiwan AI technology equities,bing.com,public news-search index,candidate results from 2024–2026,2026-07-23,https://www.bing.com/news/search?q=%E5%92%8C%E7%A2%A9+Pegatron+gross-margin+and+product-mix+improvement+Taiwan+AI+technology+stocks+trend+news+analyst+2024+2025+2026&setlang=en-us&FORM=HDRSC6,direct fine-grained sample,public news-search index,4497
TW AI Technology Stock Trend-AI Server And System Manufacturing,en,#T#[TW AI Technology Stock Trend-AI Server And System Manufacturing]/en_047.txt,Public news index: 技嘉 Gigabyte | gross-margin and product-mix improvement | Taiwan AI technology equities,bing.com,public news-search index,candidate results from 2024–2026,2026-07-23,https://www.bing.com/news/search?q=%E6%8A%80%E5%98%89+Gigabyte+gross-margin+and+product-mix+improvement+Taiwan+AI+technology+stocks+trend+news+analyst+2024+2025+2026&setlang=en-us&FORM=HDRSC6,direct fine-grained sample,public news-search index,4501
TW AI Technology Stock Trend-AI Server And System Manufacturing,en,#T#[TW AI Technology Stock Trend-AI Server And System Manufacturing]/en_048.txt,Public news index: 華碩 ASUSTeK | gross-margin and product-mix improvement | Taiwan AI technology equities,bing.com,public news-search index,candidate results from 2024–2026,2026-07-23,https://www.bing.com/news/search?q=%E8%8F%AF%E7%A2%A9+ASUSTeK+gross-margin+and+product-mix+improvement+Taiwan+AI+technology+stocks+trend+news+analyst+2024+2025+2026&setlang=en-us&FORM=HDRSC6,direct fine-grained sample,public news-search index,4492
TW AI Technology Stock Trend-AI Server And System Manufacturing,en,#T#[TW AI Technology Stock Trend-AI Server And System Manufacturing]/en_049.txt,Public news index: 微星 MSI | gross-margin and product-mix improvement | Taiwan AI technology equities,bing.com,public news-search index,candidate results from 2024–2026,2026-07-23,https://www.bing.com/news/search?q=%E5%BE%AE%E6%98%9F+MSI+gross-margin+and+product-mix+improvement+Taiwan+AI+technology+stocks+trend+news+analyst+2024+2025+2026&setlang=en-us&FORM=HDRSC6,direct fine-grained sample,public news-search index,4477
TW AI Technology Stock Trend-AI Server And System Manufacturing,en,#T#[TW AI Technology Stock Trend-AI Server And System Manufacturing]/en_050.txt,Public news index: 神達 MiTAC | gross-margin and product-mix improvement | Taiwan AI technology equities,bing.com,public news-search index,candidate results from 2024–2026,2026-07-23,https://www.bing.com/news/search?q=%E7%A5%9E%E9%81%94+MiTAC+gross-margin+and+product-mix+improvement+Taiwan+AI+technology+stocks+trend+news+analyst+2024+2025+2026&setlang=en-us&FORM=HDRSC6,direct fine-grained sample,public news-search index,4472
TW AI Technology Stock Trend-AI Server And System Manufacturing,en,#T#[TW AI Technology Stock Trend-AI Server And System Manufacturing]/en_051.txt,Public news index: 營邦 AIC | gross-margin and product-mix improvement | Taiwan AI technology equities,bing.com,public news-search index,candidate results from 2024–2026,2026-07-23,https://www.bing.com/news/search?q=%E7%87%9F%E9%82%A6+AIC+gross-margin+and+product-mix+improvement+Taiwan+AI+technology+stocks+trend+news+analyst+2024+2025+2026&setlang=en-us&FORM=HDRSC6,direct fine-grained sample,public news-search index,4471
TW AI Technology Stock Trend-AI Server And System Manufacturing,en,#T#[TW AI Technology Stock Trend-AI Server And System Manufacturing]/en_052.txt,Public news index: 勤誠 Chenbro | gross-margin and product-mix improvement | Taiwan AI technology equities,bing.com,public news-search index,candidate results from 2024–2026,2026-07-23,https://www.bing.com/news/search?q=%E5%8B%A4%E8%AA%A0+Chenbro+gross-margin+and+product-mix+improvement+Taiwan+AI+technology+stocks+trend+news+analyst+2024+2025+2026&setlang=en-us&FORM=HDRSC6,direct fine-grained sample,public news-search index,4469
TW AI Technology Stock Trend-AI Server And System Manufacturing,en,#T#[TW AI Technology Stock Trend-AI Server And System Manufacturing]/en_053.txt,Public news index: 研華 Advantech | gross-margin and product-mix improvement | Taiwan AI technology equities,bing.com,public news-search index,candidate results from 2024–2026,2026-07-23,https://www.bing.com/news/search?q=%E7%A0%94%E8%8F%AF+Advantech+gross-margin+and+product-mix+improvement+Taiwan+AI+technology+stocks+trend+news+analyst+2024+2025+2026&setlang=en-us&FORM=HDRSC6,direct fine-grained sample,public news-search index,4482
TW AI Technology Stock Trend-AI Server And System Manufacturing,en,#T#[TW AI Technology Stock Trend-AI Server And System Manufacturing]/en_054.txt,Public news index: 樺漢 Ennoconn | gross-margin and product-mix improvement | Taiwan AI technology equities,bing.com,public news-search index,candidate results from 2024–2026,2026-07-23,https://www.bing.com/news/search?q=%E6%A8%BA%E6%BC%A2+Ennoconn+gross-margin+and+product-mix+improvement+Taiwan+AI+technology+stocks+trend+news+analyst+2024+2025+2026&setlang=en-us&FORM=HDRSC6,direct fine-grained sample,public news-search index,4482
TW AI Technology Stock Trend-AI Server And System Manufacturing,en,#T#[TW AI Technology Stock Trend-AI Server And System Manufacturing]/en_055.txt,Public news index: 凌華 ADLINK | gross-margin and product-mix improvement | Taiwan AI technology equities,bing.com,public news-search index,candidate results from 2024–2026,2026-07-23,https://www.bing.com/news/search?q=%E5%87%8C%E8%8F%AF+ADLINK+gross-margin+and+product-mix+improvement+Taiwan+AI+technology+stocks+trend+news+analyst+2024+2025+2026&setlang=en-us&FORM=HDRSC6,direct fine-grained sample,public news-search index,4495
TW AI Technology Stock Trend-AI Server And System Manufacturing,en,#T#[TW AI Technology Stock Trend-AI Server And System Manufacturing]/en_056.txt,Public news index: 立端 Lanner | gross-margin and product-mix improvement | Taiwan AI technology equities,bing.com,public news-search index,candidate results from 2024–2026,2026-07-23,https://www.bing.com/news/search?q=%E7%AB%8B%E7%AB%AF+Lanner+gross-margin+and+product-mix+improvement+Taiwan+AI+technology+stocks+trend+news+analyst+2024+2025+2026&setlang=en-us&FORM=HDRSC6,direct fine-grained sample,public news-search index,4489
TW AI Technology Stock Trend-AI Server And System Manufacturing,en,#T#[TW AI Technology Stock Trend-AI Server And System Manufacturing]/en_057.txt,Public news index: 威強電 IEI Integration | gross-margin and product-mix improvement | Taiwan AI technology equities,bing.com,public news-search index,candidate results from 2024–2026,2026-07-23,https://www.bing.com/news/search?q=%E5%A8%81%E5%BC%B7%E9%9B%BB+IEI+Integration+gross-margin+and+product-mix+improvement+Taiwan+AI+technology+stocks+trend+news+analyst+2024+2025+2026&setlang=en-us&FORM=HDRSC6,direct fine-grained sample,public news-search index,4541
TW AI Technology Stock Trend-AI Server And System Manufacturing,en,#T#[TW AI Technology Stock Trend-AI Server And System Manufacturing]/en_058.txt,Public news index: 佳世達 Qisda | gross-margin and product-mix improvement | Taiwan AI technology equities,bing.com,public news-search index,candidate results from 2024–2026,2026-07-23,https://www.bing.com/news/search?q=%E4%BD%B3%E4%B8%96%E9%81%94+Qisda+gross-margin+and+product-mix+improvement+Taiwan+AI+technology+stocks+trend+news+analyst+2024+2025+2026&setlang=en-us&FORM=HDRSC6,direct fine-grained sample,public news-search index,4496
TW AI Technology Stock Trend-AI Server And System Manufacturing,en,#T#[TW AI Technology Stock Trend-AI Server And System Manufacturing]/en_059.txt,Public news index: 新漢 NEXCOM | gross-margin and product-mix improvement | Taiwan AI technology equities,bing.com,public news-search index,candidate results from 2024–2026,2026-07-23,https://www.bing.com/news/search?q=%E6%96%B0%E6%BC%A2+NEXCOM+gross-margin+and+product-mix+improvement+Taiwan+AI+technology+stocks+trend+news+analyst+2024+2025+2026&setlang=en-us&FORM=HDRSC6,direct fine-grained sample,public news-search index,4489
TW AI Technology Stock Trend-AI Server And System Manufacturing,en,#T#[TW AI Technology Stock Trend-AI Server And System Manufacturing]/en_060.txt,Public news index: 宏碁 Acer | gross-margin and product-mix improvement | Taiwan AI technology equities,bing.com,public news-search index,candidate results from 2024–2026,2026-07-23,https://www.bing.com/news/search?q=%E5%AE%8F%E7%A2%81+Acer+gross-margin+and+product-mix+improvement+Taiwan+AI+technology+stocks+trend+news+analyst+2024+2025+2026&setlang=en-us&FORM=HDRSC6,direct fine-grained sample,public news-search index,4468
TW AI Technology Stock Trend-AI Server And System Manufacturing,en,#T#[TW AI Technology Stock Trend-AI Server And System Manufacturing]/en_061.txt,Public news index: 鴻海 Hon Hai | Nvidia platform transitions | Taiwan AI technology equities,bing.com,public news-search index,candidate results from 2024–2026,2026-07-23,https://www.bing.com/news/search?q=%E9%B4%BB%E6%B5%B7+Hon+Hai+Nvidia+platform+transitions+Taiwan+AI+technology+stocks+trend+news+analyst+2024+2025+2026&setlang=en-us&FORM=HDRSC6,direct fine-grained sample,public news-search index,4435
TW AI Technology Stock Trend-AI Server And System Manufacturing,en,#T#[TW AI Technology Stock Trend-AI Server And System Manufacturing]/en_062.txt,Public news index: 廣達 Quanta | Nvidia platform transitions | Taiwan AI technology equities,bing.com,public news-search index,candidate results from 2024–2026,2026-07-23,https://www.bing.com/news/search?q=%E5%BB%A3%E9%81%94+Quanta+Nvidia+platform+transitions+Taiwan+AI+technology+stocks+trend+news+analyst+2024+2025+2026&setlang=en-us&FORM=HDRSC6,direct fine-grained sample,public news-search index,4413
TW AI Technology Stock Trend-AI Server And System Manufacturing,en,#T#[TW AI Technology Stock Trend-AI Server And System Manufacturing]/en_063.txt,Public news index: 緯創 Wistron | Nvidia platform transitions | Taiwan AI technology equities,bing.com,public news-search index,candidate results from 2024–2026,2026-07-23,https://www.bing.com/news/search?q=%E7%B7%AF%E5%89%B5+Wistron+Nvidia+platform+transitions+Taiwan+AI+technology+stocks+trend+news+analyst+2024+2025+2026&setlang=en-us&FORM=HDRSC6,direct fine-grained sample,public news-search index,4422
TW AI Technology Stock Trend-AI Server And System Manufacturing,en,#T#[TW AI Technology Stock Trend-AI Server And System Manufacturing]/en_064.txt,Public news index: 緯穎 Wiwynn | Nvidia platform transitions | Taiwan AI technology equities,bing.com,public news-search index,candidate results from 2024–2026,2026-07-23,https://www.bing.com/news/search?q=%E7%B7%AF%E7%A9%8E+Wiwynn+Nvidia+platform+transitions+Taiwan+AI+technology+stocks+trend+news+analyst+2024+2025+2026&setlang=en-us&FORM=HDRSC6,direct fine-grained sample,public news-search index,4422
TW AI Technology Stock Trend-AI Server And System Manufacturing,en,#T#[TW AI Technology Stock Trend-AI Server And System Manufacturing]/en_065.txt,Public news index: 英業達 Inventec | Nvidia platform transitions | Taiwan AI technology equities,bing.com,public news-search index,candidate results from 2024–2026,2026-07-23,https://www.bing.com/news/search?q=%E8%8B%B1%E6%A5%AD%E9%81%94+Inventec+Nvidia+platform+transitions+Taiwan+AI+technology+stocks+trend+news+analyst+2024+2025+2026&setlang=en-us&FORM=HDRSC6,direct fine-grained sample,public news-search index,4463
TW AI Technology Stock Trend-AI Server And System Manufacturing,en,#T#[TW AI Technology Stock Trend-AI Server And System Manufacturing]/en_066.txt,Public news index: 和碩 Pegatron | Nvidia platform transitions | Taiwan AI technology equities,bing.com,public news-search index,candidate results from 2024–2026,2026-07-23,https://www.bing.com/news/search?q=%E5%92%8C%E7%A2%A9+Pegatron+Nvidia+platform+transitions+Taiwan+AI+technology+stocks+trend+news+analyst+2024+2025+2026&setlang=en-us&FORM=HDRSC6,direct fine-grained sample,public news-search index,4445
TW AI Technology Stock Trend-AI Server And System Manufacturing,en,#T#[TW AI Technology Stock Trend-AI Server And System Manufacturing]/en_067.txt,Public news index: 技嘉 Gigabyte | Nvidia platform transitions | Taiwan AI technology equities,bing.com,public news-search index,candidate results from 2024–2026,2026-07-23,https://www.bing.com/news/search?q=%E6%8A%80%E5%98%89+Gigabyte+Nvidia+platform+transitions+Taiwan+AI+technology+stocks+trend+news+analyst+2024+2025+2026&setlang=en-us&FORM=HDRSC6,direct fine-grained sample,public news-search index,4449
TW AI Technology Stock Trend-AI Server And System Manufacturing,en,#T#[TW AI Technology Stock Trend-AI Server And System Manufacturing]/en_068.txt,Public news index: 華碩 ASUSTeK | Nvidia platform transitions | Taiwan AI technology equities,bing.com,public news-search index,candidate results from 2024–2026,2026-07-23,https://www.bing.com/news/search?q=%E8%8F%AF%E7%A2%A9+ASUSTeK+Nvidia+platform+transitions+Taiwan+AI+technology+stocks+trend+news+analyst+2024+2025+2026&setlang=en-us&FORM=HDRSC6,direct fine-grained sample,public news-search index,4440
TW AI Technology Stock Trend-AI Server And System Manufacturing,en,#T#[TW AI Technology Stock Trend-AI Server And System Manufacturing]/en_069.txt,Public news index: 微星 MSI | Nvidia platform transitions | Taiwan AI technology equities,bing.com,public news-search index,candidate results from 2024–2026,2026-07-23,https://www.bing.com/news/search?q=%E5%BE%AE%E6%98%9F+MSI+Nvidia+platform+transitions+Taiwan+AI+technology+stocks+trend+news+analyst+2024+2025+2026&setlang=en-us&FORM=HDRSC6,direct fine-grained sample,public news-search index,4425
TW AI Technology Stock Trend-AI Server And System Manufacturing,en,#T#[TW AI Technology Stock Trend-AI Server And System Manufacturing]/en_070.txt,Public news index: 神達 MiTAC | Nvidia platform transitions | Taiwan AI technology equities,bing.com,public news-search index,candidate results from 2024–2026,2026-07-23,https://www.bing.com/news/search?q=%E7%A5%9E%E9%81%94+MiTAC+Nvidia+platform+transitions+Taiwan+AI+technology+stocks+trend+news+analyst+2024+2025+2026&setlang=en-us&FORM=HDRSC6,direct fine-grained sample,public news-search index,4420
TW AI Technology Stock Trend-AI Server And System Manufacturing,en,#T#[TW AI Technology Stock Trend-AI Server And System Manufacturing]/en_071.txt,Public news index: 營邦 AIC | Nvidia platform transitions | Taiwan AI technology equities,bing.com,public news-search index,candidate results from 2024–2026,2026-07-23,https://www.bing.com/news/search?q=%E7%87%9F%E9%82%A6+AIC+Nvidia+platform+transitions+Taiwan+AI+technology+stocks+trend+news+analyst+2024+2025+2026&setlang=en-us&FORM=HDRSC6,direct fine-grained sample,public news-search index,4419
TW AI Technology Stock Trend-AI Server And System Manufacturing,en,#T#[TW AI Technology Stock Trend-AI Server And System Manufacturing]/en_072.txt,Public news index: 勤誠 Chenbro | Nvidia platform transitions | Taiwan AI technology equities,bing.com,public news-search index,candidate results from 2024–2026,2026-07-23,https://www.bing.com/news/search?q=%E5%8B%A4%E8%AA%A0+Chenbro+Nvidia+platform+transitions+Taiwan+AI+technology+stocks+trend+news+analyst+2024+2025+2026&setlang=en-us&FORM=HDRSC6,direct fine-grained sample,public news-search index,4417
TW AI Technology Stock Trend-AI Server And System Manufacturing,en,#T#[TW AI Technology Stock Trend-AI Server And System Manufacturing]/en_073.txt,Public news index: 研華 Advantech | Nvidia platform transitions | Taiwan AI technology equities,bing.com,public news-search index,candidate results from 2024–2026,2026-07-23,https://www.bing.com/news/search?q=%E7%A0%94%E8%8F%AF+Advantech+Nvidia+platform+transitions+Taiwan+AI+technology+stocks+trend+news+analyst+2024+2025+2026&setlang=en-us&FORM=HDRSC6,direct fine-grained sample,public news-search index,4430
TW AI Technology Stock Trend-AI Server And System Manufacturing,en,#T#[TW AI Technology Stock Trend-AI Server And System Manufacturing]/en_074.txt,Public news index: 樺漢 Ennoconn | Nvidia platform transitions | Taiwan AI technology equities,bing.com,public news-search index,candidate results from 2024–2026,2026-07-23,https://www.bing.com/news/search?q=%E6%A8%BA%E6%BC%A2+Ennoconn+Nvidia+platform+transitions+Taiwan+AI+technology+stocks+trend+news+analyst+2024+2025+2026&setlang=en-us&FORM=HDRSC6,direct fine-grained sample,public news-search index,4430
TW AI Technology Stock Trend-AI Server And System Manufacturing,en,#T#[TW AI Technology Stock Trend-AI Server And System Manufacturing]/en_075.txt,Public news index: 凌華 ADLINK | Nvidia platform transitions | Taiwan AI technology equities,bing.com,public news-search index,candidate results from 2024–2026,2026-07-23,https://www.bing.com/news/search?q=%E5%87%8C%E8%8F%AF+ADLINK+Nvidia+platform+transitions+Taiwan+AI+technology+stocks+trend+news+analyst+2024+2025+2026&setlang=en-us&FORM=HDRSC6,direct fine-grained sample,public news-search index,4443
TW AI Technology Stock Trend-AI Server And System Manufacturing,en,#T#[TW AI Technology Stock Trend-AI Server And System Manufacturing]/en_076.txt,Public news index: 立端 Lanner | Nvidia platform transitions | Taiwan AI technology equities,bing.com,public news-search index,candidate results from 2024–2026,2026-07-23,https://www.bing.com/news/search?q=%E7%AB%8B%E7%AB%AF+Lanner+Nvidia+platform+transitions+Taiwan+AI+technology+stocks+trend+news+analyst+2024+2025+2026&setlang=en-us&FORM=HDRSC6,direct fine-grained sample,public news-search index,4437
TW AI Technology Stock Trend-AI Server And System Manufacturing,en,#T#[TW AI Technology Stock Trend-AI Server And System Manufacturing]/en_077.txt,Public news index: 威強電 IEI Integration | Nvidia platform transitions | Taiwan AI technology equities,bing.com,public news-search index,candidate results from 2024–2026,2026-07-23,https://www.bing.com/news/search?q=%E5%A8%81%E5%BC%B7%E9%9B%BB+IEI+Integration+Nvidia+platform+transitions+Taiwan+AI+technology+stocks+trend+news+analyst+2024+2025+2026&setlang=en-us&FORM=HDRSC6,direct fine-grained sample,public news-search index,4489
TW AI Technology Stock Trend-AI Server And System Manufacturing,en,#T#[TW AI Technology Stock Trend-AI Server And System Manufacturing]/en_078.txt,Public news index: 佳世達 Qisda | Nvidia platform transitions | Taiwan AI technology equities,bing.com,public news-search index,candidate results from 2024–2026,2026-07-23,https://www.bing.com/news/search?q=%E4%BD%B3%E4%B8%96%E9%81%94+Qisda+Nvidia+platform+transitions+Taiwan+AI+technology+stocks+trend+news+analyst+2024+2025+2026&setlang=en-us&FORM=HDRSC6,direct fine-grained sample,public news-search index,4444
TW AI Technology Stock Trend-AI Server And System Manufacturing,en,#T#[TW AI Technology Stock Trend-AI Server And System Manufacturing]/en_079.txt,Public news index: 新漢 NEXCOM | Nvidia platform transitions | Taiwan AI technology equities,bing.com,public news-search index,candidate results from 2024–2026,2026-07-23,https://www.bing.com/news/search?q=%E6%96%B0%E6%BC%A2+NEXCOM+Nvidia+platform+transitions+Taiwan+AI+technology+stocks+trend+news+analyst+2024+2025+2026&setlang=en-us&FORM=HDRSC6,direct fine-grained sample,public news-search index,4437
TW AI Technology Stock Trend-AI Server And System Manufacturing,en,#T#[TW AI Technology Stock Trend-AI Server And System Manufacturing]/en_080.txt,Public news index: 宏碁 Acer | Nvidia platform transitions | Taiwan AI technology equities,bing.com,public news-search index,candidate results from 2024–2026,2026-07-23,https://www.bing.com/news/search?q=%E5%AE%8F%E7%A2%81+Acer+Nvidia+platform+transitions+Taiwan+AI+technology+stocks+trend+news+analyst+2024+2025+2026&setlang=en-us&FORM=HDRSC6,direct fine-grained sample,public news-search index,4416
TW AI Technology Stock Trend-AI Server And System Manufacturing,en,#T#[TW AI Technology Stock Trend-AI Server And System Manufacturing]/en_081.txt,"Public news index: 鴻海 Hon Hai | order delays, component shortages, and delivery risk | Taiwan AI technology equities",bing.com,public news-search index,candidate results from 2024–2026,2026-07-23,https://www.bing.com/news/search?q=%E9%B4%BB%E6%B5%B7+Hon+Hai+order+delays%2C+component+shortages%2C+and+delivery+risk+Taiwan+AI+technology+stocks+trend+news+analyst+2024+2025+2026&setlang=en-us&FORM=HDRSC6,direct fine-grained sample,public news-search index,4539
TW AI Technology Stock Trend-AI Server And System Manufacturing,en,#T#[TW AI Technology Stock Trend-AI Server And System Manufacturing]/en_082.txt,"Public news index: 廣達 Quanta | order delays, component shortages, and delivery risk | Taiwan AI technology equities",bing.com,public news-search index,candidate results from 2024–2026,2026-07-23,https://www.bing.com/news/search?q=%E5%BB%A3%E9%81%94+Quanta+order+delays%2C+component+shortages%2C+and+delivery+risk+Taiwan+AI+technology+stocks+trend+news+analyst+2024+2025+2026&setlang=en-us&FORM=HDRSC6,direct fine-grained sample,public news-search index,4517
TW AI Technology Stock Trend-AI Server And System Manufacturing,en,#T#[TW AI Technology Stock Trend-AI Server And System Manufacturing]/en_083.txt,"Public news index: 緯創 Wistron | order delays, component shortages, and delivery risk | Taiwan AI technology equities",bing.com,public news-search index,candidate results from 2024–2026,2026-07-23,https://www.bing.com/news/search?q=%E7%B7%AF%E5%89%B5+Wistron+order+delays%2C+component+shortages%2C+and+delivery+risk+Taiwan+AI+technology+stocks+trend+news+analyst+2024+2025+2026&setlang=en-us&FORM=HDRSC6,direct fine-grained sample,public news-search index,4526
TW AI Technology Stock Trend-AI Server And System Manufacturing,en,#T#[TW AI Technology Stock Trend-AI Server And System Manufacturing]/en_084.txt,"Public news index: 緯穎 Wiwynn | order delays, component shortages, and delivery risk | Taiwan AI technology equities",bing.com,public news-search index,candidate results from 2024–2026,2026-07-23,https://www.bing.com/news/search?q=%E7%B7%AF%E7%A9%8E+Wiwynn+order+delays%2C+component+shortages%2C+and+delivery+risk+Taiwan+AI+technology+stocks+trend+news+analyst+2024+2025+2026&setlang=en-us&FORM=HDRSC6,direct fine-grained sample,public news-search index,4526
TW AI Technology Stock Trend-AI Server And System Manufacturing,en,#T#[TW AI Technology Stock Trend-AI Server And System Manufacturing]/en_085.txt,"Public news index: 英業達 Inventec | order delays, component shortages, and delivery risk | Taiwan AI technology equities",bing.com,public news-search index,candidate results from 2024–2026,2026-07-23,https://www.bing.com/news/search?q=%E8%8B%B1%E6%A5%AD%E9%81%94+Inventec+order+delays%2C+component+shortages%2C+and+delivery+risk+Taiwan+AI+technology+stocks+trend+news+analyst+2024+2025+2026&setlang=en-us&FORM=HDRSC6,direct fine-grained sample,public news-search index,4567
TW AI Technology Stock Trend-AI Server And System Manufacturing,en,#T#[TW AI Technology Stock Trend-AI Server And System Manufacturing]/en_086.txt,"Public news index: 和碩 Pegatron | order delays, component shortages, and delivery risk | Taiwan AI technology equities",bing.com,public news-search index,candidate results from 2024–2026,2026-07-23,https://www.bing.com/news/search?q=%E5%92%8C%E7%A2%A9+Pegatron+order+delays%2C+component+shortages%2C+and+delivery+risk+Taiwan+AI+technology+stocks+trend+news+analyst+2024+2025+2026&setlang=en-us&FORM=HDRSC6,direct fine-grained sample,public news-search index,4549
TW AI Technology Stock Trend-AI Server And System Manufacturing,en,#T#[TW AI Technology Stock Trend-AI Server And System Manufacturing]/en_087.txt,"Public news index: 技嘉 Gigabyte | order delays, component shortages, and delivery risk | Taiwan AI technology equities",bing.com,public news-search index,candidate results from 2024–2026,2026-07-23,https://www.bing.com/news/search?q=%E6%8A%80%E5%98%89+Gigabyte+order+delays%2C+component+shortages%2C+and+delivery+risk+Taiwan+AI+technology+stocks+trend+news+analyst+2024+2025+2026&setlang=en-us&FORM=HDRSC6,direct fine-grained sample,public news-search index,4553
TW AI Technology Stock Trend-AI Server And System Manufacturing,en,#T#[TW AI Technology Stock Trend-AI Server And System Manufacturing]/en_088.txt,"Public news index: 華碩 ASUSTeK | order delays, component shortages, and delivery risk | Taiwan AI technology equities",bing.com,public news-search index,candidate results from 2024–2026,2026-07-23,https://www.bing.com/news/search?q=%E8%8F%AF%E7%A2%A9+ASUSTeK+order+delays%2C+component+shortages%2C+and+delivery+risk+Taiwan+AI+technology+stocks+trend+news+analyst+2024+2025+2026&setlang=en-us&FORM=HDRSC6,direct fine-grained sample,public news-search index,4544
TW AI Technology Stock Trend-AI Server And System Manufacturing,en,#T#[TW AI Technology Stock Trend-AI Server And System Manufacturing]/en_089.txt,"Public news index: 微星 MSI | order delays, component shortages, and delivery risk | Taiwan AI technology equities",bing.com,public news-search index,candidate results from 2024–2026,2026-07-23,https://www.bing.com/news/search?q=%E5%BE%AE%E6%98%9F+MSI+order+delays%2C+component+shortages%2C+and+delivery+risk+Taiwan+AI+technology+stocks+trend+news+analyst+2024+2025+2026&setlang=en-us&FORM=HDRSC6,direct fine-grained sample,public news-search index,4529
TW AI Technology Stock Trend-AI Server And System Manufacturing,en,#T#[TW AI Technology Stock Trend-AI Server And System Manufacturing]/en_090.txt,"Public news index: 神達 MiTAC | order delays, component shortages, and delivery risk | Taiwan AI technology equities",bing.com,public news-search index,candidate results from 2024–2026,2026-07-23,https://www.bing.com/news/search?q=%E7%A5%9E%E9%81%94+MiTAC+order+delays%2C+component+shortages%2C+and+delivery+risk+Taiwan+AI+technology+stocks+trend+news+analyst+2024+2025+2026&setlang=en-us&FORM=HDRSC6,direct fine-grained sample,public news-search index,4524
TW AI Technology Stock Trend-AI Server And System Manufacturing,en,#T#[TW AI Technology Stock Trend-AI Server And System Manufacturing]/en_091.txt,"Public news index: 營邦 AIC | order delays, component shortages, and delivery risk | Taiwan AI technology equities",bing.com,public news-search index,candidate results from 2024–2026,2026-07-23,https://www.bing.com/news/search?q=%E7%87%9F%E9%82%A6+AIC+order+delays%2C+component+shortages%2C+and+delivery+risk+Taiwan+AI+technology+stocks+trend+news+analyst+2024+2025+2026&setlang=en-us&FORM=HDRSC6,direct fine-grained sample,public news-search index,4523
TW AI Technology Stock Trend-AI Server And System Manufacturing,en,#T#[TW AI Technology Stock Trend-AI Server And System Manufacturing]/en_092.txt,"Public news index: 勤誠 Chenbro | order delays, component shortages, and delivery risk | Taiwan AI technology equities",bing.com,public news-search index,candidate results from 2024–2026,2026-07-23,https://www.bing.com/news/search?q=%E5%8B%A4%E8%AA%A0+Chenbro+order+delays%2C+component+shortages%2C+and+delivery+risk+Taiwan+AI+technology+stocks+trend+news+analyst+2024+2025+2026&setlang=en-us&FORM=HDRSC6,direct fine-grained sample,public news-search index,4521
TW AI Technology Stock Trend-AI Server And System Manufacturing,en,#T#[TW AI Technology Stock Trend-AI Server And System Manufacturing]/en_093.txt,"Public news index: 研華 Advantech | order delays, component shortages, and delivery risk | Taiwan AI technology equities",bing.com,public news-search index,candidate results from 2024–2026,2026-07-23,https://www.bing.com/news/search?q=%E7%A0%94%E8%8F%AF+Advantech+order+delays%2C+component+shortages%2C+and+delivery+risk+Taiwan+AI+technology+stocks+trend+news+analyst+2024+2025+2026&setlang=en-us&FORM=HDRSC6,direct fine-grained sample,public news-search index,4534
TW AI Technology Stock Trend-AI Server And System Manufacturing,en,#T#[TW AI Technology Stock Trend-AI Server And System Manufacturing]/en_094.txt,"Public news index: 樺漢 Ennoconn | order delays, component shortages, and delivery risk | Taiwan AI technology equities",bing.com,public news-search index,candidate results from 2024–2026,2026-07-23,https://www.bing.com/news/search?q=%E6%A8%BA%E6%BC%A2+Ennoconn+order+delays%2C+component+shortages%2C+and+delivery+risk+Taiwan+AI+technology+stocks+trend+news+analyst+2024+2025+2026&setlang=en-us&FORM=HDRSC6,direct fine-grained sample,public news-search index,4534
TW AI Technology Stock Trend-AI Server And System Manufacturing,en,#T#[TW AI Technology Stock Trend-AI Server And System Manufacturing]/en_095.txt,"Public news index: 凌華 ADLINK | order delays, component shortages, and delivery risk | Taiwan AI technology equities",bing.com,public news-search index,candidate results from 2024–2026,2026-07-23,https://www.bing.com/news/search?q=%E5%87%8C%E8%8F%AF+ADLINK+order+delays%2C+component+shortages%2C+and+delivery+risk+Taiwan+AI+technology+stocks+trend+news+analyst+2024+2025+2026&setlang=en-us&FORM=HDRSC6,direct fine-grained sample,public news-search index,4547
TW AI Technology Stock Trend-AI Server And System Manufacturing,en,#T#[TW AI Technology Stock Trend-AI Server And System Manufacturing]/en_096.txt,"Public news index: 立端 Lanner | order delays, component shortages, and delivery risk | Taiwan AI technology equities",bing.com,public news-search index,candidate results from 2024–2026,2026-07-23,https://www.bing.com/news/search?q=%E7%AB%8B%E7%AB%AF+Lanner+order+delays%2C+component+shortages%2C+and+delivery+risk+Taiwan+AI+technology+stocks+trend+news+analyst+2024+2025+2026&setlang=en-us&FORM=HDRSC6,direct fine-grained sample,public news-search index,4541
TW AI Technology Stock Trend-AI Server And System Manufacturing,en,#T#[TW AI Technology Stock Trend-AI Server And System Manufacturing]/en_097.txt,"Public news index: 威強電 IEI Integration | order delays, component shortages, and delivery risk | Taiwan AI technology equities",bing.com,public news-search index,candidate results from 2024–2026,2026-07-23,https://www.bing.com/news/search?q=%E5%A8%81%E5%BC%B7%E9%9B%BB+IEI+Integration+order+delays%2C+component+shortages%2C+and+delivery+risk+Taiwan+AI+technology+stocks+trend+news+analyst+2024+2025+2026&setlang=en-us&FORM=HDRSC6,direct fine-grained sample,public news-search index,4593
TW AI Technology Stock Trend-AI Server And System Manufacturing,en,#T#[TW AI Technology Stock Trend-AI Server And System Manufacturing]/en_098.txt,"Public news index: 佳世達 Qisda | order delays, component shortages, and delivery risk | Taiwan AI technology equities",bing.com,public news-search index,candidate results from 2024–2026,2026-07-23,https://www.bing.com/news/search?q=%E4%BD%B3%E4%B8%96%E9%81%94+Qisda+order+delays%2C+component+shortages%2C+and+delivery+risk+Taiwan+AI+technology+stocks+trend+news+analyst+2024+2025+2026&setlang=en-us&FORM=HDRSC6,direct fine-grained sample,public news-search index,4548
TW AI Technology Stock Trend-AI Server And System Manufacturing,en,#T#[TW AI Technology Stock Trend-AI Server And System Manufacturing]/en_099.txt,"Public news index: 新漢 NEXCOM | order delays, component shortages, and delivery risk | Taiwan AI technology equities",bing.com,public news-search index,candidate results from 2024–2026,2026-07-23,https://www.bing.com/news/search?q=%E6%96%B0%E6%BC%A2+NEXCOM+order+delays%2C+component+shortages%2C+and+delivery+risk+Taiwan+AI+technology+stocks+trend+news+analyst+2024+2025+2026&setlang=en-us&FORM=HDRSC6,direct fine-grained sample,public news-search index,4541
TW AI Technology Stock Trend-AI Server And System Manufacturing,en,#T#[TW AI Technology Stock Trend-AI Server And System Manufacturing]/en_100.txt,"Public news index: 宏碁 Acer | order delays, component shortages, and delivery risk | Taiwan AI technology equities",bing.com,public news-search index,candidate results from 2024–2026,2026-07-23,https://www.bing.com/news/search?q=%E5%AE%8F%E7%A2%81+Acer+order+delays%2C+component+shortages%2C+and+delivery+risk+Taiwan+AI+technology+stocks+trend+news+analyst+2024+2025+2026&setlang=en-us&FORM=HDRSC6,direct fine-grained sample,public news-search index,4520
TW AI Technology Stock Trend-AI Infrastructure Components,zh,#T#[TW AI Technology Stock Trend-AI Infrastructure Components]/zh_001.txt,AI浪潮下的PCB供應鏈革命：M9時代來襲！CCL、玻纖布、載板台股受惠股解析,sinotrade.com.tw,券商產業分析,2026 搜尋索引,2026-07-23,https://www.sinotrade.com.tw/richclub/industry/AI-%E6%B5%AA%E6%BD%AE%E4%B8%8B%E7%9A%84-PCB-%E4%BE%9B%E6%87%89%E9%8F%88%E9%9D%A9%E5%91%BD-M9-%E6%99%82%E4%BB%A3%E4%BE%86%E8%A5%B2-CCL-%E7%8E%BB%E7%BA%96%E5%B8%83-%E8%BC%89%E6%9D%BF%E5%8F%B0%E8%82%A1%E5%8F%97%E6%83%A0%E8%82%A1%E8%A7%A3%E6%9E%90-%E7%94%A2%E6%A5%AD%E7%86%B1%E8%A9%B1-69086465d74b96117304d3c4,direct fine-grained sample,identified public source,1886
TW AI Technology Stock Trend-AI Infrastructure Components,zh,#T#[TW AI Technology Stock Trend-AI Infrastructure Components]/zh_002.txt,AI晶片引爆N3應用占比衝40% 法人看好3利多點火台股供應鏈,news.cnyes.com,新聞媒體,2026-05-09,2026-07-23,https://news.cnyes.com/news/id/6451769,direct fine-grained sample,identified public source,1556
TW AI Technology Stock Trend-AI Infrastructure Components,zh,#T#[TW AI Technology Stock Trend-AI Infrastructure Components]/zh_003.txt,公開新聞索引：群電 Chicony Power｜液冷與高功率密度升級｜AI基礎設施零組件股,bing.com,公開新聞搜尋索引,2024–2026 候選結果,2026-07-23,https://www.bing.com/news/search?q=%E7%BE%A4%E9%9B%BB+Chicony+Power+%E6%B6%B2%E5%86%B7%E8%88%87%E9%AB%98%E5%8A%9F%E7%8E%87%E5%AF%86%E5%BA%A6%E5%8D%87%E7%B4%9A+%E5%8F%B0%E8%82%A1+AI+%E7%A7%91%E6%8A%80%E8%82%A1+%E8%B5%B0%E5%8B%A2+%E6%96%B0%E8%81%9E+%E6%B3%95%E4%BA%BA+2024+2025+2026&setlang=zh-tw&FORM=HDRSC6,direct fine-grained sample,public news-search index,1908
TW AI Technology Stock Trend-AI Infrastructure Components,zh,#T#[TW AI Technology Stock Trend-AI Infrastructure Components]/zh_004.txt,公開新聞索引：康舒 AcBel｜液冷與高功率密度升級｜AI基礎設施零組件股,bing.com,公開新聞搜尋索引,2024–2026 候選結果,2026-07-23,https://www.bing.com/news/search?q=%E5%BA%B7%E8%88%92+AcBel+%E6%B6%B2%E5%86%B7%E8%88%87%E9%AB%98%E5%8A%9F%E7%8E%87%E5%AF%86%E5%BA%A6%E5%8D%87%E7%B4%9A+%E5%8F%B0%E8%82%A1+AI+%E7%A7%91%E6%8A%80%E8%82%A1+%E8%B5%B0%E5%8B%A2+%E6%96%B0%E8%81%9E+%E6%B3%95%E4%BA%BA+2024+2025+2026&setlang=zh-tw&FORM=HDRSC6,direct fine-grained sample,public news-search index,1875
TW AI Technology Stock Trend-AI Infrastructure Components,zh,#T#[TW AI Technology Stock Trend-AI Infrastructure Components]/zh_005.txt,公開新聞索引：奇鋐 Asia Vital Components｜液冷與高功率密度升級｜AI基礎設施零組件股,bing.com,公開新聞搜尋索引,2024–2026 候選結果,2026-07-23,https://www.bing.com/news/search?q=%E5%A5%87%E9%8B%90+Asia+Vital+Components+%E6%B6%B2%E5%86%B7%E8%88%87%E9%AB%98%E5%8A%9F%E7%8E%87%E5%AF%86%E5%BA%A6%E5%8D%87%E7%B4%9A+%E5%8F%B0%E8%82%A1+AI+%E7%A7%91%E6%8A%80%E8%82%A1+%E8%B5%B0%E5%8B%A2+%E6%96%B0%E8%81%9E+%E6%B3%95%E4%BA%BA+2024+2025+2026&setlang=zh-tw&FORM=HDRSC6,direct fine-grained sample,public news-search index,1942
TW AI Technology Stock Trend-AI Infrastructure Components,zh,#T#[TW AI Technology Stock Trend-AI Infrastructure Components]/zh_006.txt,公開新聞索引：雙鴻 Auras｜液冷與高功率密度升級｜AI基礎設施零組件股,bing.com,公開新聞搜尋索引,2024–2026 候選結果,2026-07-23,https://www.bing.com/news/search?q=%E9%9B%99%E9%B4%BB+Auras+%E6%B6%B2%E5%86%B7%E8%88%87%E9%AB%98%E5%8A%9F%E7%8E%87%E5%AF%86%E5%BA%A6%E5%8D%87%E7%B4%9A+%E5%8F%B0%E8%82%A1+AI+%E7%A7%91%E6%8A%80%E8%82%A1+%E8%B5%B0%E5%8B%A2+%E6%96%B0%E8%81%9E+%E6%B3%95%E4%BA%BA+2024+2025+2026&setlang=zh-tw&FORM=HDRSC6,direct fine-grained sample,public news-search index,1878
TW AI Technology Stock Trend-AI Infrastructure Components,zh,#T#[TW AI Technology Stock Trend-AI Infrastructure Components]/zh_007.txt,公開新聞索引：建準 Sunonwealth｜液冷與高功率密度升級｜AI基礎設施零組件股,bing.com,公開新聞搜尋索引,2024–2026 候選結果,2026-07-23,https://www.bing.com/news/search?q=%E5%BB%BA%E6%BA%96+Sunonwealth+%E6%B6%B2%E5%86%B7%E8%88%87%E9%AB%98%E5%8A%9F%E7%8E%87%E5%AF%86%E5%BA%A6%E5%8D%87%E7%B4%9A+%E5%8F%B0%E8%82%A1+AI+%E7%A7%91%E6%8A%80%E8%82%A1+%E8%B5%B0%E5%8B%A2+%E6%96%B0%E8%81%9E+%E6%B3%95%E4%BA%BA+2024+2025+2026&setlang=zh-tw&FORM=HDRSC6,direct fine-grained sample,public news-search index,1905
TW AI Technology Stock Trend-AI Infrastructure Components,zh,#T#[TW AI Technology Stock Trend-AI Infrastructure Components]/zh_008.txt,公開新聞索引：泰碩 TaiSol｜液冷與高功率密度升級｜AI基礎設施零組件股,bing.com,公開新聞搜尋索引,2024–2026 候選結果,2026-07-23,https://www.bing.com/news/search?q=%E6%B3%B0%E7%A2%A9+TaiSol+%E6%B6%B2%E5%86%B7%E8%88%87%E9%AB%98%E5%8A%9F%E7%8E%87%E5%AF%86%E5%BA%A6%E5%8D%87%E7%B4%9A+%E5%8F%B0%E8%82%A1+AI+%E7%A7%91%E6%8A%80%E8%82%A1+%E8%B5%B0%E5%8B%A2+%E6%96%B0%E8%81%9E+%E6%B3%95%E4%BA%BA+2024+2025+2026&setlang=zh-tw&FORM=HDRSC6,direct fine-grained sample,public news-search index,1882
TW AI Technology Stock Trend-AI Infrastructure Components,zh,#T#[TW AI Technology Stock Trend-AI Infrastructure Components]/zh_009.txt,公開新聞索引：健策 Jentech｜液冷與高功率密度升級｜AI基礎設施零組件股,bing.com,公開新聞搜尋索引,2024–2026 候選結果,2026-07-23,https://www.bing.com/news/search?q=%E5%81%A5%E7%AD%96+Jentech+%E6%B6%B2%E5%86%B7%E8%88%87%E9%AB%98%E5%8A%9F%E7%8E%87%E5%AF%86%E5%BA%A6%E5%8D%87%E7%B4%9A+%E5%8F%B0%E8%82%A1+AI+%E7%A7%91%E6%8A%80%E8%82%A1+%E8%B5%B0%E5%8B%A2+%E6%96%B0%E8%81%9E+%E6%B3%95%E4%BA%BA+2024+2025+2026&setlang=zh-tw&FORM=HDRSC6,direct fine-grained sample,public news-search index,1886
TW AI Technology Stock Trend-AI Infrastructure Components,zh,#T#[TW AI Technology Stock Trend-AI Infrastructure Components]/zh_010.txt,公開新聞索引：台光電 Elite Material｜液冷與高功率密度升級｜AI基礎設施零組件股,bing.com,公開新聞搜尋索引,2024–2026 候選結果,2026-07-23,https://www.bing.com/news/search?q=%E5%8F%B0%E5%85%89%E9%9B%BB+Elite+Material+%E6%B6%B2%E5%86%B7%E8%88%87%E9%AB%98%E5%8A%9F%E7%8E%87%E5%AF%86%E5%BA%A6%E5%8D%87%E7%B4%9A+%E5%8F%B0%E8%82%A1+AI+%E7%A7%91%E6%8A%80%E8%82%A1+%E8%B5%B0%E5%8B%A2+%E6%96%B0%E8%81%9E+%E6%B3%95%E4%BA%BA+2024+2025+2026&setlang=zh-tw&FORM=HDRSC6,direct fine-grained sample,public news-search index,1924
TW AI Technology Stock Trend-AI Infrastructure Components,zh,#T#[TW AI Technology Stock Trend-AI Infrastructure Components]/zh_011.txt,公開新聞索引：台燿 Taiwan Union Technology｜液冷與高功率密度升級｜AI基礎設施零組件股,bing.com,公開新聞搜尋索引,2024–2026 候選結果,2026-07-23,https://www.bing.com/news/search?q=%E5%8F%B0%E7%87%BF+Taiwan+Union+Technology+%E6%B6%B2%E5%86%B7%E8%88%87%E9%AB%98%E5%8A%9F%E7%8E%87%E5%AF%86%E5%BA%A6%E5%8D%87%E7%B4%9A+%E5%8F%B0%E8%82%A1+AI+%E7%A7%91%E6%8A%80%E8%82%A1+%E8%B5%B0%E5%8B%A2+%E6%96%B0%E8%81%9E+%E6%B3%95%E4%BA%BA+2024+2025+2026&setlang=zh-tw&FORM=HDRSC6,direct fine-grained sample,public news-search index,1945
TW AI Technology Stock Trend-AI Infrastructure Components,zh,#T#[TW AI Technology Stock Trend-AI Infrastructure Components]/zh_012.txt,公開新聞索引：聯茂 ITEQ｜液冷與高功率密度升級｜AI基礎設施零組件股,bing.com,公開新聞搜尋索引,2024–2026 候選結果,2026-07-23,https://www.bing.com/news/search?q=%E8%81%AF%E8%8C%82+ITEQ+%E6%B6%B2%E5%86%B7%E8%88%87%E9%AB%98%E5%8A%9F%E7%8E%87%E5%AF%86%E5%BA%A6%E5%8D%87%E7%B4%9A+%E5%8F%B0%E8%82%A1+AI+%E7%A7%91%E6%8A%80%E8%82%A1+%E8%B5%B0%E5%8B%A2+%E6%96%B0%E8%81%9E+%E6%B3%95%E4%BA%BA+2024+2025+2026&setlang=zh-tw&FORM=HDRSC6,direct fine-grained sample,public news-search index,1870
TW AI Technology Stock Trend-AI Infrastructure Components,zh,#T#[TW AI Technology Stock Trend-AI Infrastructure Components]/zh_013.txt,公開新聞索引：金像電 Gold Circuit Electronics｜液冷與高功率密度升級｜AI基礎設施零組件股,bing.com,公開新聞搜尋索引,2024–2026 候選結果,2026-07-23,https://www.bing.com/news/search?q=%E9%87%91%E5%83%8F%E9%9B%BB+Gold+Circuit+Electronics+%E6%B6%B2%E5%86%B7%E8%88%87%E9%AB%98%E5%8A%9F%E7%8E%87%E5%AF%86%E5%BA%A6%E5%8D%87%E7%B4%9A+%E5%8F%B0%E8%82%A1+AI+%E7%A7%91%E6%8A%80%E8%82%A1+%E8%B5%B0%E5%8B%A2+%E6%96%B0%E8%81%9E+%E6%B3%95%E4%BA%BA+2024+2025+2026&setlang=zh-tw&FORM=HDRSC6,direct fine-grained sample,public news-search index,1964
TW AI Technology Stock Trend-AI Infrastructure Components,zh,#T#[TW AI Technology Stock Trend-AI Infrastructure Components]/zh_014.txt,公開新聞索引：欣興 Unimicron｜液冷與高功率密度升級｜AI基礎設施零組件股,bing.com,公開新聞搜尋索引,2024–2026 候選結果,2026-07-23,https://www.bing.com/news/search?q=%E6%AC%A3%E8%88%88+Unimicron+%E6%B6%B2%E5%86%B7%E8%88%87%E9%AB%98%E5%8A%9F%E7%8E%87%E5%AF%86%E5%BA%A6%E5%8D%87%E7%B4%9A+%E5%8F%B0%E8%82%A1+AI+%E7%A7%91%E6%8A%80%E8%82%A1+%E8%B5%B0%E5%8B%A2+%E6%96%B0%E8%81%9E+%E6%B3%95%E4%BA%BA+2024+2025+2026&setlang=zh-tw&FORM=HDRSC6,direct fine-grained sample,public news-search index,1891
TW AI Technology Stock Trend-AI Infrastructure Components,zh,#T#[TW AI Technology Stock Trend-AI Infrastructure Components]/zh_015.txt,公開新聞索引：華通 Compeq｜液冷與高功率密度升級｜AI基礎設施零組件股,bing.com,公開新聞搜尋索引,2024–2026 候選結果,2026-07-23,https://www.bing.com/news/search?q=%E8%8F%AF%E9%80%9A+Compeq+%E6%B6%B2%E5%86%B7%E8%88%87%E9%AB%98%E5%8A%9F%E7%8E%87%E5%AF%86%E5%BA%A6%E5%8D%87%E7%B4%9A+%E5%8F%B0%E8%82%A1+AI+%E7%A7%91%E6%8A%80%E8%82%A1+%E8%B5%B0%E5%8B%A2+%E6%96%B0%E8%81%9E+%E6%B3%95%E4%BA%BA+2024+2025+2026&setlang=zh-tw&FORM=HDRSC6,direct fine-grained sample,public news-search index,1882
TW AI Technology Stock Trend-AI Infrastructure Components,zh,#T#[TW AI Technology Stock Trend-AI Infrastructure Components]/zh_016.txt,公開新聞索引：健鼎 Tripod｜液冷與高功率密度升級｜AI基礎設施零組件股,bing.com,公開新聞搜尋索引,2024–2026 候選結果,2026-07-23,https://www.bing.com/news/search?q=%E5%81%A5%E9%BC%8E+Tripod+%E6%B6%B2%E5%86%B7%E8%88%87%E9%AB%98%E5%8A%9F%E7%8E%87%E5%AF%86%E5%BA%A6%E5%8D%87%E7%B4%9A+%E5%8F%B0%E8%82%A1+AI+%E7%A7%91%E6%8A%80%E8%82%A1+%E8%B5%B0%E5%8B%A2+%E6%96%B0%E8%81%9E+%E6%B3%95%E4%BA%BA+2024+2025+2026&setlang=zh-tw&FORM=HDRSC6,direct fine-grained sample,public news-search index,1882
TW AI Technology Stock Trend-AI Infrastructure Components,zh,#T#[TW AI Technology Stock Trend-AI Infrastructure Components]/zh_017.txt,公開新聞索引：南電 Nan Ya PCB｜液冷與高功率密度升級｜AI基礎設施零組件股,bing.com,公開新聞搜尋索引,2024–2026 候選結果,2026-07-23,https://www.bing.com/news/search?q=%E5%8D%97%E9%9B%BB+Nan+Ya+PCB+%E6%B6%B2%E5%86%B7%E8%88%87%E9%AB%98%E5%8A%9F%E7%8E%87%E5%AF%86%E5%BA%A6%E5%8D%87%E7%B4%9A+%E5%8F%B0%E8%82%A1+AI+%E7%A7%91%E6%8A%80%E8%82%A1+%E8%B5%B0%E5%8B%A2+%E6%96%B0%E8%81%9E+%E6%B3%95%E4%BA%BA+2024+2025+2026&setlang=zh-tw&FORM=HDRSC6,direct fine-grained sample,public news-search index,1901
TW AI Technology Stock Trend-AI Infrastructure Components,zh,#T#[TW AI Technology Stock Trend-AI Infrastructure Components]/zh_018.txt,公開新聞索引：智邦 Accton｜液冷與高功率密度升級｜AI基礎設施零組件股,bing.com,公開新聞搜尋索引,2024–2026 候選結果,2026-07-23,https://www.bing.com/news/search?q=%E6%99%BA%E9%82%A6+Accton+%E6%B6%B2%E5%86%B7%E8%88%87%E9%AB%98%E5%8A%9F%E7%8E%87%E5%AF%86%E5%BA%A6%E5%8D%87%E7%B4%9A+%E5%8F%B0%E8%82%A1+AI+%E7%A7%91%E6%8A%80%E8%82%A1+%E8%B5%B0%E5%8B%A2+%E6%96%B0%E8%81%9E+%E6%B3%95%E4%BA%BA+2024+2025+2026&setlang=zh-tw&FORM=HDRSC6,direct fine-grained sample,public news-search index,1882
TW AI Technology Stock Trend-AI Infrastructure Components,zh,#T#[TW AI Technology Stock Trend-AI Infrastructure Components]/zh_019.txt,公開新聞索引：啟碁 WNC｜液冷與高功率密度升級｜AI基礎設施零組件股,bing.com,公開新聞搜尋索引,2024–2026 候選結果,2026-07-23,https://www.bing.com/news/search?q=%E5%95%9F%E7%A2%81+WNC+%E6%B6%B2%E5%86%B7%E8%88%87%E9%AB%98%E5%8A%9F%E7%8E%87%E5%AF%86%E5%BA%A6%E5%8D%87%E7%B4%9A+%E5%8F%B0%E8%82%A1+AI+%E7%A7%91%E6%8A%80%E8%82%A1+%E8%B5%B0%E5%8B%A2+%E6%96%B0%E8%81%9E+%E6%B3%95%E4%BA%BA+2024+2025+2026&setlang=zh-tw&FORM=HDRSC6,direct fine-grained sample,public news-search index,1870
TW AI Technology Stock Trend-AI Infrastructure Components,zh,#T#[TW AI Technology Stock Trend-AI Infrastructure Components]/zh_020.txt,公開新聞索引：聯亞 LandMark Optoelectronics｜液冷與高功率密度升級｜AI基礎設施零組件股,bing.com,公開新聞搜尋索引,2024–2026 候選結果,2026-07-23,https://www.bing.com/news/search?q=%E8%81%AF%E4%BA%9E+LandMark+Optoelectronics+%E6%B6%B2%E5%86%B7%E8%88%87%E9%AB%98%E5%8A%9F%E7%8E%87%E5%AF%86%E5%BA%A6%E5%8D%87%E7%B4%9A+%E5%8F%B0%E8%82%A1+AI+%E7%A7%91%E6%8A%80%E8%82%A1+%E8%B5%B0%E5%8B%A2+%E6%96%B0%E8%81%9E+%E6%B3%95%E4%BA%BA+2024+2025+2026&setlang=zh-tw&FORM=HDRSC6,direct fine-grained sample,public news-search index,1952
TW AI Technology Stock Trend-AI Infrastructure Components,zh,#T#[TW AI Technology Stock Trend-AI Infrastructure Components]/zh_021.txt,公開新聞索引：台達電 Delta Electronics｜PCB／CCL規格與材料漲價｜AI基礎設施零組件股,bing.com,公開新聞搜尋索引,2024–2026 候選結果,2026-07-23,https://www.bing.com/news/search?q=%E5%8F%B0%E9%81%94%E9%9B%BB+Delta+Electronics+PCB%EF%BC%8FCCL%E8%A6%8F%E6%A0%BC%E8%88%87%E6%9D%90%E6%96%99%E6%BC%B2%E5%83%B9+%E5%8F%B0%E8%82%A1+AI+%E7%A7%91%E6%8A%80%E8%82%A1+%E8%B5%B0%E5%8B%A2+%E6%96%B0%E8%81%9E+%E6%B3%95%E4%BA%BA+2024+2025+2026&setlang=zh-tw&FORM=HDRSC6,direct fine-grained sample,public news-search index,1933
TW AI Technology Stock Trend-AI Infrastructure Components,zh,#T#[TW AI Technology Stock Trend-AI Infrastructure Components]/zh_022.txt,公開新聞索引：光寶科 Lite-On｜PCB／CCL規格與材料漲價｜AI基礎設施零組件股,bing.com,公開新聞搜尋索引,2024–2026 候選結果,2026-07-23,https://www.bing.com/news/search?q=%E5%85%89%E5%AF%B6%E7%A7%91+Lite-On+PCB%EF%BC%8FCCL%E8%A6%8F%E6%A0%BC%E8%88%87%E6%9D%90%E6%96%99%E6%BC%B2%E5%83%B9+%E5%8F%B0%E8%82%A1+AI+%E7%A7%91%E6%8A%80%E8%82%A1+%E8%B5%B0%E5%8B%A2+%E6%96%B0%E8%81%9E+%E6%B3%95%E4%BA%BA+2024+2025+2026&setlang=zh-tw&FORM=HDRSC6,direct fine-grained sample,public news-search index,1894
TW AI Technology Stock Trend-AI Infrastructure Components,zh,#T#[TW AI Technology Stock Trend-AI Infrastructure Components]/zh_023.txt,公開新聞索引：群電 Chicony Power｜PCB／CCL規格與材料漲價｜AI基礎設施零組件股,bing.com,公開新聞搜尋索引,2024–2026 候選結果,2026-07-23,https://www.bing.com/news/search?q=%E7%BE%A4%E9%9B%BB+Chicony+Power+PCB%EF%BC%8FCCL%E8%A6%8F%E6%A0%BC%E8%88%87%E6%9D%90%E6%96%99%E6%BC%B2%E5%83%B9+%E5%8F%B0%E8%82%A1+AI+%E7%A7%91%E6%8A%80%E8%82%A1+%E8%B5%B0%E5%8B%A2+%E6%96%B0%E8%81%9E+%E6%B3%95%E4%BA%BA+2024+2025+2026&setlang=zh-tw&FORM=HDRSC6,direct fine-grained sample,public news-search index,1908
TW AI Technology Stock Trend-AI Infrastructure Components,zh,#T#[TW AI Technology Stock Trend-AI Infrastructure Components]/zh_024.txt,公開新聞索引：康舒 AcBel｜PCB／CCL規格與材料漲價｜AI基礎設施零組件股,bing.com,公開新聞搜尋索引,2024–2026 候選結果,2026-07-23,https://www.bing.com/news/search?q=%E5%BA%B7%E8%88%92+AcBel+PCB%EF%BC%8FCCL%E8%A6%8F%E6%A0%BC%E8%88%87%E6%9D%90%E6%96%99%E6%BC%B2%E5%83%B9+%E5%8F%B0%E8%82%A1+AI+%E7%A7%91%E6%8A%80%E8%82%A1+%E8%B5%B0%E5%8B%A2+%E6%96%B0%E8%81%9E+%E6%B3%95%E4%BA%BA+2024+2025+2026&setlang=zh-tw&FORM=HDRSC6,direct fine-grained sample,public news-search index,1875
TW AI Technology Stock Trend-AI Infrastructure Components,zh,#T#[TW AI Technology Stock Trend-AI Infrastructure Components]/zh_025.txt,公開新聞索引：奇鋐 Asia Vital Components｜PCB／CCL規格與材料漲價｜AI基礎設施零組件股,bing.com,公開新聞搜尋索引,2024–2026 候選結果,2026-07-23,https://www.bing.com/news/search?q=%E5%A5%87%E9%8B%90+Asia+Vital+Components+PCB%EF%BC%8FCCL%E8%A6%8F%E6%A0%BC%E8%88%87%E6%9D%90%E6%96%99%E6%BC%B2%E5%83%B9+%E5%8F%B0%E8%82%A1+AI+%E7%A7%91%E6%8A%80%E8%82%A1+%E8%B5%B0%E5%8B%A2+%E6%96%B0%E8%81%9E+%E6%B3%95%E4%BA%BA+2024+2025+2026&setlang=zh-tw&FORM=HDRSC6,direct fine-grained sample,public news-search index,1942
TW AI Technology Stock Trend-AI Infrastructure Components,zh,#T#[TW AI Technology Stock Trend-AI Infrastructure Components]/zh_026.txt,公開新聞索引：雙鴻 Auras｜PCB／CCL規格與材料漲價｜AI基礎設施零組件股,bing.com,公開新聞搜尋索引,2024–2026 候選結果,2026-07-23,https://www.bing.com/news/search?q=%E9%9B%99%E9%B4%BB+Auras+PCB%EF%BC%8FCCL%E8%A6%8F%E6%A0%BC%E8%88%87%E6%9D%90%E6%96%99%E6%BC%B2%E5%83%B9+%E5%8F%B0%E8%82%A1+AI+%E7%A7%91%E6%8A%80%E8%82%A1+%E8%B5%B0%E5%8B%A2+%E6%96%B0%E8%81%9E+%E6%B3%95%E4%BA%BA+2024+2025+2026&setlang=zh-tw&FORM=HDRSC6,direct fine-grained sample,public news-search index,1878
TW AI Technology Stock Trend-AI Infrastructure Components,zh,#T#[TW AI Technology Stock Trend-AI Infrastructure Components]/zh_027.txt,公開新聞索引：建準 Sunonwealth｜PCB／CCL規格與材料漲價｜AI基礎設施零組件股,bing.com,公開新聞搜尋索引,2024–2026 候選結果,2026-07-23,https://www.bing.com/news/search?q=%E5%BB%BA%E6%BA%96+Sunonwealth+PCB%EF%BC%8FCCL%E8%A6%8F%E6%A0%BC%E8%88%87%E6%9D%90%E6%96%99%E6%BC%B2%E5%83%B9+%E5%8F%B0%E8%82%A1+AI+%E7%A7%91%E6%8A%80%E8%82%A1+%E8%B5%B0%E5%8B%A2+%E6%96%B0%E8%81%9E+%E6%B3%95%E4%BA%BA+2024+2025+2026&setlang=zh-tw&FORM=HDRSC6,direct fine-grained sample,public news-search index,1905
TW AI Technology Stock Trend-AI Infrastructure Components,zh,#T#[TW AI Technology Stock Trend-AI Infrastructure Components]/zh_028.txt,公開新聞索引：泰碩 TaiSol｜PCB／CCL規格與材料漲價｜AI基礎設施零組件股,bing.com,公開新聞搜尋索引,2024–2026 候選結果,2026-07-23,https://www.bing.com/news/search?q=%E6%B3%B0%E7%A2%A9+TaiSol+PCB%EF%BC%8FCCL%E8%A6%8F%E6%A0%BC%E8%88%87%E6%9D%90%E6%96%99%E6%BC%B2%E5%83%B9+%E5%8F%B0%E8%82%A1+AI+%E7%A7%91%E6%8A%80%E8%82%A1+%E8%B5%B0%E5%8B%A2+%E6%96%B0%E8%81%9E+%E6%B3%95%E4%BA%BA+2024+2025+2026&setlang=zh-tw&FORM=HDRSC6,direct fine-grained sample,public news-search index,1882
TW AI Technology Stock Trend-AI Infrastructure Components,zh,#T#[TW AI Technology Stock Trend-AI Infrastructure Components]/zh_029.txt,公開新聞索引：健策 Jentech｜PCB／CCL規格與材料漲價｜AI基礎設施零組件股,bing.com,公開新聞搜尋索引,2024–2026 候選結果,2026-07-23,https://www.bing.com/news/search?q=%E5%81%A5%E7%AD%96+Jentech+PCB%EF%BC%8FCCL%E8%A6%8F%E6%A0%BC%E8%88%87%E6%9D%90%E6%96%99%E6%BC%B2%E5%83%B9+%E5%8F%B0%E8%82%A1+AI+%E7%A7%91%E6%8A%80%E8%82%A1+%E8%B5%B0%E5%8B%A2+%E6%96%B0%E8%81%9E+%E6%B3%95%E4%BA%BA+2024+2025+2026&setlang=zh-tw&FORM=HDRSC6,direct fine-grained sample,public news-search index,1886
TW AI Technology Stock Trend-AI Infrastructure Components,zh,#T#[TW AI Technology Stock Trend-AI Infrastructure Components]/zh_030.txt,公開新聞索引：台光電 Elite Material｜PCB／CCL規格與材料漲價｜AI基礎設施零組件股,bing.com,公開新聞搜尋索引,2024–2026 候選結果,2026-07-23,https://www.bing.com/news/search?q=%E5%8F%B0%E5%85%89%E9%9B%BB+Elite+Material+PCB%EF%BC%8FCCL%E8%A6%8F%E6%A0%BC%E8%88%87%E6%9D%90%E6%96%99%E6%BC%B2%E5%83%B9+%E5%8F%B0%E8%82%A1+AI+%E7%A7%91%E6%8A%80%E8%82%A1+%E8%B5%B0%E5%8B%A2+%E6%96%B0%E8%81%9E+%E6%B3%95%E4%BA%BA+2024+2025+2026&setlang=zh-tw&FORM=HDRSC6,direct fine-grained sample,public news-search index,1924
TW AI Technology Stock Trend-AI Infrastructure Components,zh,#T#[TW AI Technology Stock Trend-AI Infrastructure Components]/zh_031.txt,公開新聞索引：台燿 Taiwan Union Technology｜PCB／CCL規格與材料漲價｜AI基礎設施零組件股,bing.com,公開新聞搜尋索引,2024–2026 候選結果,2026-07-23,https://www.bing.com/news/search?q=%E5%8F%B0%E7%87%BF+Taiwan+Union+Technology+PCB%EF%BC%8FCCL%E8%A6%8F%E6%A0%BC%E8%88%87%E6%9D%90%E6%96%99%E6%BC%B2%E5%83%B9+%E5%8F%B0%E8%82%A1+AI+%E7%A7%91%E6%8A%80%E8%82%A1+%E8%B5%B0%E5%8B%A2+%E6%96%B0%E8%81%9E+%E6%B3%95%E4%BA%BA+2024+2025+2026&setlang=zh-tw&FORM=HDRSC6,direct fine-grained sample,public news-search index,1945
TW AI Technology Stock Trend-AI Infrastructure Components,zh,#T#[TW AI Technology Stock Trend-AI Infrastructure Components]/zh_032.txt,公開新聞索引：聯茂 ITEQ｜PCB／CCL規格與材料漲價｜AI基礎設施零組件股,bing.com,公開新聞搜尋索引,2024–2026 候選結果,2026-07-23,https://www.bing.com/news/search?q=%E8%81%AF%E8%8C%82+ITEQ+PCB%EF%BC%8FCCL%E8%A6%8F%E6%A0%BC%E8%88%87%E6%9D%90%E6%96%99%E6%BC%B2%E5%83%B9+%E5%8F%B0%E8%82%A1+AI+%E7%A7%91%E6%8A%80%E8%82%A1+%E8%B5%B0%E5%8B%A2+%E6%96%B0%E8%81%9E+%E6%B3%95%E4%BA%BA+2024+2025+2026&setlang=zh-tw&FORM=HDRSC6,direct fine-grained sample,public news-search index,1870
TW AI Technology Stock Trend-AI Infrastructure Components,zh,#T#[TW AI Technology Stock Trend-AI Infrastructure Components]/zh_033.txt,公開新聞索引：金像電 Gold Circuit Electronics｜PCB／CCL規格與材料漲價｜AI基礎設施零組件股,bing.com,公開新聞搜尋索引,2024–2026 候選結果,2026-07-23,https://www.bing.com/news/search?q=%E9%87%91%E5%83%8F%E9%9B%BB+Gold+Circuit+Electronics+PCB%EF%BC%8FCCL%E8%A6%8F%E6%A0%BC%E8%88%87%E6%9D%90%E6%96%99%E6%BC%B2%E5%83%B9+%E5%8F%B0%E8%82%A1+AI+%E7%A7%91%E6%8A%80%E8%82%A1+%E8%B5%B0%E5%8B%A2+%E6%96%B0%E8%81%9E+%E6%B3%95%E4%BA%BA+2024+2025+2026&setlang=zh-tw&FORM=HDRSC6,direct fine-grained sample,public news-search index,1964
TW AI Technology Stock Trend-AI Infrastructure Components,zh,#T#[TW AI Technology Stock Trend-AI Infrastructure Components]/zh_034.txt,公開新聞索引：欣興 Unimicron｜PCB／CCL規格與材料漲價｜AI基礎設施零組件股,bing.com,公開新聞搜尋索引,2024–2026 候選結果,2026-07-23,https://www.bing.com/news/search?q=%E6%AC%A3%E8%88%88+Unimicron+PCB%EF%BC%8FCCL%E8%A6%8F%E6%A0%BC%E8%88%87%E6%9D%90%E6%96%99%E6%BC%B2%E5%83%B9+%E5%8F%B0%E8%82%A1+AI+%E7%A7%91%E6%8A%80%E8%82%A1+%E8%B5%B0%E5%8B%A2+%E6%96%B0%E8%81%9E+%E6%B3%95%E4%BA%BA+2024+2025+2026&setlang=zh-tw&FORM=HDRSC6,direct fine-grained sample,public news-search index,1891
TW AI Technology Stock Trend-AI Infrastructure Components,zh,#T#[TW AI Technology Stock Trend-AI Infrastructure Components]/zh_035.txt,公開新聞索引：華通 Compeq｜PCB／CCL規格與材料漲價｜AI基礎設施零組件股,bing.com,公開新聞搜尋索引,2024–2026 候選結果,2026-07-23,https://www.bing.com/news/search?q=%E8%8F%AF%E9%80%9A+Compeq+PCB%EF%BC%8FCCL%E8%A6%8F%E6%A0%BC%E8%88%87%E6%9D%90%E6%96%99%E6%BC%B2%E5%83%B9+%E5%8F%B0%E8%82%A1+AI+%E7%A7%91%E6%8A%80%E8%82%A1+%E8%B5%B0%E5%8B%A2+%E6%96%B0%E8%81%9E+%E6%B3%95%E4%BA%BA+2024+2025+2026&setlang=zh-tw&FORM=HDRSC6,direct fine-grained sample,public news-search index,1882
TW AI Technology Stock Trend-AI Infrastructure Components,zh,#T#[TW AI Technology Stock Trend-AI Infrastructure Components]/zh_036.txt,公開新聞索引：健鼎 Tripod｜PCB／CCL規格與材料漲價｜AI基礎設施零組件股,bing.com,公開新聞搜尋索引,2024–2026 候選結果,2026-07-23,https://www.bing.com/news/search?q=%E5%81%A5%E9%BC%8E+Tripod+PCB%EF%BC%8FCCL%E8%A6%8F%E6%A0%BC%E8%88%87%E6%9D%90%E6%96%99%E6%BC%B2%E5%83%B9+%E5%8F%B0%E8%82%A1+AI+%E7%A7%91%E6%8A%80%E8%82%A1+%E8%B5%B0%E5%8B%A2+%E6%96%B0%E8%81%9E+%E6%B3%95%E4%BA%BA+2024+2025+2026&setlang=zh-tw&FORM=HDRSC6,direct fine-grained sample,public news-search index,1882
TW AI Technology Stock Trend-AI Infrastructure Components,zh,#T#[TW AI Technology Stock Trend-AI Infrastructure Components]/zh_037.txt,公開新聞索引：南電 Nan Ya PCB｜PCB／CCL規格與材料漲價｜AI基礎設施零組件股,bing.com,公開新聞搜尋索引,2024–2026 候選結果,2026-07-23,https://www.bing.com/news/search?q=%E5%8D%97%E9%9B%BB+Nan+Ya+PCB+PCB%EF%BC%8FCCL%E8%A6%8F%E6%A0%BC%E8%88%87%E6%9D%90%E6%96%99%E6%BC%B2%E5%83%B9+%E5%8F%B0%E8%82%A1+AI+%E7%A7%91%E6%8A%80%E8%82%A1+%E8%B5%B0%E5%8B%A2+%E6%96%B0%E8%81%9E+%E6%B3%95%E4%BA%BA+2024+2025+2026&setlang=zh-tw&FORM=HDRSC6,direct fine-grained sample,public news-search index,1901
TW AI Technology Stock Trend-AI Infrastructure Components,zh,#T#[TW AI Technology Stock Trend-AI Infrastructure Components]/zh_038.txt,公開新聞索引：智邦 Accton｜PCB／CCL規格與材料漲價｜AI基礎設施零組件股,bing.com,公開新聞搜尋索引,2024–2026 候選結果,2026-07-23,https://www.bing.com/news/search?q=%E6%99%BA%E9%82%A6+Accton+PCB%EF%BC%8FCCL%E8%A6%8F%E6%A0%BC%E8%88%87%E6%9D%90%E6%96%99%E6%BC%B2%E5%83%B9+%E5%8F%B0%E8%82%A1+AI+%E7%A7%91%E6%8A%80%E8%82%A1+%E8%B5%B0%E5%8B%A2+%E6%96%B0%E8%81%9E+%E6%B3%95%E4%BA%BA+2024+2025+2026&setlang=zh-tw&FORM=HDRSC6,direct fine-grained sample,public news-search index,1882
TW AI Technology Stock Trend-AI Infrastructure Components,zh,#T#[TW AI Technology Stock Trend-AI Infrastructure Components]/zh_039.txt,公開新聞索引：啟碁 WNC｜PCB／CCL規格與材料漲價｜AI基礎設施零組件股,bing.com,公開新聞搜尋索引,2024–2026 候選結果,2026-07-23,https://www.bing.com/news/search?q=%E5%95%9F%E7%A2%81+WNC+PCB%EF%BC%8FCCL%E8%A6%8F%E6%A0%BC%E8%88%87%E6%9D%90%E6%96%99%E6%BC%B2%E5%83%B9+%E5%8F%B0%E8%82%A1+AI+%E7%A7%91%E6%8A%80%E8%82%A1+%E8%B5%B0%E5%8B%A2+%E6%96%B0%E8%81%9E+%E6%B3%95%E4%BA%BA+2024+2025+2026&setlang=zh-tw&FORM=HDRSC6,direct fine-grained sample,public news-search index,1870
TW AI Technology Stock Trend-AI Infrastructure Components,zh,#T#[TW AI Technology Stock Trend-AI Infrastructure Components]/zh_040.txt,公開新聞索引：聯亞 LandMark Optoelectronics｜PCB／CCL規格與材料漲價｜AI基礎設施零組件股,bing.com,公開新聞搜尋索引,2024–2026 候選結果,2026-07-23,https://www.bing.com/news/search?q=%E8%81%AF%E4%BA%9E+LandMark+Optoelectronics+PCB%EF%BC%8FCCL%E8%A6%8F%E6%A0%BC%E8%88%87%E6%9D%90%E6%96%99%E6%BC%B2%E5%83%B9+%E5%8F%B0%E8%82%A1+AI+%E7%A7%91%E6%8A%80%E8%82%A1+%E8%B5%B0%E5%8B%A2+%E6%96%B0%E8%81%9E+%E6%B3%95%E4%BA%BA+2024+2025+2026&setlang=zh-tw&FORM=HDRSC6,direct fine-grained sample,public news-search index,1952
TW AI Technology Stock Trend-AI Infrastructure Components,zh,#T#[TW AI Technology Stock Trend-AI Infrastructure Components]/zh_041.txt,公開新聞索引：台達電 Delta Electronics｜高速交換器與光通訊需求｜AI基礎設施零組件股,bing.com,公開新聞搜尋索引,2024–2026 候選結果,2026-07-23,https://www.bing.com/news/search?q=%E5%8F%B0%E9%81%94%E9%9B%BB+Delta+Electronics+%E9%AB%98%E9%80%9F%E4%BA%A4%E6%8F%9B%E5%99%A8%E8%88%87%E5%85%89%E9%80%9A%E8%A8%8A%E9%9C%80%E6%B1%82+%E5%8F%B0%E8%82%A1+AI+%E7%A7%91%E6%8A%80%E8%82%A1+%E8%B5%B0%E5%8B%A2+%E6%96%B0%E8%81%9E+%E6%B3%95%E4%BA%BA+2024+2025+2026&setlang=zh-tw&FORM=HDRSC6,direct fine-grained sample,public news-search index,1945
TW AI Technology Stock Trend-AI Infrastructure Components,zh,#T#[TW AI Technology Stock Trend-AI Infrastructure Components]/zh_042.txt,公開新聞索引：光寶科 Lite-On｜高速交換器與光通訊需求｜AI基礎設施零組件股,bing.com,公開新聞搜尋索引,2024–2026 候選結果,2026-07-23,https://www.bing.com/news/search?q=%E5%85%89%E5%AF%B6%E7%A7%91+Lite-On+%E9%AB%98%E9%80%9F%E4%BA%A4%E6%8F%9B%E5%99%A8%E8%88%87%E5%85%89%E9%80%9A%E8%A8%8A%E9%9C%80%E6%B1%82+%E5%8F%B0%E8%82%A1+AI+%E7%A7%91%E6%8A%80%E8%82%A1+%E8%B5%B0%E5%8B%A2+%E6%96%B0%E8%81%9E+%E6%B3%95%E4%BA%BA+2024+2025+2026&setlang=zh-tw&FORM=HDRSC6,direct fine-grained sample,public news-search index,1906
TW AI Technology Stock Trend-AI Infrastructure Components,zh,#T#[TW AI Technology Stock Trend-AI Infrastructure Components]/zh_043.txt,公開新聞索引：群電 Chicony Power｜高速交換器與光通訊需求｜AI基礎設施零組件股,bing.com,公開新聞搜尋索引,2024–2026 候選結果,2026-07-23,https://www.bing.com/news/search?q=%E7%BE%A4%E9%9B%BB+Chicony+Power+%E9%AB%98%E9%80%9F%E4%BA%A4%E6%8F%9B%E5%99%A8%E8%88%87%E5%85%89%E9%80%9A%E8%A8%8A%E9%9C%80%E6%B1%82+%E5%8F%B0%E8%82%A1+AI+%E7%A7%91%E6%8A%80%E8%82%A1+%E8%B5%B0%E5%8B%A2+%E6%96%B0%E8%81%9E+%E6%B3%95%E4%BA%BA+2024+2025+2026&setlang=zh-tw&FORM=HDRSC6,direct fine-grained sample,public news-search index,1920
TW AI Technology Stock Trend-AI Infrastructure Components,zh,#T#[TW AI Technology Stock Trend-AI Infrastructure Components]/zh_044.txt,公開新聞索引：康舒 AcBel｜高速交換器與光通訊需求｜AI基礎設施零組件股,bing.com,公開新聞搜尋索引,2024–2026 候選結果,2026-07-23,https://www.bing.com/news/search?q=%E5%BA%B7%E8%88%92+AcBel+%E9%AB%98%E9%80%9F%E4%BA%A4%E6%8F%9B%E5%99%A8%E8%88%87%E5%85%89%E9%80%9A%E8%A8%8A%E9%9C%80%E6%B1%82+%E5%8F%B0%E8%82%A1+AI+%E7%A7%91%E6%8A%80%E8%82%A1+%E8%B5%B0%E5%8B%A2+%E6%96%B0%E8%81%9E+%E6%B3%95%E4%BA%BA+2024+2025+2026&setlang=zh-tw&FORM=HDRSC6,direct fine-grained sample,public news-search index,1887
TW AI Technology Stock Trend-AI Infrastructure Components,zh,#T#[TW AI Technology Stock Trend-AI Infrastructure Components]/zh_045.txt,公開新聞索引：奇鋐 Asia Vital Components｜高速交換器與光通訊需求｜AI基礎設施零組件股,bing.com,公開新聞搜尋索引,2024–2026 候選結果,2026-07-23,https://www.bing.com/news/search?q=%E5%A5%87%E9%8B%90+Asia+Vital+Components+%E9%AB%98%E9%80%9F%E4%BA%A4%E6%8F%9B%E5%99%A8%E8%88%87%E5%85%89%E9%80%9A%E8%A8%8A%E9%9C%80%E6%B1%82+%E5%8F%B0%E8%82%A1+AI+%E7%A7%91%E6%8A%80%E8%82%A1+%E8%B5%B0%E5%8B%A2+%E6%96%B0%E8%81%9E+%E6%B3%95%E4%BA%BA+2024+2025+2026&setlang=zh-tw&FORM=HDRSC6,direct fine-grained sample,public news-search index,1954
TW AI Technology Stock Trend-AI Infrastructure Components,zh,#T#[TW AI Technology Stock Trend-AI Infrastructure Components]/zh_046.txt,公開新聞索引：雙鴻 Auras｜高速交換器與光通訊需求｜AI基礎設施零組件股,bing.com,公開新聞搜尋索引,2024–2026 候選結果,2026-07-23,https://www.bing.com/news/search?q=%E9%9B%99%E9%B4%BB+Auras+%E9%AB%98%E9%80%9F%E4%BA%A4%E6%8F%9B%E5%99%A8%E8%88%87%E5%85%89%E9%80%9A%E8%A8%8A%E9%9C%80%E6%B1%82+%E5%8F%B0%E8%82%A1+AI+%E7%A7%91%E6%8A%80%E8%82%A1+%E8%B5%B0%E5%8B%A2+%E6%96%B0%E8%81%9E+%E6%B3%95%E4%BA%BA+2024+2025+2026&setlang=zh-tw&FORM=HDRSC6,direct fine-grained sample,public news-search index,1890
TW AI Technology Stock Trend-AI Infrastructure Components,zh,#T#[TW AI Technology Stock Trend-AI Infrastructure Components]/zh_047.txt,公開新聞索引：建準 Sunonwealth｜高速交換器與光通訊需求｜AI基礎設施零組件股,bing.com,公開新聞搜尋索引,2024–2026 候選結果,2026-07-23,https://www.bing.com/news/search?q=%E5%BB%BA%E6%BA%96+Sunonwealth+%E9%AB%98%E9%80%9F%E4%BA%A4%E6%8F%9B%E5%99%A8%E8%88%87%E5%85%89%E9%80%9A%E8%A8%8A%E9%9C%80%E6%B1%82+%E5%8F%B0%E8%82%A1+AI+%E7%A7%91%E6%8A%80%E8%82%A1+%E8%B5%B0%E5%8B%A2+%E6%96%B0%E8%81%9E+%E6%B3%95%E4%BA%BA+2024+2025+2026&setlang=zh-tw&FORM=HDRSC6,direct fine-grained sample,public news-search index,1917
TW AI Technology Stock Trend-AI Infrastructure Components,zh,#T#[TW AI Technology Stock Trend-AI Infrastructure Components]/zh_048.txt,公開新聞索引：泰碩 TaiSol｜高速交換器與光通訊需求｜AI基礎設施零組件股,bing.com,公開新聞搜尋索引,2024–2026 候選結果,2026-07-23,https://www.bing.com/news/search?q=%E6%B3%B0%E7%A2%A9+TaiSol+%E9%AB%98%E9%80%9F%E4%BA%A4%E6%8F%9B%E5%99%A8%E8%88%87%E5%85%89%E9%80%9A%E8%A8%8A%E9%9C%80%E6%B1%82+%E5%8F%B0%E8%82%A1+AI+%E7%A7%91%E6%8A%80%E8%82%A1+%E8%B5%B0%E5%8B%A2+%E6%96%B0%E8%81%9E+%E6%B3%95%E4%BA%BA+2024+2025+2026&setlang=zh-tw&FORM=HDRSC6,direct fine-grained sample,public news-search index,1894
TW AI Technology Stock Trend-AI Infrastructure Components,zh,#T#[TW AI Technology Stock Trend-AI Infrastructure Components]/zh_049.txt,公開新聞索引：健策 Jentech｜高速交換器與光通訊需求｜AI基礎設施零組件股,bing.com,公開新聞搜尋索引,2024–2026 候選結果,2026-07-23,https://www.bing.com/news/search?q=%E5%81%A5%E7%AD%96+Jentech+%E9%AB%98%E9%80%9F%E4%BA%A4%E6%8F%9B%E5%99%A8%E8%88%87%E5%85%89%E9%80%9A%E8%A8%8A%E9%9C%80%E6%B1%82+%E5%8F%B0%E8%82%A1+AI+%E7%A7%91%E6%8A%80%E8%82%A1+%E8%B5%B0%E5%8B%A2+%E6%96%B0%E8%81%9E+%E6%B3%95%E4%BA%BA+2024+2025+2026&setlang=zh-tw&FORM=HDRSC6,direct fine-grained sample,public news-search index,1898
TW AI Technology Stock Trend-AI Infrastructure Components,zh,#T#[TW AI Technology Stock Trend-AI Infrastructure Components]/zh_050.txt,公開新聞索引：台光電 Elite Material｜高速交換器與光通訊需求｜AI基礎設施零組件股,bing.com,公開新聞搜尋索引,2024–2026 候選結果,2026-07-23,https://www.bing.com/news/search?q=%E5%8F%B0%E5%85%89%E9%9B%BB+Elite+Material+%E9%AB%98%E9%80%9F%E4%BA%A4%E6%8F%9B%E5%99%A8%E8%88%87%E5%85%89%E9%80%9A%E8%A8%8A%E9%9C%80%E6%B1%82+%E5%8F%B0%E8%82%A1+AI+%E7%A7%91%E6%8A%80%E8%82%A1+%E8%B5%B0%E5%8B%A2+%E6%96%B0%E8%81%9E+%E6%B3%95%E4%BA%BA+2024+2025+2026&setlang=zh-tw&FORM=HDRSC6,direct fine-grained sample,public news-search index,1936
TW AI Technology Stock Trend-AI Infrastructure Components,zh,#T#[TW AI Technology Stock Trend-AI Infrastructure Components]/zh_051.txt,公開新聞索引：台燿 Taiwan Union Technology｜高速交換器與光通訊需求｜AI基礎設施零組件股,bing.com,公開新聞搜尋索引,2024–2026 候選結果,2026-07-23,https://www.bing.com/news/search?q=%E5%8F%B0%E7%87%BF+Taiwan+Union+Technology+%E9%AB%98%E9%80%9F%E4%BA%A4%E6%8F%9B%E5%99%A8%E8%88%87%E5%85%89%E9%80%9A%E8%A8%8A%E9%9C%80%E6%B1%82+%E5%8F%B0%E8%82%A1+AI+%E7%A7%91%E6%8A%80%E8%82%A1+%E8%B5%B0%E5%8B%A2+%E6%96%B0%E8%81%9E+%E6%B3%95%E4%BA%BA+2024+2025+2026&setlang=zh-tw&FORM=HDRSC6,direct fine-grained sample,public news-search index,1957
TW AI Technology Stock Trend-AI Infrastructure Components,zh,#T#[TW AI Technology Stock Trend-AI Infrastructure Components]/zh_052.txt,公開新聞索引：聯茂 ITEQ｜高速交換器與光通訊需求｜AI基礎設施零組件股,bing.com,公開新聞搜尋索引,2024–2026 候選結果,2026-07-23,https://www.bing.com/news/search?q=%E8%81%AF%E8%8C%82+ITEQ+%E9%AB%98%E9%80%9F%E4%BA%A4%E6%8F%9B%E5%99%A8%E8%88%87%E5%85%89%E9%80%9A%E8%A8%8A%E9%9C%80%E6%B1%82+%E5%8F%B0%E8%82%A1+AI+%E7%A7%91%E6%8A%80%E8%82%A1+%E8%B5%B0%E5%8B%A2+%E6%96%B0%E8%81%9E+%E6%B3%95%E4%BA%BA+2024+2025+2026&setlang=zh-tw&FORM=HDRSC6,direct fine-grained sample,public news-search index,1882
TW AI Technology Stock Trend-AI Infrastructure Components,zh,#T#[TW AI Technology Stock Trend-AI Infrastructure Components]/zh_053.txt,公開新聞索引：金像電 Gold Circuit Electronics｜高速交換器與光通訊需求｜AI基礎設施零組件股,bing.com,公開新聞搜尋索引,2024–2026 候選結果,2026-07-23,https://www.bing.com/news/search?q=%E9%87%91%E5%83%8F%E9%9B%BB+Gold+Circuit+Electronics+%E9%AB%98%E9%80%9F%E4%BA%A4%E6%8F%9B%E5%99%A8%E8%88%87%E5%85%89%E9%80%9A%E8%A8%8A%E9%9C%80%E6%B1%82+%E5%8F%B0%E8%82%A1+AI+%E7%A7%91%E6%8A%80%E8%82%A1+%E8%B5%B0%E5%8B%A2+%E6%96%B0%E8%81%9E+%E6%B3%95%E4%BA%BA+2024+2025+2026&setlang=zh-tw&FORM=HDRSC6,direct fine-grained sample,public news-search index,1976
TW AI Technology Stock Trend-AI Infrastructure Components,zh,#T#[TW AI Technology Stock Trend-AI Infrastructure Components]/zh_054.txt,公開新聞索引：欣興 Unimicron｜高速交換器與光通訊需求｜AI基礎設施零組件股,bing.com,公開新聞搜尋索引,2024–2026 候選結果,2026-07-23,https://www.bing.com/news/search?q=%E6%AC%A3%E8%88%88+Unimicron+%E9%AB%98%E9%80%9F%E4%BA%A4%E6%8F%9B%E5%99%A8%E8%88%87%E5%85%89%E9%80%9A%E8%A8%8A%E9%9C%80%E6%B1%82+%E5%8F%B0%E8%82%A1+AI+%E7%A7%91%E6%8A%80%E8%82%A1+%E8%B5%B0%E5%8B%A2+%E6%96%B0%E8%81%9E+%E6%B3%95%E4%BA%BA+2024+2025+2026&setlang=zh-tw&FORM=HDRSC6,direct fine-grained sample,public news-search index,1903
TW AI Technology Stock Trend-AI Infrastructure Components,zh,#T#[TW AI Technology Stock Trend-AI Infrastructure Components]/zh_055.txt,公開新聞索引：華通 Compeq｜高速交換器與光通訊需求｜AI基礎設施零組件股,bing.com,公開新聞搜尋索引,2024–2026 候選結果,2026-07-23,https://www.bing.com/news/search?q=%E8%8F%AF%E9%80%9A+Compeq+%E9%AB%98%E9%80%9F%E4%BA%A4%E6%8F%9B%E5%99%A8%E8%88%87%E5%85%89%E9%80%9A%E8%A8%8A%E9%9C%80%E6%B1%82+%E5%8F%B0%E8%82%A1+AI+%E7%A7%91%E6%8A%80%E8%82%A1+%E8%B5%B0%E5%8B%A2+%E6%96%B0%E8%81%9E+%E6%B3%95%E4%BA%BA+2024+2025+2026&setlang=zh-tw&FORM=HDRSC6,direct fine-grained sample,public news-search index,1894
TW AI Technology Stock Trend-AI Infrastructure Components,zh,#T#[TW AI Technology Stock Trend-AI Infrastructure Components]/zh_056.txt,公開新聞索引：健鼎 Tripod｜高速交換器與光通訊需求｜AI基礎設施零組件股,bing.com,公開新聞搜尋索引,2024–2026 候選結果,2026-07-23,https://www.bing.com/news/search?q=%E5%81%A5%E9%BC%8E+Tripod+%E9%AB%98%E9%80%9F%E4%BA%A4%E6%8F%9B%E5%99%A8%E8%88%87%E5%85%89%E9%80%9A%E8%A8%8A%E9%9C%80%E6%B1%82+%E5%8F%B0%E8%82%A1+AI+%E7%A7%91%E6%8A%80%E8%82%A1+%E8%B5%B0%E5%8B%A2+%E6%96%B0%E8%81%9E+%E6%B3%95%E4%BA%BA+2024+2025+2026&setlang=zh-tw&FORM=HDRSC6,direct fine-grained sample,public news-search index,1894
TW AI Technology Stock Trend-AI Infrastructure Components,zh,#T#[TW AI Technology Stock Trend-AI Infrastructure Components]/zh_057.txt,公開新聞索引：南電 Nan Ya PCB｜高速交換器與光通訊需求｜AI基礎設施零組件股,bing.com,公開新聞搜尋索引,2024–2026 候選結果,2026-07-23,https://www.bing.com/news/search?q=%E5%8D%97%E9%9B%BB+Nan+Ya+PCB+%E9%AB%98%E9%80%9F%E4%BA%A4%E6%8F%9B%E5%99%A8%E8%88%87%E5%85%89%E9%80%9A%E8%A8%8A%E9%9C%80%E6%B1%82+%E5%8F%B0%E8%82%A1+AI+%E7%A7%91%E6%8A%80%E8%82%A1+%E8%B5%B0%E5%8B%A2+%E6%96%B0%E8%81%9E+%E6%B3%95%E4%BA%BA+2024+2025+2026&setlang=zh-tw&FORM=HDRSC6,direct fine-grained sample,public news-search index,1913
TW AI Technology Stock Trend-AI Infrastructure Components,zh,#T#[TW AI Technology Stock Trend-AI Infrastructure Components]/zh_058.txt,公開新聞索引：智邦 Accton｜高速交換器與光通訊需求｜AI基礎設施零組件股,bing.com,公開新聞搜尋索引,2024–2026 候選結果,2026-07-23,https://www.bing.com/news/search?q=%E6%99%BA%E9%82%A6+Accton+%E9%AB%98%E9%80%9F%E4%BA%A4%E6%8F%9B%E5%99%A8%E8%88%87%E5%85%89%E9%80%9A%E8%A8%8A%E9%9C%80%E6%B1%82+%E5%8F%B0%E8%82%A1+AI+%E7%A7%91%E6%8A%80%E8%82%A1+%E8%B5%B0%E5%8B%A2+%E6%96%B0%E8%81%9E+%E6%B3%95%E4%BA%BA+2024+2025+2026&setlang=zh-tw&FORM=HDRSC6,direct fine-grained sample,public news-search index,1894
TW AI Technology Stock Trend-AI Infrastructure Components,zh,#T#[TW AI Technology Stock Trend-AI Infrastructure Components]/zh_059.txt,公開新聞索引：啟碁 WNC｜高速交換器與光通訊需求｜AI基礎設施零組件股,bing.com,公開新聞搜尋索引,2024–2026 候選結果,2026-07-23,https://www.bing.com/news/search?q=%E5%95%9F%E7%A2%81+WNC+%E9%AB%98%E9%80%9F%E4%BA%A4%E6%8F%9B%E5%99%A8%E8%88%87%E5%85%89%E9%80%9A%E8%A8%8A%E9%9C%80%E6%B1%82+%E5%8F%B0%E8%82%A1+AI+%E7%A7%91%E6%8A%80%E8%82%A1+%E8%B5%B0%E5%8B%A2+%E6%96%B0%E8%81%9E+%E6%B3%95%E4%BA%BA+2024+2025+2026&setlang=zh-tw&FORM=HDRSC6,direct fine-grained sample,public news-search index,1882
TW AI Technology Stock Trend-AI Infrastructure Components,zh,#T#[TW AI Technology Stock Trend-AI Infrastructure Components]/zh_060.txt,公開新聞索引：聯亞 LandMark Optoelectronics｜高速交換器與光通訊需求｜AI基礎設施零組件股,bing.com,公開新聞搜尋索引,2024–2026 候選結果,2026-07-23,https://www.bing.com/news/search?q=%E8%81%AF%E4%BA%9E+LandMark+Optoelectronics+%E9%AB%98%E9%80%9F%E4%BA%A4%E6%8F%9B%E5%99%A8%E8%88%87%E5%85%89%E9%80%9A%E8%A8%8A%E9%9C%80%E6%B1%82+%E5%8F%B0%E8%82%A1+AI+%E7%A7%91%E6%8A%80%E8%82%A1+%E8%B5%B0%E5%8B%A2+%E6%96%B0%E8%81%9E+%E6%B3%95%E4%BA%BA+2024+2025+2026&setlang=zh-tw&FORM=HDRSC6,direct fine-grained sample,public news-search index,1964
TW AI Technology Stock Trend-AI Infrastructure Components,zh,#T#[TW AI Technology Stock Trend-AI Infrastructure Components]/zh_061.txt,公開新聞索引：台達電 Delta Electronics｜48V電源、BBU與備援架構｜AI基礎設施零組件股,bing.com,公開新聞搜尋索引,2024–2026 候選結果,2026-07-23,https://www.bing.com/news/search?q=%E5%8F%B0%E9%81%94%E9%9B%BB+Delta+Electronics+48V%E9%9B%BB%E6%BA%90%E3%80%81BBU%E8%88%87%E5%82%99%E6%8F%B4%E6%9E%B6%E6%A7%8B+%E5%8F%B0%E8%82%A1+AI+%E7%A7%91%E6%8A%80%E8%82%A1+%E8%B5%B0%E5%8B%A2+%E6%96%B0%E8%81%9E+%E6%B3%95%E4%BA%BA+2024+2025+2026&setlang=zh-tw&FORM=HDRSC6,direct fine-grained sample,public news-search index,1933
TW AI Technology Stock Trend-AI Infrastructure Components,zh,#T#[TW AI Technology Stock Trend-AI Infrastructure Components]/zh_062.txt,公開新聞索引：光寶科 Lite-On｜48V電源、BBU與備援架構｜AI基礎設施零組件股,bing.com,公開新聞搜尋索引,2024–2026 候選結果,2026-07-23,https://www.bing.com/news/search?q=%E5%85%89%E5%AF%B6%E7%A7%91+Lite-On+48V%E9%9B%BB%E6%BA%90%E3%80%81BBU%E8%88%87%E5%82%99%E6%8F%B4%E6%9E%B6%E6%A7%8B+%E5%8F%B0%E8%82%A1+AI+%E7%A7%91%E6%8A%80%E8%82%A1+%E8%B5%B0%E5%8B%A2+%E6%96%B0%E8%81%9E+%E6%B3%95%E4%BA%BA+2024+2025+2026&setlang=zh-tw&FORM=HDRSC6,direct fine-grained sample,public news-search index,1894
TW AI Technology Stock Trend-AI Infrastructure Components,zh,#T#[TW AI Technology Stock Trend-AI Infrastructure Components]/zh_063.txt,公開新聞索引：群電 Chicony Power｜48V電源、BBU與備援架構｜AI基礎設施零組件股,bing.com,公開新聞搜尋索引,2024–2026 候選結果,2026-07-23,https://www.bing.com/news/search?q=%E7%BE%A4%E9%9B%BB+Chicony+Power+48V%E9%9B%BB%E6%BA%90%E3%80%81BBU%E8%88%87%E5%82%99%E6%8F%B4%E6%9E%B6%E6%A7%8B+%E5%8F%B0%E8%82%A1+AI+%E7%A7%91%E6%8A%80%E8%82%A1+%E8%B5%B0%E5%8B%A2+%E6%96%B0%E8%81%9E+%E6%B3%95%E4%BA%BA+2024+2025+2026&setlang=zh-tw&FORM=HDRSC6,direct fine-grained sample,public news-search index,1908
TW AI Technology Stock Trend-AI Infrastructure Components,zh,#T#[TW AI Technology Stock Trend-AI Infrastructure Components]/zh_064.txt,公開新聞索引：康舒 AcBel｜48V電源、BBU與備援架構｜AI基礎設施零組件股,bing.com,公開新聞搜尋索引,2024–2026 候選結果,2026-07-23,https://www.bing.com/news/search?q=%E5%BA%B7%E8%88%92+AcBel+48V%E9%9B%BB%E6%BA%90%E3%80%81BBU%E8%88%87%E5%82%99%E6%8F%B4%E6%9E%B6%E6%A7%8B+%E5%8F%B0%E8%82%A1+AI+%E7%A7%91%E6%8A%80%E8%82%A1+%E8%B5%B0%E5%8B%A2+%E6%96%B0%E8%81%9E+%E6%B3%95%E4%BA%BA+2024+2025+2026&setlang=zh-tw&FORM=HDRSC6,direct fine-grained sample,public news-search index,1875
TW AI Technology Stock Trend-AI Infrastructure Components,zh,#T#[TW AI Technology Stock Trend-AI Infrastructure Components]/zh_065.txt,公開新聞索引：奇鋐 Asia Vital Components｜48V電源、BBU與備援架構｜AI基礎設施零組件股,bing.com,公開新聞搜尋索引,2024–2026 候選結果,2026-07-23,https://www.bing.com/news/search?q=%E5%A5%87%E9%8B%90+Asia+Vital+Components+48V%E9%9B%BB%E6%BA%90%E3%80%81BBU%E8%88%87%E5%82%99%E6%8F%B4%E6%9E%B6%E6%A7%8B+%E5%8F%B0%E8%82%A1+AI+%E7%A7%91%E6%8A%80%E8%82%A1+%E8%B5%B0%E5%8B%A2+%E6%96%B0%E8%81%9E+%E6%B3%95%E4%BA%BA+2024+2025+2026&setlang=zh-tw&FORM=HDRSC6,direct fine-grained sample,public news-search index,1942
TW AI Technology Stock Trend-AI Infrastructure Components,zh,#T#[TW AI Technology Stock Trend-AI Infrastructure Components]/zh_066.txt,公開新聞索引：雙鴻 Auras｜48V電源、BBU與備援架構｜AI基礎設施零組件股,bing.com,公開新聞搜尋索引,2024–2026 候選結果,2026-07-23,https://www.bing.com/news/search?q=%E9%9B%99%E9%B4%BB+Auras+48V%E9%9B%BB%E6%BA%90%E3%80%81BBU%E8%88%87%E5%82%99%E6%8F%B4%E6%9E%B6%E6%A7%8B+%E5%8F%B0%E8%82%A1+AI+%E7%A7%91%E6%8A%80%E8%82%A1+%E8%B5%B0%E5%8B%A2+%E6%96%B0%E8%81%9E+%E6%B3%95%E4%BA%BA+2024+2025+2026&setlang=zh-tw&FORM=HDRSC6,direct fine-grained sample,public news-search index,1878
TW AI Technology Stock Trend-AI Infrastructure Components,zh,#T#[TW AI Technology Stock Trend-AI Infrastructure Components]/zh_067.txt,公開新聞索引：建準 Sunonwealth｜48V電源、BBU與備援架構｜AI基礎設施零組件股,bing.com,公開新聞搜尋索引,2024–2026 候選結果,2026-07-23,https://www.bing.com/news/search?q=%E5%BB%BA%E6%BA%96+Sunonwealth+48V%E9%9B%BB%E6%BA%90%E3%80%81BBU%E8%88%87%E5%82%99%E6%8F%B4%E6%9E%B6%E6%A7%8B+%E5%8F%B0%E8%82%A1+AI+%E7%A7%91%E6%8A%80%E8%82%A1+%E8%B5%B0%E5%8B%A2+%E6%96%B0%E8%81%9E+%E6%B3%95%E4%BA%BA+2024+2025+2026&setlang=zh-tw&FORM=HDRSC6,direct fine-grained sample,public news-search index,1905
TW AI Technology Stock Trend-AI Infrastructure Components,zh,#T#[TW AI Technology Stock Trend-AI Infrastructure Components]/zh_068.txt,公開新聞索引：泰碩 TaiSol｜48V電源、BBU與備援架構｜AI基礎設施零組件股,bing.com,公開新聞搜尋索引,2024–2026 候選結果,2026-07-23,https://www.bing.com/news/search?q=%E6%B3%B0%E7%A2%A9+TaiSol+48V%E9%9B%BB%E6%BA%90%E3%80%81BBU%E8%88%87%E5%82%99%E6%8F%B4%E6%9E%B6%E6%A7%8B+%E5%8F%B0%E8%82%A1+AI+%E7%A7%91%E6%8A%80%E8%82%A1+%E8%B5%B0%E5%8B%A2+%E6%96%B0%E8%81%9E+%E6%B3%95%E4%BA%BA+2024+2025+2026&setlang=zh-tw&FORM=HDRSC6,direct fine-grained sample,public news-search index,1882
TW AI Technology Stock Trend-AI Infrastructure Components,zh,#T#[TW AI Technology Stock Trend-AI Infrastructure Components]/zh_069.txt,公開新聞索引：健策 Jentech｜48V電源、BBU與備援架構｜AI基礎設施零組件股,bing.com,公開新聞搜尋索引,2024–2026 候選結果,2026-07-23,https://www.bing.com/news/search?q=%E5%81%A5%E7%AD%96+Jentech+48V%E9%9B%BB%E6%BA%90%E3%80%81BBU%E8%88%87%E5%82%99%E6%8F%B4%E6%9E%B6%E6%A7%8B+%E5%8F%B0%E8%82%A1+AI+%E7%A7%91%E6%8A%80%E8%82%A1+%E8%B5%B0%E5%8B%A2+%E6%96%B0%E8%81%9E+%E6%B3%95%E4%BA%BA+2024+2025+2026&setlang=zh-tw&FORM=HDRSC6,direct fine-grained sample,public news-search index,1886
TW AI Technology Stock Trend-AI Infrastructure Components,zh,#T#[TW AI Technology Stock Trend-AI Infrastructure Components]/zh_070.txt,公開新聞索引：台光電 Elite Material｜48V電源、BBU與備援架構｜AI基礎設施零組件股,bing.com,公開新聞搜尋索引,2024–2026 候選結果,2026-07-23,https://www.bing.com/news/search?q=%E5%8F%B0%E5%85%89%E9%9B%BB+Elite+Material+48V%E9%9B%BB%E6%BA%90%E3%80%81BBU%E8%88%87%E5%82%99%E6%8F%B4%E6%9E%B6%E6%A7%8B+%E5%8F%B0%E8%82%A1+AI+%E7%A7%91%E6%8A%80%E8%82%A1+%E8%B5%B0%E5%8B%A2+%E6%96%B0%E8%81%9E+%E6%B3%95%E4%BA%BA+2024+2025+2026&setlang=zh-tw&FORM=HDRSC6,direct fine-grained sample,public news-search index,1924
TW AI Technology Stock Trend-AI Infrastructure Components,zh,#T#[TW AI Technology Stock Trend-AI Infrastructure Components]/zh_071.txt,公開新聞索引：台燿 Taiwan Union Technology｜48V電源、BBU與備援架構｜AI基礎設施零組件股,bing.com,公開新聞搜尋索引,2024–2026 候選結果,2026-07-23,https://www.bing.com/news/search?q=%E5%8F%B0%E7%87%BF+Taiwan+Union+Technology+48V%E9%9B%BB%E6%BA%90%E3%80%81BBU%E8%88%87%E5%82%99%E6%8F%B4%E6%9E%B6%E6%A7%8B+%E5%8F%B0%E8%82%A1+AI+%E7%A7%91%E6%8A%80%E8%82%A1+%E8%B5%B0%E5%8B%A2+%E6%96%B0%E8%81%9E+%E6%B3%95%E4%BA%BA+2024+2025+2026&setlang=zh-tw&FORM=HDRSC6,direct fine-grained sample,public news-search index,1945
TW AI Technology Stock Trend-AI Infrastructure Components,zh,#T#[TW AI Technology Stock Trend-AI Infrastructure Components]/zh_072.txt,公開新聞索引：聯茂 ITEQ｜48V電源、BBU與備援架構｜AI基礎設施零組件股,bing.com,公開新聞搜尋索引,2024–2026 候選結果,2026-07-23,https://www.bing.com/news/search?q=%E8%81%AF%E8%8C%82+ITEQ+48V%E9%9B%BB%E6%BA%90%E3%80%81BBU%E8%88%87%E5%82%99%E6%8F%B4%E6%9E%B6%E6%A7%8B+%E5%8F%B0%E8%82%A1+AI+%E7%A7%91%E6%8A%80%E8%82%A1+%E8%B5%B0%E5%8B%A2+%E6%96%B0%E8%81%9E+%E6%B3%95%E4%BA%BA+2024+2025+2026&setlang=zh-tw&FORM=HDRSC6,direct fine-grained sample,public news-search index,1870
TW AI Technology Stock Trend-AI Infrastructure Components,zh,#T#[TW AI Technology Stock Trend-AI Infrastructure Components]/zh_073.txt,公開新聞索引：金像電 Gold Circuit Electronics｜48V電源、BBU與備援架構｜AI基礎設施零組件股,bing.com,公開新聞搜尋索引,2024–2026 候選結果,2026-07-23,https://www.bing.com/news/search?q=%E9%87%91%E5%83%8F%E9%9B%BB+Gold+Circuit+Electronics+48V%E9%9B%BB%E6%BA%90%E3%80%81BBU%E8%88%87%E5%82%99%E6%8F%B4%E6%9E%B6%E6%A7%8B+%E5%8F%B0%E8%82%A1+AI+%E7%A7%91%E6%8A%80%E8%82%A1+%E8%B5%B0%E5%8B%A2+%E6%96%B0%E8%81%9E+%E6%B3%95%E4%BA%BA+2024+2025+2026&setlang=zh-tw&FORM=HDRSC6,direct fine-grained sample,public news-search index,1964
TW AI Technology Stock Trend-AI Infrastructure Components,zh,#T#[TW AI Technology Stock Trend-AI Infrastructure Components]/zh_074.txt,公開新聞索引：欣興 Unimicron｜48V電源、BBU與備援架構｜AI基礎設施零組件股,bing.com,公開新聞搜尋索引,2024–2026 候選結果,2026-07-23,https://www.bing.com/news/search?q=%E6%AC%A3%E8%88%88+Unimicron+48V%E9%9B%BB%E6%BA%90%E3%80%81BBU%E8%88%87%E5%82%99%E6%8F%B4%E6%9E%B6%E6%A7%8B+%E5%8F%B0%E8%82%A1+AI+%E7%A7%91%E6%8A%80%E8%82%A1+%E8%B5%B0%E5%8B%A2+%E6%96%B0%E8%81%9E+%E6%B3%95%E4%BA%BA+2024+2025+2026&setlang=zh-tw&FORM=HDRSC6,direct fine-grained sample,public news-search index,1891
TW AI Technology Stock Trend-AI Infrastructure Components,zh,#T#[TW AI Technology Stock Trend-AI Infrastructure Components]/zh_075.txt,公開新聞索引：華通 Compeq｜48V電源、BBU與備援架構｜AI基礎設施零組件股,bing.com,公開新聞搜尋索引,2024–2026 候選結果,2026-07-23,https://www.bing.com/news/search?q=%E8%8F%AF%E9%80%9A+Compeq+48V%E9%9B%BB%E6%BA%90%E3%80%81BBU%E8%88%87%E5%82%99%E6%8F%B4%E6%9E%B6%E6%A7%8B+%E5%8F%B0%E8%82%A1+AI+%E7%A7%91%E6%8A%80%E8%82%A1+%E8%B5%B0%E5%8B%A2+%E6%96%B0%E8%81%9E+%E6%B3%95%E4%BA%BA+2024+2025+2026&setlang=zh-tw&FORM=HDRSC6,direct fine-grained sample,public news-search index,1882
TW AI Technology Stock Trend-AI Infrastructure Components,zh,#T#[TW AI Technology Stock Trend-AI Infrastructure Components]/zh_076.txt,公開新聞索引：健鼎 Tripod｜48V電源、BBU與備援架構｜AI基礎設施零組件股,bing.com,公開新聞搜尋索引,2024–2026 候選結果,2026-07-23,https://www.bing.com/news/search?q=%E5%81%A5%E9%BC%8E+Tripod+48V%E9%9B%BB%E6%BA%90%E3%80%81BBU%E8%88%87%E5%82%99%E6%8F%B4%E6%9E%B6%E6%A7%8B+%E5%8F%B0%E8%82%A1+AI+%E7%A7%91%E6%8A%80%E8%82%A1+%E8%B5%B0%E5%8B%A2+%E6%96%B0%E8%81%9E+%E6%B3%95%E4%BA%BA+2024+2025+2026&setlang=zh-tw&FORM=HDRSC6,direct fine-grained sample,public news-search index,1882
TW AI Technology Stock Trend-AI Infrastructure Components,zh,#T#[TW AI Technology Stock Trend-AI Infrastructure Components]/zh_077.txt,公開新聞索引：南電 Nan Ya PCB｜48V電源、BBU與備援架構｜AI基礎設施零組件股,bing.com,公開新聞搜尋索引,2024–2026 候選結果,2026-07-23,https://www.bing.com/news/search?q=%E5%8D%97%E9%9B%BB+Nan+Ya+PCB+48V%E9%9B%BB%E6%BA%90%E3%80%81BBU%E8%88%87%E5%82%99%E6%8F%B4%E6%9E%B6%E6%A7%8B+%E5%8F%B0%E8%82%A1+AI+%E7%A7%91%E6%8A%80%E8%82%A1+%E8%B5%B0%E5%8B%A2+%E6%96%B0%E8%81%9E+%E6%B3%95%E4%BA%BA+2024+2025+2026&setlang=zh-tw&FORM=HDRSC6,direct fine-grained sample,public news-search index,1901
TW AI Technology Stock Trend-AI Infrastructure Components,zh,#T#[TW AI Technology Stock Trend-AI Infrastructure Components]/zh_078.txt,公開新聞索引：智邦 Accton｜48V電源、BBU與備援架構｜AI基礎設施零組件股,bing.com,公開新聞搜尋索引,2024–2026 候選結果,2026-07-23,https://www.bing.com/news/search?q=%E6%99%BA%E9%82%A6+Accton+48V%E9%9B%BB%E6%BA%90%E3%80%81BBU%E8%88%87%E5%82%99%E6%8F%B4%E6%9E%B6%E6%A7%8B+%E5%8F%B0%E8%82%A1+AI+%E7%A7%91%E6%8A%80%E8%82%A1+%E8%B5%B0%E5%8B%A2+%E6%96%B0%E8%81%9E+%E6%B3%95%E4%BA%BA+2024+2025+2026&setlang=zh-tw&FORM=HDRSC6,direct fine-grained sample,public news-search index,1882
TW AI Technology Stock Trend-AI Infrastructure Components,zh,#T#[TW AI Technology Stock Trend-AI Infrastructure Components]/zh_079.txt,公開新聞索引：啟碁 WNC｜48V電源、BBU與備援架構｜AI基礎設施零組件股,bing.com,公開新聞搜尋索引,2024–2026 候選結果,2026-07-23,https://www.bing.com/news/search?q=%E5%95%9F%E7%A2%81+WNC+48V%E9%9B%BB%E6%BA%90%E3%80%81BBU%E8%88%87%E5%82%99%E6%8F%B4%E6%9E%B6%E6%A7%8B+%E5%8F%B0%E8%82%A1+AI+%E7%A7%91%E6%8A%80%E8%82%A1+%E8%B5%B0%E5%8B%A2+%E6%96%B0%E8%81%9E+%E6%B3%95%E4%BA%BA+2024+2025+2026&setlang=zh-tw&FORM=HDRSC6,direct fine-grained sample,public news-search index,1870
TW AI Technology Stock Trend-AI Infrastructure Components,zh,#T#[TW AI Technology Stock Trend-AI Infrastructure Components]/zh_080.txt,公開新聞索引：聯亞 LandMark Optoelectronics｜48V電源、BBU與備援架構｜AI基礎設施零組件股,bing.com,公開新聞搜尋索引,2024–2026 候選結果,2026-07-23,https://www.bing.com/news/search?q=%E8%81%AF%E4%BA%9E+LandMark+Optoelectronics+48V%E9%9B%BB%E6%BA%90%E3%80%81BBU%E8%88%87%E5%82%99%E6%8F%B4%E6%9E%B6%E6%A7%8B+%E5%8F%B0%E8%82%A1+AI+%E7%A7%91%E6%8A%80%E8%82%A1+%E8%B5%B0%E5%8B%A2+%E6%96%B0%E8%81%9E+%E6%B3%95%E4%BA%BA+2024+2025+2026&setlang=zh-tw&FORM=HDRSC6,direct fine-grained sample,public news-search index,1952
TW AI Technology Stock Trend-AI Infrastructure Components,zh,#T#[TW AI Technology Stock Trend-AI Infrastructure Components]/zh_081.txt,公開新聞索引：台達電 Delta Electronics｜產能擴充、良率與客戶認證｜AI基礎設施零組件股,bing.com,公開新聞搜尋索引,2024–2026 候選結果,2026-07-23,https://www.bing.com/news/search?q=%E5%8F%B0%E9%81%94%E9%9B%BB+Delta+Electronics+%E7%94%A2%E8%83%BD%E6%93%B4%E5%85%85%E3%80%81%E8%89%AF%E7%8E%87%E8%88%87%E5%AE%A2%E6%88%B6%E8%AA%8D%E8%AD%89+%E5%8F%B0%E8%82%A1+AI+%E7%A7%91%E6%8A%80%E8%82%A1+%E8%B5%B0%E5%8B%A2+%E6%96%B0%E8%81%9E+%E6%B3%95%E4%BA%BA+2024+2025+2026&setlang=zh-tw&FORM=HDRSC6,direct fine-grained sample,public news-search index,1957
TW AI Technology Stock Trend-AI Infrastructure Components,zh,#T#[TW AI Technology Stock Trend-AI Infrastructure Components]/zh_082.txt,公開新聞索引：光寶科 Lite-On｜產能擴充、良率與客戶認證｜AI基礎設施零組件股,bing.com,公開新聞搜尋索引,2024–2026 候選結果,2026-07-23,https://www.bing.com/news/search?q=%E5%85%89%E5%AF%B6%E7%A7%91+Lite-On+%E7%94%A2%E8%83%BD%E6%93%B4%E5%85%85%E3%80%81%E8%89%AF%E7%8E%87%E8%88%87%E5%AE%A2%E6%88%B6%E8%AA%8D%E8%AD%89+%E5%8F%B0%E8%82%A1+AI+%E7%A7%91%E6%8A%80%E8%82%A1+%E8%B5%B0%E5%8B%A2+%E6%96%B0%E8%81%9E+%E6%B3%95%E4%BA%BA+2024+2025+2026&setlang=zh-tw&FORM=HDRSC6,direct fine-grained sample,public news-search index,1918
TW AI Technology Stock Trend-AI Infrastructure Components,zh,#T#[TW AI Technology Stock Trend-AI Infrastructure Components]/zh_083.txt,公開新聞索引：群電 Chicony Power｜產能擴充、良率與客戶認證｜AI基礎設施零組件股,bing.com,公開新聞搜尋索引,2024–2026 候選結果,2026-07-23,https://www.bing.com/news/search?q=%E7%BE%A4%E9%9B%BB+Chicony+Power+%E7%94%A2%E8%83%BD%E6%93%B4%E5%85%85%E3%80%81%E8%89%AF%E7%8E%87%E8%88%87%E5%AE%A2%E6%88%B6%E8%AA%8D%E8%AD%89+%E5%8F%B0%E8%82%A1+AI+%E7%A7%91%E6%8A%80%E8%82%A1+%E8%B5%B0%E5%8B%A2+%E6%96%B0%E8%81%9E+%E6%B3%95%E4%BA%BA+2024+2025+2026&setlang=zh-tw&FORM=HDRSC6,direct fine-grained sample,public news-search index,1932
TW AI Technology Stock Trend-AI Infrastructure Components,zh,#T#[TW AI Technology Stock Trend-AI Infrastructure Components]/zh_084.txt,公開新聞索引：康舒 AcBel｜產能擴充、良率與客戶認證｜AI基礎設施零組件股,bing.com,公開新聞搜尋索引,2024–2026 候選結果,2026-07-23,https://www.bing.com/news/search?q=%E5%BA%B7%E8%88%92+AcBel+%E7%94%A2%E8%83%BD%E6%93%B4%E5%85%85%E3%80%81%E8%89%AF%E7%8E%87%E8%88%87%E5%AE%A2%E6%88%B6%E8%AA%8D%E8%AD%89+%E5%8F%B0%E8%82%A1+AI+%E7%A7%91%E6%8A%80%E8%82%A1+%E8%B5%B0%E5%8B%A2+%E6%96%B0%E8%81%9E+%E6%B3%95%E4%BA%BA+2024+2025+2026&setlang=zh-tw&FORM=HDRSC6,direct fine-grained sample,public news-search index,1899
TW AI Technology Stock Trend-AI Infrastructure Components,zh,#T#[TW AI Technology Stock Trend-AI Infrastructure Components]/zh_085.txt,公開新聞索引：奇鋐 Asia Vital Components｜產能擴充、良率與客戶認證｜AI基礎設施零組件股,bing.com,公開新聞搜尋索引,2024–2026 候選結果,2026-07-23,https://www.bing.com/news/search?q=%E5%A5%87%E9%8B%90+Asia+Vital+Components+%E7%94%A2%E8%83%BD%E6%93%B4%E5%85%85%E3%80%81%E8%89%AF%E7%8E%87%E8%88%87%E5%AE%A2%E6%88%B6%E8%AA%8D%E8%AD%89+%E5%8F%B0%E8%82%A1+AI+%E7%A7%91%E6%8A%80%E8%82%A1+%E8%B5%B0%E5%8B%A2+%E6%96%B0%E8%81%9E+%E6%B3%95%E4%BA%BA+2024+2025+2026&setlang=zh-tw&FORM=HDRSC6,direct fine-grained sample,public news-search index,1966
TW AI Technology Stock Trend-AI Infrastructure Components,zh,#T#[TW AI Technology Stock Trend-AI Infrastructure Components]/zh_086.txt,公開新聞索引：雙鴻 Auras｜產能擴充、良率與客戶認證｜AI基礎設施零組件股,bing.com,公開新聞搜尋索引,2024–2026 候選結果,2026-07-23,https://www.bing.com/news/search?q=%E9%9B%99%E9%B4%BB+Auras+%E7%94%A2%E8%83%BD%E6%93%B4%E5%85%85%E3%80%81%E8%89%AF%E7%8E%87%E8%88%87%E5%AE%A2%E6%88%B6%E8%AA%8D%E8%AD%89+%E5%8F%B0%E8%82%A1+AI+%E7%A7%91%E6%8A%80%E8%82%A1+%E8%B5%B0%E5%8B%A2+%E6%96%B0%E8%81%9E+%E6%B3%95%E4%BA%BA+2024+2025+2026&setlang=zh-tw&FORM=HDRSC6,direct fine-grained sample,public news-search index,1902
TW AI Technology Stock Trend-AI Infrastructure Components,zh,#T#[TW AI Technology Stock Trend-AI Infrastructure Components]/zh_087.txt,公開新聞索引：建準 Sunonwealth｜產能擴充、良率與客戶認證｜AI基礎設施零組件股,bing.com,公開新聞搜尋索引,2024–2026 候選結果,2026-07-23,https://www.bing.com/news/search?q=%E5%BB%BA%E6%BA%96+Sunonwealth+%E7%94%A2%E8%83%BD%E6%93%B4%E5%85%85%E3%80%81%E8%89%AF%E7%8E%87%E8%88%87%E5%AE%A2%E6%88%B6%E8%AA%8D%E8%AD%89+%E5%8F%B0%E8%82%A1+AI+%E7%A7%91%E6%8A%80%E8%82%A1+%E8%B5%B0%E5%8B%A2+%E6%96%B0%E8%81%9E+%E6%B3%95%E4%BA%BA+2024+2025+2026&setlang=zh-tw&FORM=HDRSC6,direct fine-grained sample,public news-search index,1929
TW AI Technology Stock Trend-AI Infrastructure Components,zh,#T#[TW AI Technology Stock Trend-AI Infrastructure Components]/zh_088.txt,公開新聞索引：泰碩 TaiSol｜產能擴充、良率與客戶認證｜AI基礎設施零組件股,bing.com,公開新聞搜尋索引,2024–2026 候選結果,2026-07-23,https://www.bing.com/news/search?q=%E6%B3%B0%E7%A2%A9+TaiSol+%E7%94%A2%E8%83%BD%E6%93%B4%E5%85%85%E3%80%81%E8%89%AF%E7%8E%87%E8%88%87%E5%AE%A2%E6%88%B6%E8%AA%8D%E8%AD%89+%E5%8F%B0%E8%82%A1+AI+%E7%A7%91%E6%8A%80%E8%82%A1+%E8%B5%B0%E5%8B%A2+%E6%96%B0%E8%81%9E+%E6%B3%95%E4%BA%BA+2024+2025+2026&setlang=zh-tw&FORM=HDRSC6,direct fine-grained sample,public news-search index,1906
TW AI Technology Stock Trend-AI Infrastructure Components,zh,#T#[TW AI Technology Stock Trend-AI Infrastructure Components]/zh_089.txt,公開新聞索引：健策 Jentech｜產能擴充、良率與客戶認證｜AI基礎設施零組件股,bing.com,公開新聞搜尋索引,2024–2026 候選結果,2026-07-23,https://www.bing.com/news/search?q=%E5%81%A5%E7%AD%96+Jentech+%E7%94%A2%E8%83%BD%E6%93%B4%E5%85%85%E3%80%81%E8%89%AF%E7%8E%87%E8%88%87%E5%AE%A2%E6%88%B6%E8%AA%8D%E8%AD%89+%E5%8F%B0%E8%82%A1+AI+%E7%A7%91%E6%8A%80%E8%82%A1+%E8%B5%B0%E5%8B%A2+%E6%96%B0%E8%81%9E+%E6%B3%95%E4%BA%BA+2024+2025+2026&setlang=zh-tw&FORM=HDRSC6,direct fine-grained sample,public news-search index,1910
TW AI Technology Stock Trend-AI Infrastructure Components,zh,#T#[TW AI Technology Stock Trend-AI Infrastructure Components]/zh_090.txt,公開新聞索引：台光電 Elite Material｜產能擴充、良率與客戶認證｜AI基礎設施零組件股,bing.com,公開新聞搜尋索引,2024–2026 候選結果,2026-07-23,https://www.bing.com/news/search?q=%E5%8F%B0%E5%85%89%E9%9B%BB+Elite+Material+%E7%94%A2%E8%83%BD%E6%93%B4%E5%85%85%E3%80%81%E8%89%AF%E7%8E%87%E8%88%87%E5%AE%A2%E6%88%B6%E8%AA%8D%E8%AD%89+%E5%8F%B0%E8%82%A1+AI+%E7%A7%91%E6%8A%80%E8%82%A1+%E8%B5%B0%E5%8B%A2+%E6%96%B0%E8%81%9E+%E6%B3%95%E4%BA%BA+2024+2025+2026&setlang=zh-tw&FORM=HDRSC6,direct fine-grained sample,public news-search index,1948
TW AI Technology Stock Trend-AI Infrastructure Components,zh,#T#[TW AI Technology Stock Trend-AI Infrastructure Components]/zh_091.txt,公開新聞索引：台燿 Taiwan Union Technology｜產能擴充、良率與客戶認證｜AI基礎設施零組件股,bing.com,公開新聞搜尋索引,2024–2026 候選結果,2026-07-23,https://www.bing.com/news/search?q=%E5%8F%B0%E7%87%BF+Taiwan+Union+Technology+%E7%94%A2%E8%83%BD%E6%93%B4%E5%85%85%E3%80%81%E8%89%AF%E7%8E%87%E8%88%87%E5%AE%A2%E6%88%B6%E8%AA%8D%E8%AD%89+%E5%8F%B0%E8%82%A1+AI+%E7%A7%91%E6%8A%80%E8%82%A1+%E8%B5%B0%E5%8B%A2+%E6%96%B0%E8%81%9E+%E6%B3%95%E4%BA%BA+2024+2025+2026&setlang=zh-tw&FORM=HDRSC6,direct fine-grained sample,public news-search index,1969
TW AI Technology Stock Trend-AI Infrastructure Components,zh,#T#[TW AI Technology Stock Trend-AI Infrastructure Components]/zh_092.txt,公開新聞索引：聯茂 ITEQ｜產能擴充、良率與客戶認證｜AI基礎設施零組件股,bing.com,公開新聞搜尋索引,2024–2026 候選結果,2026-07-23,https://www.bing.com/news/search?q=%E8%81%AF%E8%8C%82+ITEQ+%E7%94%A2%E8%83%BD%E6%93%B4%E5%85%85%E3%80%81%E8%89%AF%E7%8E%87%E8%88%87%E5%AE%A2%E6%88%B6%E8%AA%8D%E8%AD%89+%E5%8F%B0%E8%82%A1+AI+%E7%A7%91%E6%8A%80%E8%82%A1+%E8%B5%B0%E5%8B%A2+%E6%96%B0%E8%81%9E+%E6%B3%95%E4%BA%BA+2024+2025+2026&setlang=zh-tw&FORM=HDRSC6,direct fine-grained sample,public news-search index,1894
TW AI Technology Stock Trend-AI Infrastructure Components,zh,#T#[TW AI Technology Stock Trend-AI Infrastructure Components]/zh_093.txt,公開新聞索引：金像電 Gold Circuit Electronics｜產能擴充、良率與客戶認證｜AI基礎設施零組件股,bing.com,公開新聞搜尋索引,2024–2026 候選結果,2026-07-23,https://www.bing.com/news/search?q=%E9%87%91%E5%83%8F%E9%9B%BB+Gold+Circuit+Electronics+%E7%94%A2%E8%83%BD%E6%93%B4%E5%85%85%E3%80%81%E8%89%AF%E7%8E%87%E8%88%87%E5%AE%A2%E6%88%B6%E8%AA%8D%E8%AD%89+%E5%8F%B0%E8%82%A1+AI+%E7%A7%91%E6%8A%80%E8%82%A1+%E8%B5%B0%E5%8B%A2+%E6%96%B0%E8%81%9E+%E6%B3%95%E4%BA%BA+2024+2025+2026&setlang=zh-tw&FORM=HDRSC6,direct fine-grained sample,public news-search index,1988
TW AI Technology Stock Trend-AI Infrastructure Components,zh,#T#[TW AI Technology Stock Trend-AI Infrastructure Components]/zh_094.txt,公開新聞索引：欣興 Unimicron｜產能擴充、良率與客戶認證｜AI基礎設施零組件股,bing.com,公開新聞搜尋索引,2024–2026 候選結果,2026-07-23,https://www.bing.com/news/search?q=%E6%AC%A3%E8%88%88+Unimicron+%E7%94%A2%E8%83%BD%E6%93%B4%E5%85%85%E3%80%81%E8%89%AF%E7%8E%87%E8%88%87%E5%AE%A2%E6%88%B6%E8%AA%8D%E8%AD%89+%E5%8F%B0%E8%82%A1+AI+%E7%A7%91%E6%8A%80%E8%82%A1+%E8%B5%B0%E5%8B%A2+%E6%96%B0%E8%81%9E+%E6%B3%95%E4%BA%BA+2024+2025+2026&setlang=zh-tw&FORM=HDRSC6,direct fine-grained sample,public news-search index,1915
TW AI Technology Stock Trend-AI Infrastructure Components,zh,#T#[TW AI Technology Stock Trend-AI Infrastructure Components]/zh_095.txt,公開新聞索引：華通 Compeq｜產能擴充、良率與客戶認證｜AI基礎設施零組件股,bing.com,公開新聞搜尋索引,2024–2026 候選結果,2026-07-23,https://www.bing.com/news/search?q=%E8%8F%AF%E9%80%9A+Compeq+%E7%94%A2%E8%83%BD%E6%93%B4%E5%85%85%E3%80%81%E8%89%AF%E7%8E%87%E8%88%87%E5%AE%A2%E6%88%B6%E8%AA%8D%E8%AD%89+%E5%8F%B0%E8%82%A1+AI+%E7%A7%91%E6%8A%80%E8%82%A1+%E8%B5%B0%E5%8B%A2+%E6%96%B0%E8%81%9E+%E6%B3%95%E4%BA%BA+2024+2025+2026&setlang=zh-tw&FORM=HDRSC6,direct fine-grained sample,public news-search index,1906
TW AI Technology Stock Trend-AI Infrastructure Components,zh,#T#[TW AI Technology Stock Trend-AI Infrastructure Components]/zh_096.txt,公開新聞索引：健鼎 Tripod｜產能擴充、良率與客戶認證｜AI基礎設施零組件股,bing.com,公開新聞搜尋索引,2024–2026 候選結果,2026-07-23,https://www.bing.com/news/search?q=%E5%81%A5%E9%BC%8E+Tripod+%E7%94%A2%E8%83%BD%E6%93%B4%E5%85%85%E3%80%81%E8%89%AF%E7%8E%87%E8%88%87%E5%AE%A2%E6%88%B6%E8%AA%8D%E8%AD%89+%E5%8F%B0%E8%82%A1+AI+%E7%A7%91%E6%8A%80%E8%82%A1+%E8%B5%B0%E5%8B%A2+%E6%96%B0%E8%81%9E+%E6%B3%95%E4%BA%BA+2024+2025+2026&setlang=zh-tw&FORM=HDRSC6,direct fine-grained sample,public news-search index,1906
TW AI Technology Stock Trend-AI Infrastructure Components,zh,#T#[TW AI Technology Stock Trend-AI Infrastructure Components]/zh_097.txt,公開新聞索引：南電 Nan Ya PCB｜產能擴充、良率與客戶認證｜AI基礎設施零組件股,bing.com,公開新聞搜尋索引,2024–2026 候選結果,2026-07-23,https://www.bing.com/news/search?q=%E5%8D%97%E9%9B%BB+Nan+Ya+PCB+%E7%94%A2%E8%83%BD%E6%93%B4%E5%85%85%E3%80%81%E8%89%AF%E7%8E%87%E8%88%87%E5%AE%A2%E6%88%B6%E8%AA%8D%E8%AD%89+%E5%8F%B0%E8%82%A1+AI+%E7%A7%91%E6%8A%80%E8%82%A1+%E8%B5%B0%E5%8B%A2+%E6%96%B0%E8%81%9E+%E6%B3%95%E4%BA%BA+2024+2025+2026&setlang=zh-tw&FORM=HDRSC6,direct fine-grained sample,public news-search index,1925
TW AI Technology Stock Trend-AI Infrastructure Components,zh,#T#[TW AI Technology Stock Trend-AI Infrastructure Components]/zh_098.txt,公開新聞索引：智邦 Accton｜產能擴充、良率與客戶認證｜AI基礎設施零組件股,bing.com,公開新聞搜尋索引,2024–2026 候選結果,2026-07-23,https://www.bing.com/news/search?q=%E6%99%BA%E9%82%A6+Accton+%E7%94%A2%E8%83%BD%E6%93%B4%E5%85%85%E3%80%81%E8%89%AF%E7%8E%87%E8%88%87%E5%AE%A2%E6%88%B6%E8%AA%8D%E8%AD%89+%E5%8F%B0%E8%82%A1+AI+%E7%A7%91%E6%8A%80%E8%82%A1+%E8%B5%B0%E5%8B%A2+%E6%96%B0%E8%81%9E+%E6%B3%95%E4%BA%BA+2024+2025+2026&setlang=zh-tw&FORM=HDRSC6,direct fine-grained sample,public news-search index,1906
TW AI Technology Stock Trend-AI Infrastructure Components,zh,#T#[TW AI Technology Stock Trend-AI Infrastructure Components]/zh_099.txt,公開新聞索引：啟碁 WNC｜產能擴充、良率與客戶認證｜AI基礎設施零組件股,bing.com,公開新聞搜尋索引,2024–2026 候選結果,2026-07-23,https://www.bing.com/news/search?q=%E5%95%9F%E7%A2%81+WNC+%E7%94%A2%E8%83%BD%E6%93%B4%E5%85%85%E3%80%81%E8%89%AF%E7%8E%87%E8%88%87%E5%AE%A2%E6%88%B6%E8%AA%8D%E8%AD%89+%E5%8F%B0%E8%82%A1+AI+%E7%A7%91%E6%8A%80%E8%82%A1+%E8%B5%B0%E5%8B%A2+%E6%96%B0%E8%81%9E+%E6%B3%95%E4%BA%BA+2024+2025+2026&setlang=zh-tw&FORM=HDRSC6,direct fine-grained sample,public news-search index,1894
TW AI Technology Stock Trend-AI Infrastructure Components,zh,#T#[TW AI Technology Stock Trend-AI Infrastructure Components]/zh_100.txt,公開新聞索引：聯亞 LandMark Optoelectronics｜產能擴充、良率與客戶認證｜AI基礎設施零組件股,bing.com,公開新聞搜尋索引,2024–2026 候選結果,2026-07-23,https://www.bing.com/news/search?q=%E8%81%AF%E4%BA%9E+LandMark+Optoelectronics+%E7%94%A2%E8%83%BD%E6%93%B4%E5%85%85%E3%80%81%E8%89%AF%E7%8E%87%E8%88%87%E5%AE%A2%E6%88%B6%E8%AA%8D%E8%AD%89+%E5%8F%B0%E8%82%A1+AI+%E7%A7%91%E6%8A%80%E8%82%A1+%E8%B5%B0%E5%8B%A2+%E6%96%B0%E8%81%9E+%E6%B3%95%E4%BA%BA+2024+2025+2026&setlang=zh-tw&FORM=HDRSC6,direct fine-grained sample,public news-search index,1976
TW AI Technology Stock Trend-AI Infrastructure Components,en,#T#[TW AI Technology Stock Trend-AI Infrastructure Components]/en_001.txt,TAIEX ends higher as AI infrastructure and defense stocks advance,taiwannews.com.tw,news media,2026-07-09,2026-07-23,https://www.taiwannews.com.tw/news/6397907,direct fine-grained sample,identified public source,4127
TW AI Technology Stock Trend-AI Infrastructure Components,en,#T#[TW AI Technology Stock Trend-AI Infrastructure Components]/en_002.txt,AI's new favorites: PCB and CCL are rising strongly,creating-nanotech.com,industry commentary,2025-06-17,2026-07-23,https://www.creating-nanotech.com/en-US/newsc230-ai-s-new-favorites-pcb-and-ccl-are-rising-strongly,direct fine-grained sample,identified public source,4146
TW AI Technology Stock Trend-AI Infrastructure Components,en,#T#[TW AI Technology Stock Trend-AI Infrastructure Components]/en_003.txt,Public news index: 群電 Chicony Power | liquid cooling and higher power density | Taiwan AI technology equities,bing.com,public news-search index,candidate results from 2024–2026,2026-07-23,https://www.bing.com/news/search?q=%E7%BE%A4%E9%9B%BB+Chicony+Power+liquid+cooling+and+higher+power+density+Taiwan+AI+technology+stocks+trend+news+analyst+2024+2025+2026&setlang=en-us&FORM=HDRSC6,direct fine-grained sample,public news-search index,4477
TW AI Technology Stock Trend-AI Infrastructure Components,en,#T#[TW AI Technology Stock Trend-AI Infrastructure Components]/en_004.txt,Public news index: 康舒 AcBel | liquid cooling and higher power density | Taiwan AI technology equities,bing.com,public news-search index,candidate results from 2024–2026,2026-07-23,https://www.bing.com/news/search?q=%E5%BA%B7%E8%88%92+AcBel+liquid+cooling+and+higher+power+density+Taiwan+AI+technology+stocks+trend+news+analyst+2024+2025+2026&setlang=en-us&FORM=HDRSC6,direct fine-grained sample,public news-search index,4449
TW AI Technology Stock Trend-AI Infrastructure Components,en,#T#[TW AI Technology Stock Trend-AI Infrastructure Components]/en_005.txt,Public news index: 奇鋐 Asia Vital Components | liquid cooling and higher power density | Taiwan AI technology equities,bing.com,public news-search index,candidate results from 2024–2026,2026-07-23,https://www.bing.com/news/search?q=%E5%A5%87%E9%8B%90+Asia+Vital+Components+liquid+cooling+and+higher+power+density+Taiwan+AI+technology+stocks+trend+news+analyst+2024+2025+2026&setlang=en-us&FORM=HDRSC6,direct fine-grained sample,public news-search index,4534
TW AI Technology Stock Trend-AI Infrastructure Components,en,#T#[TW AI Technology Stock Trend-AI Infrastructure Components]/en_006.txt,Public news index: 雙鴻 Auras | liquid cooling and higher power density | Taiwan AI technology equities,bing.com,public news-search index,candidate results from 2024–2026,2026-07-23,https://www.bing.com/news/search?q=%E9%9B%99%E9%B4%BB+Auras+liquid+cooling+and+higher+power+density+Taiwan+AI+technology+stocks+trend+news+analyst+2024+2025+2026&setlang=en-us&FORM=HDRSC6,direct fine-grained sample,public news-search index,4464
TW AI Technology Stock Trend-AI Infrastructure Components,en,#T#[TW AI Technology Stock Trend-AI Infrastructure Components]/en_007.txt,Public news index: 建準 Sunonwealth | liquid cooling and higher power density | Taiwan AI technology equities,bing.com,public news-search index,candidate results from 2024–2026,2026-07-23,https://www.bing.com/news/search?q=%E5%BB%BA%E6%BA%96+Sunonwealth+liquid+cooling+and+higher+power+density+Taiwan+AI+technology+stocks+trend+news+analyst+2024+2025+2026&setlang=en-us&FORM=HDRSC6,direct fine-grained sample,public news-search index,4492
TW AI Technology Stock Trend-AI Infrastructure Components,en,#T#[TW AI Technology Stock Trend-AI Infrastructure Components]/en_008.txt,Public news index: 泰碩 TaiSol | liquid cooling and higher power density | Taiwan AI technology equities,bing.com,public news-search index,candidate results from 2024–2026,2026-07-23,https://www.bing.com/news/search?q=%E6%B3%B0%E7%A2%A9+TaiSol+liquid+cooling+and+higher+power+density+Taiwan+AI+technology+stocks+trend+news+analyst+2024+2025+2026&setlang=en-us&FORM=HDRSC6,direct fine-grained sample,public news-search index,4467
TW AI Technology Stock Trend-AI Infrastructure Components,en,#T#[TW AI Technology Stock Trend-AI Infrastructure Components]/en_009.txt,Public news index: 健策 Jentech | liquid cooling and higher power density | Taiwan AI technology equities,bing.com,public news-search index,candidate results from 2024–2026,2026-07-23,https://www.bing.com/news/search?q=%E5%81%A5%E7%AD%96+Jentech+liquid+cooling+and+higher+power+density+Taiwan+AI+technology+stocks+trend+news+analyst+2024+2025+2026&setlang=en-us&FORM=HDRSC6,direct fine-grained sample,public news-search index,4472
TW AI Technology Stock Trend-AI Infrastructure Components,en,#T#[TW AI Technology Stock Trend-AI Infrastructure Components]/en_010.txt,Public news index: 台光電 Elite Material | liquid cooling and higher power density | Taiwan AI technology equities,bing.com,public news-search index,candidate results from 2024–2026,2026-07-23,https://www.bing.com/news/search?q=%E5%8F%B0%E5%85%89%E9%9B%BB+Elite+Material+liquid+cooling+and+higher+power+density+Taiwan+AI+technology+stocks+trend+news+analyst+2024+2025+2026&setlang=en-us&FORM=HDRSC6,direct fine-grained sample,public news-search index,4499
TW AI Technology Stock Trend-AI Infrastructure Components,en,#T#[TW AI Technology Stock Trend-AI Infrastructure Components]/en_011.txt,Public news index: 台燿 Taiwan Union Technology | liquid cooling and higher power density | Taiwan AI technology equities,bing.com,public news-search index,candidate results from 2024–2026,2026-07-23,https://www.bing.com/news/search?q=%E5%8F%B0%E7%87%BF+Taiwan+Union+Technology+liquid+cooling+and+higher+power+density+Taiwan+AI+technology+stocks+trend+news+analyst+2024+2025+2026&setlang=en-us&FORM=HDRSC6,direct fine-grained sample,public news-search index,4530
TW AI Technology Stock Trend-AI Infrastructure Components,en,#T#[TW AI Technology Stock Trend-AI Infrastructure Components]/en_012.txt,Public news index: 聯茂 ITEQ | liquid cooling and higher power density | Taiwan AI technology equities,bing.com,public news-search index,candidate results from 2024–2026,2026-07-23,https://www.bing.com/news/search?q=%E8%81%AF%E8%8C%82+ITEQ+liquid+cooling+and+higher+power+density+Taiwan+AI+technology+stocks+trend+news+analyst+2024+2025+2026&setlang=en-us&FORM=HDRSC6,direct fine-grained sample,public news-search index,4436
TW AI Technology Stock Trend-AI Infrastructure Components,en,#T#[TW AI Technology Stock Trend-AI Infrastructure Components]/en_013.txt,Public news index: 金像電 Gold Circuit Electronics | liquid cooling and higher power density | Taiwan AI technology equities,bing.com,public news-search index,candidate results from 2024–2026,2026-07-23,https://www.bing.com/news/search?q=%E9%87%91%E5%83%8F%E9%9B%BB+Gold+Circuit+Electronics+liquid+cooling+and+higher+power+density+Taiwan+AI+technology+stocks+trend+news+analyst+2024+2025+2026&setlang=en-us&FORM=HDRSC6,direct fine-grained sample,public news-search index,4533
TW AI Technology Stock Trend-AI Infrastructure Components,en,#T#[TW AI Technology Stock Trend-AI Infrastructure Components]/en_014.txt,Public news index: 欣興 Unimicron | liquid cooling and higher power density | Taiwan AI technology equities,bing.com,public news-search index,candidate results from 2024–2026,2026-07-23,https://www.bing.com/news/search?q=%E6%AC%A3%E8%88%88+Unimicron+liquid+cooling+and+higher+power+density+Taiwan+AI+technology+stocks+trend+news+analyst+2024+2025+2026&setlang=en-us&FORM=HDRSC6,direct fine-grained sample,public news-search index,4465
TW AI Technology Stock Trend-AI Infrastructure Components,en,#T#[TW AI Technology Stock Trend-AI Infrastructure Components]/en_015.txt,Public news index: 華通 Compeq | liquid cooling and higher power density | Taiwan AI technology equities,bing.com,public news-search index,candidate results from 2024–2026,2026-07-23,https://www.bing.com/news/search?q=%E8%8F%AF%E9%80%9A+Compeq+liquid+cooling+and+higher+power+density+Taiwan+AI+technology+stocks+trend+news+analyst+2024+2025+2026&setlang=en-us&FORM=HDRSC6,direct fine-grained sample,public news-search index,4474
TW AI Technology Stock Trend-AI Infrastructure Components,en,#T#[TW AI Technology Stock Trend-AI Infrastructure Components]/en_016.txt,Public news index: 健鼎 Tripod | liquid cooling and higher power density | Taiwan AI technology equities,bing.com,public news-search index,candidate results from 2024–2026,2026-07-23,https://www.bing.com/news/search?q=%E5%81%A5%E9%BC%8E+Tripod+liquid+cooling+and+higher+power+density+Taiwan+AI+technology+stocks+trend+news+analyst+2024+2025+2026&setlang=en-us&FORM=HDRSC6,direct fine-grained sample,public news-search index,4468
TW AI Technology Stock Trend-AI Infrastructure Components,en,#T#[TW AI Technology Stock Trend-AI Infrastructure Components]/en_017.txt,Public news index: 南電 Nan Ya PCB | liquid cooling and higher power density | Taiwan AI technology equities,bing.com,public news-search index,candidate results from 2024–2026,2026-07-23,https://www.bing.com/news/search?q=%E5%8D%97%E9%9B%BB+Nan+Ya+PCB+liquid+cooling+and+higher+power+density+Taiwan+AI+technology+stocks+trend+news+analyst+2024+2025+2026&setlang=en-us&FORM=HDRSC6,direct fine-grained sample,public news-search index,4488
TW AI Technology Stock Trend-AI Infrastructure Components,en,#T#[TW AI Technology Stock Trend-AI Infrastructure Components]/en_018.txt,Public news index: 智邦 Accton | liquid cooling and higher power density | Taiwan AI technology equities,bing.com,public news-search index,candidate results from 2024–2026,2026-07-23,https://www.bing.com/news/search?q=%E6%99%BA%E9%82%A6+Accton+liquid+cooling+and+higher+power+density+Taiwan+AI+technology+stocks+trend+news+analyst+2024+2025+2026&setlang=en-us&FORM=HDRSC6,direct fine-grained sample,public news-search index,4467
TW AI Technology Stock Trend-AI Infrastructure Components,en,#T#[TW AI Technology Stock Trend-AI Infrastructure Components]/en_019.txt,Public news index: 啟碁 WNC | liquid cooling and higher power density | Taiwan AI technology equities,bing.com,public news-search index,candidate results from 2024–2026,2026-07-23,https://www.bing.com/news/search?q=%E5%95%9F%E7%A2%81+WNC+liquid+cooling+and+higher+power+density+Taiwan+AI+technology+stocks+trend+news+analyst+2024+2025+2026&setlang=en-us&FORM=HDRSC6,direct fine-grained sample,public news-search index,4456
TW AI Technology Stock Trend-AI Infrastructure Components,en,#T#[TW AI Technology Stock Trend-AI Infrastructure Components]/en_020.txt,Public news index: 聯亞 LandMark Optoelectronics | liquid cooling and higher power density | Taiwan AI technology equities,bing.com,public news-search index,candidate results from 2024–2026,2026-07-23,https://www.bing.com/news/search?q=%E8%81%AF%E4%BA%9E+LandMark+Optoelectronics+liquid+cooling+and+higher+power+density+Taiwan+AI+technology+stocks+trend+news+analyst+2024+2025+2026&setlang=en-us&FORM=HDRSC6,direct fine-grained sample,public news-search index,4527
TW AI Technology Stock Trend-AI Infrastructure Components,en,#T#[TW AI Technology Stock Trend-AI Infrastructure Components]/en_021.txt,Public news index: 台達電 Delta Electronics | PCB/CCL specification upgrades and material pricing | Taiwan AI technology equities,bing.com,public news-search index,candidate results from 2024–2026,2026-07-23,https://www.bing.com/news/search?q=%E5%8F%B0%E9%81%94%E9%9B%BB+Delta+Electronics+PCB%2FCCL+specification+upgrades+and+material+pricing+Taiwan+AI+technology+stocks+trend+news+analyst+2024+2025+2026&setlang=en-us&FORM=HDRSC6,direct fine-grained sample,public news-search index,4568
TW AI Technology Stock Trend-AI Infrastructure Components,en,#T#[TW AI Technology Stock Trend-AI Infrastructure Components]/en_022.txt,Public news index: 光寶科 Lite-On | PCB/CCL specification upgrades and material pricing | Taiwan AI technology equities,bing.com,public news-search index,candidate results from 2024–2026,2026-07-23,https://www.bing.com/news/search?q=%E5%85%89%E5%AF%B6%E7%A7%91+Lite-On+PCB%2FCCL+specification+upgrades+and+material+pricing+Taiwan+AI+technology+stocks+trend+news+analyst+2024+2025+2026&setlang=en-us&FORM=HDRSC6,direct fine-grained sample,public news-search index,4510
TW AI Technology Stock Trend-AI Infrastructure Components,en,#T#[TW AI Technology Stock Trend-AI Infrastructure Components]/en_023.txt,Public news index: 群電 Chicony Power | PCB/CCL specification upgrades and material pricing | Taiwan AI technology equities,bing.com,public news-search index,candidate results from 2024–2026,2026-07-23,https://www.bing.com/news/search?q=%E7%BE%A4%E9%9B%BB+Chicony+Power+PCB%2FCCL+specification+upgrades+and+material+pricing+Taiwan+AI+technology+stocks+trend+news+analyst+2024+2025+2026&setlang=en-us&FORM=HDRSC6,direct fine-grained sample,public news-search index,4527
TW AI Technology Stock Trend-AI Infrastructure Components,en,#T#[TW AI Technology Stock Trend-AI Infrastructure Components]/en_024.txt,Public news index: 康舒 AcBel | PCB/CCL specification upgrades and material pricing | Taiwan AI technology equities,bing.com,public news-search index,candidate results from 2024–2026,2026-07-23,https://www.bing.com/news/search?q=%E5%BA%B7%E8%88%92+AcBel+PCB%2FCCL+specification+upgrades+and+material+pricing+Taiwan+AI+technology+stocks+trend+news+analyst+2024+2025+2026&setlang=en-us&FORM=HDRSC6,direct fine-grained sample,public news-search index,4499
TW AI Technology Stock Trend-AI Infrastructure Components,en,#T#[TW AI Technology Stock Trend-AI Infrastructure Components]/en_025.txt,Public news index: 奇鋐 Asia Vital Components | PCB/CCL specification upgrades and material pricing | Taiwan AI technology equities,bing.com,public news-search index,candidate results from 2024–2026,2026-07-23,https://www.bing.com/news/search?q=%E5%A5%87%E9%8B%90+Asia+Vital+Components+PCB%2FCCL+specification+upgrades+and+material+pricing+Taiwan+AI+technology+stocks+trend+news+analyst+2024+2025+2026&setlang=en-us&FORM=HDRSC6,direct fine-grained sample,public news-search index,4584
TW AI Technology Stock Trend-AI Infrastructure Components,en,#T#[TW AI Technology Stock Trend-AI Infrastructure Components]/en_026.txt,Public news index: 雙鴻 Auras | PCB/CCL specification upgrades and material pricing | Taiwan AI technology equities,bing.com,public news-search index,candidate results from 2024–2026,2026-07-23,https://www.bing.com/news/search?q=%E9%9B%99%E9%B4%BB+Auras+PCB%2FCCL+specification+upgrades+and+material+pricing+Taiwan+AI+technology+stocks+trend+news+analyst+2024+2025+2026&setlang=en-us&FORM=HDRSC6,direct fine-grained sample,public news-search index,4514
TW AI Technology Stock Trend-AI Infrastructure Components,en,#T#[TW AI Technology Stock Trend-AI Infrastructure Components]/en_027.txt,Public news index: 建準 Sunonwealth | PCB/CCL specification upgrades and material pricing | Taiwan AI technology equities,bing.com,public news-search index,candidate results from 2024–2026,2026-07-23,https://www.bing.com/news/search?q=%E5%BB%BA%E6%BA%96+Sunonwealth+PCB%2FCCL+specification+upgrades+and+material+pricing+Taiwan+AI+technology+stocks+trend+news+analyst+2024+2025+2026&setlang=en-us&FORM=HDRSC6,direct fine-grained sample,public news-search index,4542
TW AI Technology Stock Trend-AI Infrastructure Components,en,#T#[TW AI Technology Stock Trend-AI Infrastructure Components]/en_028.txt,Public news index: 泰碩 TaiSol | PCB/CCL specification upgrades and material pricing | Taiwan AI technology equities,bing.com,public news-search index,candidate results from 2024–2026,2026-07-23,https://www.bing.com/news/search?q=%E6%B3%B0%E7%A2%A9+TaiSol+PCB%2FCCL+specification+upgrades+and+material+pricing+Taiwan+AI+technology+stocks+trend+news+analyst+2024+2025+2026&setlang=en-us&FORM=HDRSC6,direct fine-grained sample,public news-search index,4517
TW AI Technology Stock Trend-AI Infrastructure Components,en,#T#[TW AI Technology Stock Trend-AI Infrastructure Components]/en_029.txt,Public news index: 健策 Jentech | PCB/CCL specification upgrades and material pricing | Taiwan AI technology equities,bing.com,public news-search index,candidate results from 2024–2026,2026-07-23,https://www.bing.com/news/search?q=%E5%81%A5%E7%AD%96+Jentech+PCB%2FCCL+specification+upgrades+and+material+pricing+Taiwan+AI+technology+stocks+trend+news+analyst+2024+2025+2026&setlang=en-us&FORM=HDRSC6,direct fine-grained sample,public news-search index,4522
TW AI Technology Stock Trend-AI Infrastructure Components,en,#T#[TW AI Technology Stock Trend-AI Infrastructure Components]/en_030.txt,Public news index: 台光電 Elite Material | PCB/CCL specification upgrades and material pricing | Taiwan AI technology equities,bing.com,public news-search index,candidate results from 2024–2026,2026-07-23,https://www.bing.com/news/search?q=%E5%8F%B0%E5%85%89%E9%9B%BB+Elite+Material+PCB%2FCCL+specification+upgrades+and+material+pricing+Taiwan+AI+technology+stocks+trend+news+analyst+2024+2025+2026&setlang=en-us&FORM=HDRSC6,direct fine-grained sample,public news-search index,4549
TW AI Technology Stock Trend-AI Infrastructure Components,en,#T#[TW AI Technology Stock Trend-AI Infrastructure Components]/en_031.txt,Public news index: 台燿 Taiwan Union Technology | PCB/CCL specification upgrades and material pricing | Taiwan AI technology equities,bing.com,public news-search index,candidate results from 2024–2026,2026-07-23,https://www.bing.com/news/search?q=%E5%8F%B0%E7%87%BF+Taiwan+Union+Technology+PCB%2FCCL+specification+upgrades+and+material+pricing+Taiwan+AI+technology+stocks+trend+news+analyst+2024+2025+2026&setlang=en-us&FORM=HDRSC6,direct fine-grained sample,public news-search index,4580
TW AI Technology Stock Trend-AI Infrastructure Components,en,#T#[TW AI Technology Stock Trend-AI Infrastructure Components]/en_032.txt,Public news index: 聯茂 ITEQ | PCB/CCL specification upgrades and material pricing | Taiwan AI technology equities,bing.com,public news-search index,candidate results from 2024–2026,2026-07-23,https://www.bing.com/news/search?q=%E8%81%AF%E8%8C%82+ITEQ+PCB%2FCCL+specification+upgrades+and+material+pricing+Taiwan+AI+technology+stocks+trend+news+analyst+2024+2025+2026&setlang=en-us&FORM=HDRSC6,direct fine-grained sample,public news-search index,4486
TW AI Technology Stock Trend-AI Infrastructure Components,en,#T#[TW AI Technology Stock Trend-AI Infrastructure Components]/en_033.txt,Public news index: 金像電 Gold Circuit Electronics | PCB/CCL specification upgrades and material pricing | Taiwan AI technology equities,bing.com,public news-search index,candidate results from 2024–2026,2026-07-23,https://www.bing.com/news/search?q=%E9%87%91%E5%83%8F%E9%9B%BB+Gold+Circuit+Electronics+PCB%2FCCL+specification+upgrades+and+material+pricing+Taiwan+AI+technology+stocks+trend+news+analyst+2024+2025+2026&setlang=en-us&FORM=HDRSC6,direct fine-grained sample,public news-search index,4583
TW AI Technology Stock Trend-AI Infrastructure Components,en,#T#[TW AI Technology Stock Trend-AI Infrastructure Components]/en_034.txt,Public news index: 欣興 Unimicron | PCB/CCL specification upgrades and material pricing | Taiwan AI technology equities,bing.com,public news-search index,candidate results from 2024–2026,2026-07-23,https://www.bing.com/news/search?q=%E6%AC%A3%E8%88%88+Unimicron+PCB%2FCCL+specification+upgrades+and+material+pricing+Taiwan+AI+technology+stocks+trend+news+analyst+2024+2025+2026&setlang=en-us&FORM=HDRSC6,direct fine-grained sample,public news-search index,4515
TW AI Technology Stock Trend-AI Infrastructure Components,en,#T#[TW AI Technology Stock Trend-AI Infrastructure Components]/en_035.txt,Public news index: 華通 Compeq | PCB/CCL specification upgrades and material pricing | Taiwan AI technology equities,bing.com,public news-search index,candidate results from 2024–2026,2026-07-23,https://www.bing.com/news/search?q=%E8%8F%AF%E9%80%9A+Compeq+PCB%2FCCL+specification+upgrades+and+material+pricing+Taiwan+AI+technology+stocks+trend+news+analyst+2024+2025+2026&setlang=en-us&FORM=HDRSC6,direct fine-grained sample,public news-search index,4524
TW AI Technology Stock Trend-AI Infrastructure Components,en,#T#[TW AI Technology Stock Trend-AI Infrastructure Components]/en_036.txt,Public news index: 健鼎 Tripod | PCB/CCL specification upgrades and material pricing | Taiwan AI technology equities,bing.com,public news-search index,candidate results from 2024–2026,2026-07-23,https://www.bing.com/news/search?q=%E5%81%A5%E9%BC%8E+Tripod+PCB%2FCCL+specification+upgrades+and+material+pricing+Taiwan+AI+technology+stocks+trend+news+analyst+2024+2025+2026&setlang=en-us&FORM=HDRSC6,direct fine-grained sample,public news-search index,4518
TW AI Technology Stock Trend-AI Infrastructure Components,en,#T#[TW AI Technology Stock Trend-AI Infrastructure Components]/en_037.txt,Public news index: 南電 Nan Ya PCB | PCB/CCL specification upgrades and material pricing | Taiwan AI technology equities,bing.com,public news-search index,candidate results from 2024–2026,2026-07-23,https://www.bing.com/news/search?q=%E5%8D%97%E9%9B%BB+Nan+Ya+PCB+PCB%2FCCL+specification+upgrades+and+material+pricing+Taiwan+AI+technology+stocks+trend+news+analyst+2024+2025+2026&setlang=en-us&FORM=HDRSC6,direct fine-grained sample,public news-search index,4538
TW AI Technology Stock Trend-AI Infrastructure Components,en,#T#[TW AI Technology Stock Trend-AI Infrastructure Components]/en_038.txt,Public news index: 智邦 Accton | PCB/CCL specification upgrades and material pricing | Taiwan AI technology equities,bing.com,public news-search index,candidate results from 2024–2026,2026-07-23,https://www.bing.com/news/search?q=%E6%99%BA%E9%82%A6+Accton+PCB%2FCCL+specification+upgrades+and+material+pricing+Taiwan+AI+technology+stocks+trend+news+analyst+2024+2025+2026&setlang=en-us&FORM=HDRSC6,direct fine-grained sample,public news-search index,4517
TW AI Technology Stock Trend-AI Infrastructure Components,en,#T#[TW AI Technology Stock Trend-AI Infrastructure Components]/en_039.txt,Public news index: 啟碁 WNC | PCB/CCL specification upgrades and material pricing | Taiwan AI technology equities,bing.com,public news-search index,candidate results from 2024–2026,2026-07-23,https://www.bing.com/news/search?q=%E5%95%9F%E7%A2%81+WNC+PCB%2FCCL+specification+upgrades+and+material+pricing+Taiwan+AI+technology+stocks+trend+news+analyst+2024+2025+2026&setlang=en-us&FORM=HDRSC6,direct fine-grained sample,public news-search index,4506
TW AI Technology Stock Trend-AI Infrastructure Components,en,#T#[TW AI Technology Stock Trend-AI Infrastructure Components]/en_040.txt,Public news index: 聯亞 LandMark Optoelectronics | PCB/CCL specification upgrades and material pricing | Taiwan AI technology equities,bing.com,public news-search index,candidate results from 2024–2026,2026-07-23,https://www.bing.com/news/search?q=%E8%81%AF%E4%BA%9E+LandMark+Optoelectronics+PCB%2FCCL+specification+upgrades+and+material+pricing+Taiwan+AI+technology+stocks+trend+news+analyst+2024+2025+2026&setlang=en-us&FORM=HDRSC6,direct fine-grained sample,public news-search index,4577
TW AI Technology Stock Trend-AI Infrastructure Components,en,#T#[TW AI Technology Stock Trend-AI Infrastructure Components]/en_041.txt,Public news index: 台達電 Delta Electronics | high-speed switching and optical demand | Taiwan AI technology equities,bing.com,public news-search index,candidate results from 2024–2026,2026-07-23,https://www.bing.com/news/search?q=%E5%8F%B0%E9%81%94%E9%9B%BB+Delta+Electronics+high-speed+switching+and+optical+demand+Taiwan+AI+technology+stocks+trend+news+analyst+2024+2025+2026&setlang=en-us&FORM=HDRSC6,direct fine-grained sample,public news-search index,4518
TW AI Technology Stock Trend-AI Infrastructure Components,en,#T#[TW AI Technology Stock Trend-AI Infrastructure Components]/en_042.txt,Public news index: 光寶科 Lite-On | high-speed switching and optical demand | Taiwan AI technology equities,bing.com,public news-search index,candidate results from 2024–2026,2026-07-23,https://www.bing.com/news/search?q=%E5%85%89%E5%AF%B6%E7%A7%91+Lite-On+high-speed+switching+and+optical+demand+Taiwan+AI+technology+stocks+trend+news+analyst+2024+2025+2026&setlang=en-us&FORM=HDRSC6,direct fine-grained sample,public news-search index,4460
TW AI Technology Stock Trend-AI Infrastructure Components,en,#T#[TW AI Technology Stock Trend-AI Infrastructure Components]/en_043.txt,Public news index: 群電 Chicony Power | high-speed switching and optical demand | Taiwan AI technology equities,bing.com,public news-search index,candidate results from 2024–2026,2026-07-23,https://www.bing.com/news/search?q=%E7%BE%A4%E9%9B%BB+Chicony+Power+high-speed+switching+and+optical+demand+Taiwan+AI+technology+stocks+trend+news+analyst+2024+2025+2026&setlang=en-us&FORM=HDRSC6,direct fine-grained sample,public news-search index,4477
TW AI Technology Stock Trend-AI Infrastructure Components,en,#T#[TW AI Technology Stock Trend-AI Infrastructure Components]/en_044.txt,Public news index: 康舒 AcBel | high-speed switching and optical demand | Taiwan AI technology equities,bing.com,public news-search index,candidate results from 2024–2026,2026-07-23,https://www.bing.com/news/search?q=%E5%BA%B7%E8%88%92+AcBel+high-speed+switching+and+optical+demand+Taiwan+AI+technology+stocks+trend+news+analyst+2024+2025+2026&setlang=en-us&FORM=HDRSC6,direct fine-grained sample,public news-search index,4449
TW AI Technology Stock Trend-AI Infrastructure Components,en,#T#[TW AI Technology Stock Trend-AI Infrastructure Components]/en_045.txt,Public news index: 奇鋐 Asia Vital Components | high-speed switching and optical demand | Taiwan AI technology equities,bing.com,public news-search index,candidate results from 2024–2026,2026-07-23,https://www.bing.com/news/search?q=%E5%A5%87%E9%8B%90+Asia+Vital+Components+high-speed+switching+and+optical+demand+Taiwan+AI+technology+stocks+trend+news+analyst+2024+2025+2026&setlang=en-us&FORM=HDRSC6,direct fine-grained sample,public news-search index,4534
TW AI Technology Stock Trend-AI Infrastructure Components,en,#T#[TW AI Technology Stock Trend-AI Infrastructure Components]/en_046.txt,Public news index: 雙鴻 Auras | high-speed switching and optical demand | Taiwan AI technology equities,bing.com,public news-search index,candidate results from 2024–2026,2026-07-23,https://www.bing.com/news/search?q=%E9%9B%99%E9%B4%BB+Auras+high-speed+switching+and+optical+demand+Taiwan+AI+technology+stocks+trend+news+analyst+2024+2025+2026&setlang=en-us&FORM=HDRSC6,direct fine-grained sample,public news-search index,4464
TW AI Technology Stock Trend-AI Infrastructure Components,en,#T#[TW AI Technology Stock Trend-AI Infrastructure Components]/en_047.txt,Public news index: 建準 Sunonwealth | high-speed switching and optical demand | Taiwan AI technology equities,bing.com,public news-search index,candidate results from 2024–2026,2026-07-23,https://www.bing.com/news/search?q=%E5%BB%BA%E6%BA%96+Sunonwealth+high-speed+switching+and+optical+demand+Taiwan+AI+technology+stocks+trend+news+analyst+2024+2025+2026&setlang=en-us&FORM=HDRSC6,direct fine-grained sample,public news-search index,4492
TW AI Technology Stock Trend-AI Infrastructure Components,en,#T#[TW AI Technology Stock Trend-AI Infrastructure Components]/en_048.txt,Public news index: 泰碩 TaiSol | high-speed switching and optical demand | Taiwan AI technology equities,bing.com,public news-search index,candidate results from 2024–2026,2026-07-23,https://www.bing.com/news/search?q=%E6%B3%B0%E7%A2%A9+TaiSol+high-speed+switching+and+optical+demand+Taiwan+AI+technology+stocks+trend+news+analyst+2024+2025+2026&setlang=en-us&FORM=HDRSC6,direct fine-grained sample,public news-search index,4467
TW AI Technology Stock Trend-AI Infrastructure Components,en,#T#[TW AI Technology Stock Trend-AI Infrastructure Components]/en_049.txt,Public news index: 健策 Jentech | high-speed switching and optical demand | Taiwan AI technology equities,bing.com,public news-search index,candidate results from 2024–2026,2026-07-23,https://www.bing.com/news/search?q=%E5%81%A5%E7%AD%96+Jentech+high-speed+switching+and+optical+demand+Taiwan+AI+technology+stocks+trend+news+analyst+2024+2025+2026&setlang=en-us&FORM=HDRSC6,direct fine-grained sample,public news-search index,4472
TW AI Technology Stock Trend-AI Infrastructure Components,en,#T#[TW AI Technology Stock Trend-AI Infrastructure Components]/en_050.txt,Public news index: 台光電 Elite Material | high-speed switching and optical demand | Taiwan AI technology equities,bing.com,public news-search index,candidate results from 2024–2026,2026-07-23,https://www.bing.com/news/search?q=%E5%8F%B0%E5%85%89%E9%9B%BB+Elite+Material+high-speed+switching+and+optical+demand+Taiwan+AI+technology+stocks+trend+news+analyst+2024+2025+2026&setlang=en-us&FORM=HDRSC6,direct fine-grained sample,public news-search index,4499
TW AI Technology Stock Trend-AI Infrastructure Components,en,#T#[TW AI Technology Stock Trend-AI Infrastructure Components]/en_051.txt,Public news index: 台燿 Taiwan Union Technology | high-speed switching and optical demand | Taiwan AI technology equities,bing.com,public news-search index,candidate results from 2024–2026,2026-07-23,https://www.bing.com/news/search?q=%E5%8F%B0%E7%87%BF+Taiwan+Union+Technology+high-speed+switching+and+optical+demand+Taiwan+AI+technology+stocks+trend+news+analyst+2024+2025+2026&setlang=en-us&FORM=HDRSC6,direct fine-grained sample,public news-search index,4530
TW AI Technology Stock Trend-AI Infrastructure Components,en,#T#[TW AI Technology Stock Trend-AI Infrastructure Components]/en_052.txt,Public news index: 聯茂 ITEQ | high-speed switching and optical demand | Taiwan AI technology equities,bing.com,public news-search index,candidate results from 2024–2026,2026-07-23,https://www.bing.com/news/search?q=%E8%81%AF%E8%8C%82+ITEQ+high-speed+switching+and+optical+demand+Taiwan+AI+technology+stocks+trend+news+analyst+2024+2025+2026&setlang=en-us&FORM=HDRSC6,direct fine-grained sample,public news-search index,4436
TW AI Technology Stock Trend-AI Infrastructure Components,en,#T#[TW AI Technology Stock Trend-AI Infrastructure Components]/en_053.txt,Public news index: 金像電 Gold Circuit Electronics | high-speed switching and optical demand | Taiwan AI technology equities,bing.com,public news-search index,candidate results from 2024–2026,2026-07-23,https://www.bing.com/news/search?q=%E9%87%91%E5%83%8F%E9%9B%BB+Gold+Circuit+Electronics+high-speed+switching+and+optical+demand+Taiwan+AI+technology+stocks+trend+news+analyst+2024+2025+2026&setlang=en-us&FORM=HDRSC6,direct fine-grained sample,public news-search index,4533
TW AI Technology Stock Trend-AI Infrastructure Components,en,#T#[TW AI Technology Stock Trend-AI Infrastructure Components]/en_054.txt,Public news index: 欣興 Unimicron | high-speed switching and optical demand | Taiwan AI technology equities,bing.com,public news-search index,candidate results from 2024–2026,2026-07-23,https://www.bing.com/news/search?q=%E6%AC%A3%E8%88%88+Unimicron+high-speed+switching+and+optical+demand+Taiwan+AI+technology+stocks+trend+news+analyst+2024+2025+2026&setlang=en-us&FORM=HDRSC6,direct fine-grained sample,public news-search index,4465
TW AI Technology Stock Trend-AI Infrastructure Components,en,#T#[TW AI Technology Stock Trend-AI Infrastructure Components]/en_055.txt,Public news index: 華通 Compeq | high-speed switching and optical demand | Taiwan AI technology equities,bing.com,public news-search index,candidate results from 2024–2026,2026-07-23,https://www.bing.com/news/search?q=%E8%8F%AF%E9%80%9A+Compeq+high-speed+switching+and+optical+demand+Taiwan+AI+technology+stocks+trend+news+analyst+2024+2025+2026&setlang=en-us&FORM=HDRSC6,direct fine-grained sample,public news-search index,4474
TW AI Technology Stock Trend-AI Infrastructure Components,en,#T#[TW AI Technology Stock Trend-AI Infrastructure Components]/en_056.txt,Public news index: 健鼎 Tripod | high-speed switching and optical demand | Taiwan AI technology equities,bing.com,public news-search index,candidate results from 2024–2026,2026-07-23,https://www.bing.com/news/search?q=%E5%81%A5%E9%BC%8E+Tripod+high-speed+switching+and+optical+demand+Taiwan+AI+technology+stocks+trend+news+analyst+2024+2025+2026&setlang=en-us&FORM=HDRSC6,direct fine-grained sample,public news-search index,4468
TW AI Technology Stock Trend-AI Infrastructure Components,en,#T#[TW AI Technology Stock Trend-AI Infrastructure Components]/en_057.txt,Public news index: 南電 Nan Ya PCB | high-speed switching and optical demand | Taiwan AI technology equities,bing.com,public news-search index,candidate results from 2024–2026,2026-07-23,https://www.bing.com/news/search?q=%E5%8D%97%E9%9B%BB+Nan+Ya+PCB+high-speed+switching+and+optical+demand+Taiwan+AI+technology+stocks+trend+news+analyst+2024+2025+2026&setlang=en-us&FORM=HDRSC6,direct fine-grained sample,public news-search index,4488
TW AI Technology Stock Trend-AI Infrastructure Components,en,#T#[TW AI Technology Stock Trend-AI Infrastructure Components]/en_058.txt,Public news index: 智邦 Accton | high-speed switching and optical demand | Taiwan AI technology equities,bing.com,public news-search index,candidate results from 2024–2026,2026-07-23,https://www.bing.com/news/search?q=%E6%99%BA%E9%82%A6+Accton+high-speed+switching+and+optical+demand+Taiwan+AI+technology+stocks+trend+news+analyst+2024+2025+2026&setlang=en-us&FORM=HDRSC6,direct fine-grained sample,public news-search index,4467
TW AI Technology Stock Trend-AI Infrastructure Components,en,#T#[TW AI Technology Stock Trend-AI Infrastructure Components]/en_059.txt,Public news index: 啟碁 WNC | high-speed switching and optical demand | Taiwan AI technology equities,bing.com,public news-search index,candidate results from 2024–2026,2026-07-23,https://www.bing.com/news/search?q=%E5%95%9F%E7%A2%81+WNC+high-speed+switching+and+optical+demand+Taiwan+AI+technology+stocks+trend+news+analyst+2024+2025+2026&setlang=en-us&FORM=HDRSC6,direct fine-grained sample,public news-search index,4456
TW AI Technology Stock Trend-AI Infrastructure Components,en,#T#[TW AI Technology Stock Trend-AI Infrastructure Components]/en_060.txt,Public news index: 聯亞 LandMark Optoelectronics | high-speed switching and optical demand | Taiwan AI technology equities,bing.com,public news-search index,candidate results from 2024–2026,2026-07-23,https://www.bing.com/news/search?q=%E8%81%AF%E4%BA%9E+LandMark+Optoelectronics+high-speed+switching+and+optical+demand+Taiwan+AI+technology+stocks+trend+news+analyst+2024+2025+2026&setlang=en-us&FORM=HDRSC6,direct fine-grained sample,public news-search index,4527
TW AI Technology Stock Trend-AI Infrastructure Components,en,#T#[TW AI Technology Stock Trend-AI Infrastructure Components]/en_061.txt,"Public news index: 台達電 Delta Electronics | 48V power, BBU, and backup architecture | Taiwan AI technology equities",bing.com,public news-search index,candidate results from 2024–2026,2026-07-23,https://www.bing.com/news/search?q=%E5%8F%B0%E9%81%94%E9%9B%BB+Delta+Electronics+48V+power%2C+BBU%2C+and+backup+architecture+Taiwan+AI+technology+stocks+trend+news+analyst+2024+2025+2026&setlang=en-us&FORM=HDRSC6,direct fine-grained sample,public news-search index,4522
TW AI Technology Stock Trend-AI Infrastructure Components,en,#T#[TW AI Technology Stock Trend-AI Infrastructure Components]/en_062.txt,"Public news index: 光寶科 Lite-On | 48V power, BBU, and backup architecture | Taiwan AI technology equities",bing.com,public news-search index,candidate results from 2024–2026,2026-07-23,https://www.bing.com/news/search?q=%E5%85%89%E5%AF%B6%E7%A7%91+Lite-On+48V+power%2C+BBU%2C+and+backup+architecture+Taiwan+AI+technology+stocks+trend+news+analyst+2024+2025+2026&setlang=en-us&FORM=HDRSC6,direct fine-grained sample,public news-search index,4464
TW AI Technology Stock Trend-AI Infrastructure Components,en,#T#[TW AI Technology Stock Trend-AI Infrastructure Components]/en_063.txt,"Public news index: 群電 Chicony Power | 48V power, BBU, and backup architecture | Taiwan AI technology equities",bing.com,public news-search index,candidate results from 2024–2026,2026-07-23,https://www.bing.com/news/search?q=%E7%BE%A4%E9%9B%BB+Chicony+Power+48V+power%2C+BBU%2C+and+backup+architecture+Taiwan+AI+technology+stocks+trend+news+analyst+2024+2025+2026&setlang=en-us&FORM=HDRSC6,direct fine-grained sample,public news-search index,4481
TW AI Technology Stock Trend-AI Infrastructure Components,en,#T#[TW AI Technology Stock Trend-AI Infrastructure Components]/en_064.txt,"Public news index: 康舒 AcBel | 48V power, BBU, and backup architecture | Taiwan AI technology equities",bing.com,public news-search index,candidate results from 2024–2026,2026-07-23,https://www.bing.com/news/search?q=%E5%BA%B7%E8%88%92+AcBel+48V+power%2C+BBU%2C+and+backup+architecture+Taiwan+AI+technology+stocks+trend+news+analyst+2024+2025+2026&setlang=en-us&FORM=HDRSC6,direct fine-grained sample,public news-search index,4453
TW AI Technology Stock Trend-AI Infrastructure Components,en,#T#[TW AI Technology Stock Trend-AI Infrastructure Components]/en_065.txt,"Public news index: 奇鋐 Asia Vital Components | 48V power, BBU, and backup architecture | Taiwan AI technology equities",bing.com,public news-search index,candidate results from 2024–2026,2026-07-23,https://www.bing.com/news/search?q=%E5%A5%87%E9%8B%90+Asia+Vital+Components+48V+power%2C+BBU%2C+and+backup+architecture+Taiwan+AI+technology+stocks+trend+news+analyst+2024+2025+2026&setlang=en-us&FORM=HDRSC6,direct fine-grained sample,public news-search index,4538
TW AI Technology Stock Trend-AI Infrastructure Components,en,#T#[TW AI Technology Stock Trend-AI Infrastructure Components]/en_066.txt,"Public news index: 雙鴻 Auras | 48V power, BBU, and backup architecture | Taiwan AI technology equities",bing.com,public news-search index,candidate results from 2024–2026,2026-07-23,https://www.bing.com/news/search?q=%E9%9B%99%E9%B4%BB+Auras+48V+power%2C+BBU%2C+and+backup+architecture+Taiwan+AI+technology+stocks+trend+news+analyst+2024+2025+2026&setlang=en-us&FORM=HDRSC6,direct fine-grained sample,public news-search index,4468
TW AI Technology Stock Trend-AI Infrastructure Components,en,#T#[TW AI Technology Stock Trend-AI Infrastructure Components]/en_067.txt,"Public news index: 建準 Sunonwealth | 48V power, BBU, and backup architecture | Taiwan AI technology equities",bing.com,public news-search index,candidate results from 2024–2026,2026-07-23,https://www.bing.com/news/search?q=%E5%BB%BA%E6%BA%96+Sunonwealth+48V+power%2C+BBU%2C+and+backup+architecture+Taiwan+AI+technology+stocks+trend+news+analyst+2024+2025+2026&setlang=en-us&FORM=HDRSC6,direct fine-grained sample,public news-search index,4496
TW AI Technology Stock Trend-AI Infrastructure Components,en,#T#[TW AI Technology Stock Trend-AI Infrastructure Components]/en_068.txt,"Public news index: 泰碩 TaiSol | 48V power, BBU, and backup architecture | Taiwan AI technology equities",bing.com,public news-search index,candidate results from 2024–2026,2026-07-23,https://www.bing.com/news/search?q=%E6%B3%B0%E7%A2%A9+TaiSol+48V+power%2C+BBU%2C+and+backup+architecture+Taiwan+AI+technology+stocks+trend+news+analyst+2024+2025+2026&setlang=en-us&FORM=HDRSC6,direct fine-grained sample,public news-search index,4471
TW AI Technology Stock Trend-AI Infrastructure Components,en,#T#[TW AI Technology Stock Trend-AI Infrastructure Components]/en_069.txt,"Public news index: 健策 Jentech | 48V power, BBU, and backup architecture | Taiwan AI technology equities",bing.com,public news-search index,candidate results from 2024–2026,2026-07-23,https://www.bing.com/news/search?q=%E5%81%A5%E7%AD%96+Jentech+48V+power%2C+BBU%2C+and+backup+architecture+Taiwan+AI+technology+stocks+trend+news+analyst+2024+2025+2026&setlang=en-us&FORM=HDRSC6,direct fine-grained sample,public news-search index,4476
TW AI Technology Stock Trend-AI Infrastructure Components,en,#T#[TW AI Technology Stock Trend-AI Infrastructure Components]/en_070.txt,"Public news index: 台光電 Elite Material | 48V power, BBU, and backup architecture | Taiwan AI technology equities",bing.com,public news-search index,candidate results from 2024–2026,2026-07-23,https://www.bing.com/news/search?q=%E5%8F%B0%E5%85%89%E9%9B%BB+Elite+Material+48V+power%2C+BBU%2C+and+backup+architecture+Taiwan+AI+technology+stocks+trend+news+analyst+2024+2025+2026&setlang=en-us&FORM=HDRSC6,direct fine-grained sample,public news-search index,4503
TW AI Technology Stock Trend-AI Infrastructure Components,en,#T#[TW AI Technology Stock Trend-AI Infrastructure Components]/en_071.txt,"Public news index: 台燿 Taiwan Union Technology | 48V power, BBU, and backup architecture | Taiwan AI technology equities",bing.com,public news-search index,candidate results from 2024–2026,2026-07-23,https://www.bing.com/news/search?q=%E5%8F%B0%E7%87%BF+Taiwan+Union+Technology+48V+power%2C+BBU%2C+and+backup+architecture+Taiwan+AI+technology+stocks+trend+news+analyst+2024+2025+2026&setlang=en-us&FORM=HDRSC6,direct fine-grained sample,public news-search index,4534
TW AI Technology Stock Trend-AI Infrastructure Components,en,#T#[TW AI Technology Stock Trend-AI Infrastructure Components]/en_072.txt,"Public news index: 聯茂 ITEQ | 48V power, BBU, and backup architecture | Taiwan AI technology equities",bing.com,public news-search index,candidate results from 2024–2026,2026-07-23,https://www.bing.com/news/search?q=%E8%81%AF%E8%8C%82+ITEQ+48V+power%2C+BBU%2C+and+backup+architecture+Taiwan+AI+technology+stocks+trend+news+analyst+2024+2025+2026&setlang=en-us&FORM=HDRSC6,direct fine-grained sample,public news-search index,4440
TW AI Technology Stock Trend-AI Infrastructure Components,en,#T#[TW AI Technology Stock Trend-AI Infrastructure Components]/en_073.txt,"Public news index: 金像電 Gold Circuit Electronics | 48V power, BBU, and backup architecture | Taiwan AI technology equities",bing.com,public news-search index,candidate results from 2024–2026,2026-07-23,https://www.bing.com/news/search?q=%E9%87%91%E5%83%8F%E9%9B%BB+Gold+Circuit+Electronics+48V+power%2C+BBU%2C+and+backup+architecture+Taiwan+AI+technology+stocks+trend+news+analyst+2024+2025+2026&setlang=en-us&FORM=HDRSC6,direct fine-grained sample,public news-search index,4537
TW AI Technology Stock Trend-AI Infrastructure Components,en,#T#[TW AI Technology Stock Trend-AI Infrastructure Components]/en_074.txt,"Public news index: 欣興 Unimicron | 48V power, BBU, and backup architecture | Taiwan AI technology equities",bing.com,public news-search index,candidate results from 2024–2026,2026-07-23,https://www.bing.com/news/search?q=%E6%AC%A3%E8%88%88+Unimicron+48V+power%2C+BBU%2C+and+backup+architecture+Taiwan+AI+technology+stocks+trend+news+analyst+2024+2025+2026&setlang=en-us&FORM=HDRSC6,direct fine-grained sample,public news-search index,4469
TW AI Technology Stock Trend-AI Infrastructure Components,en,#T#[TW AI Technology Stock Trend-AI Infrastructure Components]/en_075.txt,"Public news index: 華通 Compeq | 48V power, BBU, and backup architecture | Taiwan AI technology equities",bing.com,public news-search index,candidate results from 2024–2026,2026-07-23,https://www.bing.com/news/search?q=%E8%8F%AF%E9%80%9A+Compeq+48V+power%2C+BBU%2C+and+backup+architecture+Taiwan+AI+technology+stocks+trend+news+analyst+2024+2025+2026&setlang=en-us&FORM=HDRSC6,direct fine-grained sample,public news-search index,4478
TW AI Technology Stock Trend-AI Infrastructure Components,en,#T#[TW AI Technology Stock Trend-AI Infrastructure Components]/en_076.txt,"Public news index: 健鼎 Tripod | 48V power, BBU, and backup architecture | Taiwan AI technology equities",bing.com,public news-search index,candidate results from 2024–2026,2026-07-23,https://www.bing.com/news/search?q=%E5%81%A5%E9%BC%8E+Tripod+48V+power%2C+BBU%2C+and+backup+architecture+Taiwan+AI+technology+stocks+trend+news+analyst+2024+2025+2026&setlang=en-us&FORM=HDRSC6,direct fine-grained sample,public news-search index,4472
TW AI Technology Stock Trend-AI Infrastructure Components,en,#T#[TW AI Technology Stock Trend-AI Infrastructure Components]/en_077.txt,"Public news index: 南電 Nan Ya PCB | 48V power, BBU, and backup architecture | Taiwan AI technology equities",bing.com,public news-search index,candidate results from 2024–2026,2026-07-23,https://www.bing.com/news/search?q=%E5%8D%97%E9%9B%BB+Nan+Ya+PCB+48V+power%2C+BBU%2C+and+backup+architecture+Taiwan+AI+technology+stocks+trend+news+analyst+2024+2025+2026&setlang=en-us&FORM=HDRSC6,direct fine-grained sample,public news-search index,4492
TW AI Technology Stock Trend-AI Infrastructure Components,en,#T#[TW AI Technology Stock Trend-AI Infrastructure Components]/en_078.txt,"Public news index: 智邦 Accton | 48V power, BBU, and backup architecture | Taiwan AI technology equities",bing.com,public news-search index,candidate results from 2024–2026,2026-07-23,https://www.bing.com/news/search?q=%E6%99%BA%E9%82%A6+Accton+48V+power%2C+BBU%2C+and+backup+architecture+Taiwan+AI+technology+stocks+trend+news+analyst+2024+2025+2026&setlang=en-us&FORM=HDRSC6,direct fine-grained sample,public news-search index,4471
TW AI Technology Stock Trend-AI Infrastructure Components,en,#T#[TW AI Technology Stock Trend-AI Infrastructure Components]/en_079.txt,"Public news index: 啟碁 WNC | 48V power, BBU, and backup architecture | Taiwan AI technology equities",bing.com,public news-search index,candidate results from 2024–2026,2026-07-23,https://www.bing.com/news/search?q=%E5%95%9F%E7%A2%81+WNC+48V+power%2C+BBU%2C+and+backup+architecture+Taiwan+AI+technology+stocks+trend+news+analyst+2024+2025+2026&setlang=en-us&FORM=HDRSC6,direct fine-grained sample,public news-search index,4460
TW AI Technology Stock Trend-AI Infrastructure Components,en,#T#[TW AI Technology Stock Trend-AI Infrastructure Components]/en_080.txt,"Public news index: 聯亞 LandMark Optoelectronics | 48V power, BBU, and backup architecture | Taiwan AI technology equities",bing.com,public news-search index,candidate results from 2024–2026,2026-07-23,https://www.bing.com/news/search?q=%E8%81%AF%E4%BA%9E+LandMark+Optoelectronics+48V+power%2C+BBU%2C+and+backup+architecture+Taiwan+AI+technology+stocks+trend+news+analyst+2024+2025+2026&setlang=en-us&FORM=HDRSC6,direct fine-grained sample,public news-search index,4531
TW AI Technology Stock Trend-AI Infrastructure Components,en,#T#[TW AI Technology Stock Trend-AI Infrastructure Components]/en_081.txt,"Public news index: 台達電 Delta Electronics | capacity expansion, yield, and customer qualification | Taiwan AI technology equities",bing.com,public news-search index,candidate results from 2024–2026,2026-07-23,https://www.bing.com/news/search?q=%E5%8F%B0%E9%81%94%E9%9B%BB+Delta+Electronics+capacity+expansion%2C+yield%2C+and+customer+qualification+Taiwan+AI+technology+stocks+trend+news+analyst+2024+2025+2026&setlang=en-us&FORM=HDRSC6,direct fine-grained sample,public news-search index,4578
TW AI Technology Stock Trend-AI Infrastructure Components,en,#T#[TW AI Technology Stock Trend-AI Infrastructure Components]/en_082.txt,"Public news index: 光寶科 Lite-On | capacity expansion, yield, and customer qualification | Taiwan AI technology equities",bing.com,public news-search index,candidate results from 2024–2026,2026-07-23,https://www.bing.com/news/search?q=%E5%85%89%E5%AF%B6%E7%A7%91+Lite-On+capacity+expansion%2C+yield%2C+and+customer+qualification+Taiwan+AI+technology+stocks+trend+news+analyst+2024+2025+2026&setlang=en-us&FORM=HDRSC6,direct fine-grained sample,public news-search index,4520
TW AI Technology Stock Trend-AI Infrastructure Components,en,#T#[TW AI Technology Stock Trend-AI Infrastructure Components]/en_083.txt,"Public news index: 群電 Chicony Power | capacity expansion, yield, and customer qualification | Taiwan AI technology equities",bing.com,public news-search index,candidate results from 2024–2026,2026-07-23,https://www.bing.com/news/search?q=%E7%BE%A4%E9%9B%BB+Chicony+Power+capacity+expansion%2C+yield%2C+and+customer+qualification+Taiwan+AI+technology+stocks+trend+news+analyst+2024+2025+2026&setlang=en-us&FORM=HDRSC6,direct fine-grained sample,public news-search index,4537
TW AI Technology Stock Trend-AI Infrastructure Components,en,#T#[TW AI Technology Stock Trend-AI Infrastructure Components]/en_084.txt,"Public news index: 康舒 AcBel | capacity expansion, yield, and customer qualification | Taiwan AI technology equities",bing.com,public news-search index,candidate results from 2024–2026,2026-07-23,https://www.bing.com/news/search?q=%E5%BA%B7%E8%88%92+AcBel+capacity+expansion%2C+yield%2C+and+customer+qualification+Taiwan+AI+technology+stocks+trend+news+analyst+2024+2025+2026&setlang=en-us&FORM=HDRSC6,direct fine-grained sample,public news-search index,4509
TW AI Technology Stock Trend-AI Infrastructure Components,en,#T#[TW AI Technology Stock Trend-AI Infrastructure Components]/en_085.txt,"Public news index: 奇鋐 Asia Vital Components | capacity expansion, yield, and customer qualification | Taiwan AI technology equities",bing.com,public news-search index,candidate results from 2024–2026,2026-07-23,https://www.bing.com/news/search?q=%E5%A5%87%E9%8B%90+Asia+Vital+Components+capacity+expansion%2C+yield%2C+and+customer+qualification+Taiwan+AI+technology+stocks+trend+news+analyst+2024+2025+2026&setlang=en-us&FORM=HDRSC6,direct fine-grained sample,public news-search index,4594
TW AI Technology Stock Trend-AI Infrastructure Components,en,#T#[TW AI Technology Stock Trend-AI Infrastructure Components]/en_086.txt,"Public news index: 雙鴻 Auras | capacity expansion, yield, and customer qualification | Taiwan AI technology equities",bing.com,public news-search index,candidate results from 2024–2026,2026-07-23,https://www.bing.com/news/search?q=%E9%9B%99%E9%B4%BB+Auras+capacity+expansion%2C+yield%2C+and+customer+qualification+Taiwan+AI+technology+stocks+trend+news+analyst+2024+2025+2026&setlang=en-us&FORM=HDRSC6,direct fine-grained sample,public news-search index,4524
TW AI Technology Stock Trend-AI Infrastructure Components,en,#T#[TW AI Technology Stock Trend-AI Infrastructure Components]/en_087.txt,"Public news index: 建準 Sunonwealth | capacity expansion, yield, and customer qualification | Taiwan AI technology equities",bing.com,public news-search index,candidate results from 2024–2026,2026-07-23,https://www.bing.com/news/search?q=%E5%BB%BA%E6%BA%96+Sunonwealth+capacity+expansion%2C+yield%2C+and+customer+qualification+Taiwan+AI+technology+stocks+trend+news+analyst+2024+2025+2026&setlang=en-us&FORM=HDRSC6,direct fine-grained sample,public news-search index,4552
TW AI Technology Stock Trend-AI Infrastructure Components,en,#T#[TW AI Technology Stock Trend-AI Infrastructure Components]/en_088.txt,"Public news index: 泰碩 TaiSol | capacity expansion, yield, and customer qualification | Taiwan AI technology equities",bing.com,public news-search index,candidate results from 2024–2026,2026-07-23,https://www.bing.com/news/search?q=%E6%B3%B0%E7%A2%A9+TaiSol+capacity+expansion%2C+yield%2C+and+customer+qualification+Taiwan+AI+technology+stocks+trend+news+analyst+2024+2025+2026&setlang=en-us&FORM=HDRSC6,direct fine-grained sample,public news-search index,4527
TW AI Technology Stock Trend-AI Infrastructure Components,en,#T#[TW AI Technology Stock Trend-AI Infrastructure Components]/en_089.txt,"Public news index: 健策 Jentech | capacity expansion, yield, and customer qualification | Taiwan AI technology equities",bing.com,public news-search index,candidate results from 2024–2026,2026-07-23,https://www.bing.com/news/search?q=%E5%81%A5%E7%AD%96+Jentech+capacity+expansion%2C+yield%2C+and+customer+qualification+Taiwan+AI+technology+stocks+trend+news+analyst+2024+2025+2026&setlang=en-us&FORM=HDRSC6,direct fine-grained sample,public news-search index,4532
TW AI Technology Stock Trend-AI Infrastructure Components,en,#T#[TW AI Technology Stock Trend-AI Infrastructure Components]/en_090.txt,"Public news index: 台光電 Elite Material | capacity expansion, yield, and customer qualification | Taiwan AI technology equities",bing.com,public news-search index,candidate results from 2024–2026,2026-07-23,https://www.bing.com/news/search?q=%E5%8F%B0%E5%85%89%E9%9B%BB+Elite+Material+capacity+expansion%2C+yield%2C+and+customer+qualification+Taiwan+AI+technology+stocks+trend+news+analyst+2024+2025+2026&setlang=en-us&FORM=HDRSC6,direct fine-grained sample,public news-search index,4559
TW AI Technology Stock Trend-AI Infrastructure Components,en,#T#[TW AI Technology Stock Trend-AI Infrastructure Components]/en_091.txt,"Public news index: 台燿 Taiwan Union Technology | capacity expansion, yield, and customer qualification | Taiwan AI technology equities",bing.com,public news-search index,candidate results from 2024–2026,2026-07-23,https://www.bing.com/news/search?q=%E5%8F%B0%E7%87%BF+Taiwan+Union+Technology+capacity+expansion%2C+yield%2C+and+customer+qualification+Taiwan+AI+technology+stocks+trend+news+analyst+2024+2025+2026&setlang=en-us&FORM=HDRSC6,direct fine-grained sample,public news-search index,4590
TW AI Technology Stock Trend-AI Infrastructure Components,en,#T#[TW AI Technology Stock Trend-AI Infrastructure Components]/en_092.txt,"Public news index: 聯茂 ITEQ | capacity expansion, yield, and customer qualification | Taiwan AI technology equities",bing.com,public news-search index,candidate results from 2024–2026,2026-07-23,https://www.bing.com/news/search?q=%E8%81%AF%E8%8C%82+ITEQ+capacity+expansion%2C+yield%2C+and+customer+qualification+Taiwan+AI+technology+stocks+trend+news+analyst+2024+2025+2026&setlang=en-us&FORM=HDRSC6,direct fine-grained sample,public news-search index,4496
TW AI Technology Stock Trend-AI Infrastructure Components,en,#T#[TW AI Technology Stock Trend-AI Infrastructure Components]/en_093.txt,"Public news index: 金像電 Gold Circuit Electronics | capacity expansion, yield, and customer qualification | Taiwan AI technology equities",bing.com,public news-search index,candidate results from 2024–2026,2026-07-23,https://www.bing.com/news/search?q=%E9%87%91%E5%83%8F%E9%9B%BB+Gold+Circuit+Electronics+capacity+expansion%2C+yield%2C+and+customer+qualification+Taiwan+AI+technology+stocks+trend+news+analyst+2024+2025+2026&setlang=en-us&FORM=HDRSC6,direct fine-grained sample,public news-search index,4593
TW AI Technology Stock Trend-AI Infrastructure Components,en,#T#[TW AI Technology Stock Trend-AI Infrastructure Components]/en_094.txt,"Public news index: 欣興 Unimicron | capacity expansion, yield, and customer qualification | Taiwan AI technology equities",bing.com,public news-search index,candidate results from 2024–2026,2026-07-23,https://www.bing.com/news/search?q=%E6%AC%A3%E8%88%88+Unimicron+capacity+expansion%2C+yield%2C+and+customer+qualification+Taiwan+AI+technology+stocks+trend+news+analyst+2024+2025+2026&setlang=en-us&FORM=HDRSC6,direct fine-grained sample,public news-search index,4525
TW AI Technology Stock Trend-AI Infrastructure Components,en,#T#[TW AI Technology Stock Trend-AI Infrastructure Components]/en_095.txt,"Public news index: 華通 Compeq | capacity expansion, yield, and customer qualification | Taiwan AI technology equities",bing.com,public news-search index,candidate results from 2024–2026,2026-07-23,https://www.bing.com/news/search?q=%E8%8F%AF%E9%80%9A+Compeq+capacity+expansion%2C+yield%2C+and+customer+qualification+Taiwan+AI+technology+stocks+trend+news+analyst+2024+2025+2026&setlang=en-us&FORM=HDRSC6,direct fine-grained sample,public news-search index,4534
TW AI Technology Stock Trend-AI Infrastructure Components,en,#T#[TW AI Technology Stock Trend-AI Infrastructure Components]/en_096.txt,"Public news index: 健鼎 Tripod | capacity expansion, yield, and customer qualification | Taiwan AI technology equities",bing.com,public news-search index,candidate results from 2024–2026,2026-07-23,https://www.bing.com/news/search?q=%E5%81%A5%E9%BC%8E+Tripod+capacity+expansion%2C+yield%2C+and+customer+qualification+Taiwan+AI+technology+stocks+trend+news+analyst+2024+2025+2026&setlang=en-us&FORM=HDRSC6,direct fine-grained sample,public news-search index,4528
TW AI Technology Stock Trend-AI Infrastructure Components,en,#T#[TW AI Technology Stock Trend-AI Infrastructure Components]/en_097.txt,"Public news index: 南電 Nan Ya PCB | capacity expansion, yield, and customer qualification | Taiwan AI technology equities",bing.com,public news-search index,candidate results from 2024–2026,2026-07-23,https://www.bing.com/news/search?q=%E5%8D%97%E9%9B%BB+Nan+Ya+PCB+capacity+expansion%2C+yield%2C+and+customer+qualification+Taiwan+AI+technology+stocks+trend+news+analyst+2024+2025+2026&setlang=en-us&FORM=HDRSC6,direct fine-grained sample,public news-search index,4548
TW AI Technology Stock Trend-AI Infrastructure Components,en,#T#[TW AI Technology Stock Trend-AI Infrastructure Components]/en_098.txt,"Public news index: 智邦 Accton | capacity expansion, yield, and customer qualification | Taiwan AI technology equities",bing.com,public news-search index,candidate results from 2024–2026,2026-07-23,https://www.bing.com/news/search?q=%E6%99%BA%E9%82%A6+Accton+capacity+expansion%2C+yield%2C+and+customer+qualification+Taiwan+AI+technology+stocks+trend+news+analyst+2024+2025+2026&setlang=en-us&FORM=HDRSC6,direct fine-grained sample,public news-search index,4527
TW AI Technology Stock Trend-AI Infrastructure Components,en,#T#[TW AI Technology Stock Trend-AI Infrastructure Components]/en_099.txt,"Public news index: 啟碁 WNC | capacity expansion, yield, and customer qualification | Taiwan AI technology equities",bing.com,public news-search index,candidate results from 2024–2026,2026-07-23,https://www.bing.com/news/search?q=%E5%95%9F%E7%A2%81+WNC+capacity+expansion%2C+yield%2C+and+customer+qualification+Taiwan+AI+technology+stocks+trend+news+analyst+2024+2025+2026&setlang=en-us&FORM=HDRSC6,direct fine-grained sample,public news-search index,4516
TW AI Technology Stock Trend-AI Infrastructure Components,en,#T#[TW AI Technology Stock Trend-AI Infrastructure Components]/en_100.txt,"Public news index: 聯亞 LandMark Optoelectronics | capacity expansion, yield, and customer qualification | Taiwan AI technology equities",bing.com,public news-search index,candidate results from 2024–2026,2026-07-23,https://www.bing.com/news/search?q=%E8%81%AF%E4%BA%9E+LandMark+Optoelectronics+capacity+expansion%2C+yield%2C+and+customer+qualification+Taiwan+AI+technology+stocks+trend+news+analyst+2024+2025+2026&setlang=en-us&FORM=HDRSC6,direct fine-grained sample,public news-search index,4587
TW AI Technology Stock Trend-Earnings Valuation And Capital Flow,zh,#T#[TW AI Technology Stock Trend-Earnings Valuation And Capital Flow]/zh_001.txt,高盛點名「2026 台股名單」！25檔AI與半導體股全線點火,pocket.tw,市場分析媒體,2026-01-09,2026-07-23,https://www.pocket.tw/school/report/perspective/6959/,direct fine-grained sample,identified public source,1579
TW AI Technology Stock Trend-Earnings Valuation And Capital Flow,zh,#T#[TW AI Technology Stock Trend-Earnings Valuation And Capital Flow]/zh_002.txt,2026年AI概念股有哪些公司？還值得投資嗎？4圖表帶你看懂上中下游產業趨勢,sinotrade.com.tw,券商投資教育／市場分析,2026-06-11,2026-07-23,https://www.sinotrade.com.tw/richclub/hotstock/2026%E5%B9%B4AI%E6%A6%82%E5%BF%B5%E8%82%A1%E6%9C%89%E5%93%AA%E4%BA%9B%E5%85%AC%E5%8F%B8-%E9%82%84%E5%80%BC%E5%BE%97%E6%8A%95%E8%B3%87%E5%97%8E-4%E5%9C%96%E8%A1%A8%E5%B8%B6%E4%BD%A0%E7%9C%8B%E6%87%82%E4%B8%8A%E4%B8%AD%E4%B8%8B%E6%B8%B8%E7%94%A2%E6%A5%AD%E8%B6%A8%E5%8B%A2--65af4cb1880d9e29902a677f,direct fine-grained sample,identified public source,1888
TW AI Technology Stock Trend-Earnings Valuation And Capital Flow,zh,#T#[TW AI Technology Stock Trend-Earnings Valuation And Capital Flow]/zh_003.txt,公開新聞索引：半導體類股指數｜營收與獲利預估修正｜財報、估值與資金流向,bing.com,公開新聞搜尋索引,2024–2026 候選結果,2026-07-23,https://www.bing.com/news/search?q=%E5%8D%8A%E5%B0%8E%E9%AB%94%E9%A1%9E%E8%82%A1%E6%8C%87%E6%95%B8+%E7%87%9F%E6%94%B6%E8%88%87%E7%8D%B2%E5%88%A9%E9%A0%90%E4%BC%B0%E4%BF%AE%E6%AD%A3+%E5%8F%B0%E8%82%A1+AI+%E7%A7%91%E6%8A%80%E8%82%A1+%E8%B5%B0%E5%8B%A2+%E6%96%B0%E8%81%9E+%E6%B3%95%E4%BA%BA+2024+2025+2026&setlang=zh-tw&FORM=HDRSC6,direct fine-grained sample,public news-search index,1922
TW AI Technology Stock Trend-Earnings Valuation And Capital Flow,zh,#T#[TW AI Technology Stock Trend-Earnings Valuation And Capital Flow]/zh_004.txt,公開新聞索引：台灣AI供應鏈籃子｜營收與獲利預估修正｜財報、估值與資金流向,bing.com,公開新聞搜尋索引,2024–2026 候選結果,2026-07-23,https://www.bing.com/news/search?q=%E5%8F%B0%E7%81%A3AI%E4%BE%9B%E6%87%89%E9%8F%88%E7%B1%83%E5%AD%90+%E7%87%9F%E6%94%B6%E8%88%87%E7%8D%B2%E5%88%A9%E9%A0%90%E4%BC%B0%E4%BF%AE%E6%AD%A3+%E5%8F%B0%E8%82%A1+AI+%E7%A7%91%E6%8A%80%E8%82%A1+%E8%B5%B0%E5%8B%A2+%E6%96%B0%E8%81%9E+%E6%B3%95%E4%BA%BA+2024+2025+2026&setlang=zh-tw&FORM=HDRSC6,direct fine-grained sample,public news-search index,1929
TW AI Technology Stock Trend-Earnings Valuation And Capital Flow,zh,#T#[TW AI Technology Stock Trend-Earnings Valuation And Capital Flow]/zh_005.txt,公開新聞索引：台積電 TSMC｜營收與獲利預估修正｜財報、估值與資金流向,bing.com,公開新聞搜尋索引,2024–2026 候選結果,2026-07-23,https://www.bing.com/news/search?q=%E5%8F%B0%E7%A9%8D%E9%9B%BB+TSMC+%E7%87%9F%E6%94%B6%E8%88%87%E7%8D%B2%E5%88%A9%E9%A0%90%E4%BC%B0%E4%BF%AE%E6%AD%A3+%E5%8F%B0%E8%82%A1+AI+%E7%A7%91%E6%8A%80%E8%82%A1+%E8%B5%B0%E5%8B%A2+%E6%96%B0%E8%81%9E+%E6%B3%95%E4%BA%BA+2024+2025+2026&setlang=zh-tw&FORM=HDRSC6,direct fine-grained sample,public news-search index,1896
TW AI Technology Stock Trend-Earnings Valuation And Capital Flow,zh,#T#[TW AI Technology Stock Trend-Earnings Valuation And Capital Flow]/zh_006.txt,公開新聞索引：鴻海 Hon Hai｜營收與獲利預估修正｜財報、估值與資金流向,bing.com,公開新聞搜尋索引,2024–2026 候選結果,2026-07-23,https://www.bing.com/news/search?q=%E9%B4%BB%E6%B5%B7+Hon+Hai+%E7%87%9F%E6%94%B6%E8%88%87%E7%8D%B2%E5%88%A9%E9%A0%90%E4%BC%B0%E4%BF%AE%E6%AD%A3+%E5%8F%B0%E8%82%A1+AI+%E7%A7%91%E6%8A%80%E8%82%A1+%E8%B5%B0%E5%8B%A2+%E6%96%B0%E8%81%9E+%E6%B3%95%E4%BA%BA+2024+2025+2026&setlang=zh-tw&FORM=HDRSC6,direct fine-grained sample,public news-search index,1896
TW AI Technology Stock Trend-Earnings Valuation And Capital Flow,zh,#T#[TW AI Technology Stock Trend-Earnings Valuation And Capital Flow]/zh_007.txt,公開新聞索引：廣達 Quanta｜營收與獲利預估修正｜財報、估值與資金流向,bing.com,公開新聞搜尋索引,2024–2026 候選結果,2026-07-23,https://www.bing.com/news/search?q=%E5%BB%A3%E9%81%94+Quanta+%E7%87%9F%E6%94%B6%E8%88%87%E7%8D%B2%E5%88%A9%E9%A0%90%E4%BC%B0%E4%BF%AE%E6%AD%A3+%E5%8F%B0%E8%82%A1+AI+%E7%A7%91%E6%8A%80%E8%82%A1+%E8%B5%B0%E5%8B%A2+%E6%96%B0%E8%81%9E+%E6%B3%95%E4%BA%BA+2024+2025+2026&setlang=zh-tw&FORM=HDRSC6,direct fine-grained sample,public news-search index,1895
TW AI Technology Stock Trend-Earnings Valuation And Capital Flow,zh,#T#[TW AI Technology Stock Trend-Earnings Valuation And Capital Flow]/zh_008.txt,公開新聞索引：緯創 Wistron｜營收與獲利預估修正｜財報、估值與資金流向,bing.com,公開新聞搜尋索引,2024–2026 候選結果,2026-07-23,https://www.bing.com/news/search?q=%E7%B7%AF%E5%89%B5+Wistron+%E7%87%9F%E6%94%B6%E8%88%87%E7%8D%B2%E5%88%A9%E9%A0%90%E4%BC%B0%E4%BF%AE%E6%AD%A3+%E5%8F%B0%E8%82%A1+AI+%E7%A7%91%E6%8A%80%E8%82%A1+%E8%B5%B0%E5%8B%A2+%E6%96%B0%E8%81%9E+%E6%B3%95%E4%BA%BA+2024+2025+2026&setlang=zh-tw&FORM=HDRSC6,direct fine-grained sample,public news-search index,1896
TW AI Technology Stock Trend-Earnings Valuation And Capital Flow,zh,#T#[TW AI Technology Stock Trend-Earnings Valuation And Capital Flow]/zh_009.txt,公開新聞索引：緯穎 Wiwynn｜營收與獲利預估修正｜財報、估值與資金流向,bing.com,公開新聞搜尋索引,2024–2026 候選結果,2026-07-23,https://www.bing.com/news/search?q=%E7%B7%AF%E7%A9%8E+Wiwynn+%E7%87%9F%E6%94%B6%E8%88%87%E7%8D%B2%E5%88%A9%E9%A0%90%E4%BC%B0%E4%BF%AE%E6%AD%A3+%E5%8F%B0%E8%82%A1+AI+%E7%A7%91%E6%8A%80%E8%82%A1+%E8%B5%B0%E5%8B%A2+%E6%96%B0%E8%81%9E+%E6%B3%95%E4%BA%BA+2024+2025+2026&setlang=zh-tw&FORM=HDRSC6,direct fine-grained sample,public news-search index,1892
TW AI Technology Stock Trend-Earnings Valuation And Capital Flow,zh,#T#[TW AI Technology Stock Trend-Earnings Valuation And Capital Flow]/zh_010.txt,公開新聞索引：台達電 Delta Electronics｜營收與獲利預估修正｜財報、估值與資金流向,bing.com,公開新聞搜尋索引,2024–2026 候選結果,2026-07-23,https://www.bing.com/news/search?q=%E5%8F%B0%E9%81%94%E9%9B%BB+Delta+Electronics+%E7%87%9F%E6%94%B6%E8%88%87%E7%8D%B2%E5%88%A9%E9%A0%90%E4%BC%B0%E4%BF%AE%E6%AD%A3+%E5%8F%B0%E8%82%A1+AI+%E7%A7%91%E6%8A%80%E8%82%A1+%E8%B5%B0%E5%8B%A2+%E6%96%B0%E8%81%9E+%E6%B3%95%E4%BA%BA+2024+2025+2026&setlang=zh-tw&FORM=HDRSC6,direct fine-grained sample,public news-search index,1946
TW AI Technology Stock Trend-Earnings Valuation And Capital Flow,zh,#T#[TW AI Technology Stock Trend-Earnings Valuation And Capital Flow]/zh_011.txt,公開新聞索引：聯發科 MediaTek｜營收與獲利預估修正｜財報、估值與資金流向,bing.com,公開新聞搜尋索引,2024–2026 候選結果,2026-07-23,https://www.bing.com/news/search?q=%E8%81%AF%E7%99%BC%E7%A7%91+MediaTek+%E7%87%9F%E6%94%B6%E8%88%87%E7%8D%B2%E5%88%A9%E9%A0%90%E4%BC%B0%E4%BF%AE%E6%AD%A3+%E5%8F%B0%E8%82%A1+AI+%E7%A7%91%E6%8A%80%E8%82%A1+%E8%B5%B0%E5%8B%A2+%E6%96%B0%E8%81%9E+%E6%B3%95%E4%BA%BA+2024+2025+2026&setlang=zh-tw&FORM=HDRSC6,direct fine-grained sample,public news-search index,1907
TW AI Technology Stock Trend-Earnings Valuation And Capital Flow,zh,#T#[TW AI Technology Stock Trend-Earnings Valuation And Capital Flow]/zh_012.txt,公開新聞索引：日月光投控 ASE Technology｜營收與獲利預估修正｜財報、估值與資金流向,bing.com,公開新聞搜尋索引,2024–2026 候選結果,2026-07-23,https://www.bing.com/news/search?q=%E6%97%A5%E6%9C%88%E5%85%89%E6%8A%95%E6%8E%A7+ASE+Technology+%E7%87%9F%E6%94%B6%E8%88%87%E7%8D%B2%E5%88%A9%E9%A0%90%E4%BC%B0%E4%BF%AE%E6%AD%A3+%E5%8F%B0%E8%82%A1+AI+%E7%A7%91%E6%8A%80%E8%82%A1+%E8%B5%B0%E5%8B%A2+%E6%96%B0%E8%81%9E+%E6%B3%95%E4%BA%BA+2024+2025+2026&setlang=zh-tw&FORM=HDRSC6,direct fine-grained sample,public news-search index,1956
TW AI Technology Stock Trend-Earnings Valuation And Capital Flow,zh,#T#[TW AI Technology Stock Trend-Earnings Valuation And Capital Flow]/zh_013.txt,公開新聞索引：台光電 Elite Material｜營收與獲利預估修正｜財報、估值與資金流向,bing.com,公開新聞搜尋索引,2024–2026 候選結果,2026-07-23,https://www.bing.com/news/search?q=%E5%8F%B0%E5%85%89%E9%9B%BB+Elite+Material+%E7%87%9F%E6%94%B6%E8%88%87%E7%8D%B2%E5%88%A9%E9%A0%90%E4%BC%B0%E4%BF%AE%E6%AD%A3+%E5%8F%B0%E8%82%A1+AI+%E7%A7%91%E6%8A%80%E8%82%A1+%E8%B5%B0%E5%8B%A2+%E6%96%B0%E8%81%9E+%E6%B3%95%E4%BA%BA+2024+2025+2026&setlang=zh-tw&FORM=HDRSC6,direct fine-grained sample,public news-search index,1934
TW AI Technology Stock Trend-Earnings Valuation And Capital Flow,zh,#T#[TW AI Technology Stock Trend-Earnings Valuation And Capital Flow]/zh_014.txt,公開新聞索引：奇鋐 Asia Vital Components｜營收與獲利預估修正｜財報、估值與資金流向,bing.com,公開新聞搜尋索引,2024–2026 候選結果,2026-07-23,https://www.bing.com/news/search?q=%E5%A5%87%E9%8B%90+Asia+Vital+Components+%E7%87%9F%E6%94%B6%E8%88%87%E7%8D%B2%E5%88%A9%E9%A0%90%E4%BC%B0%E4%BF%AE%E6%AD%A3+%E5%8F%B0%E8%82%A1+AI+%E7%A7%91%E6%8A%80%E8%82%A1+%E8%B5%B0%E5%8B%A2+%E6%96%B0%E8%81%9E+%E6%B3%95%E4%BA%BA+2024+2025+2026&setlang=zh-tw&FORM=HDRSC6,direct fine-grained sample,public news-search index,1949
TW AI Technology Stock Trend-Earnings Valuation And Capital Flow,zh,#T#[TW AI Technology Stock Trend-Earnings Valuation And Capital Flow]/zh_015.txt,公開新聞索引：智邦 Accton｜營收與獲利預估修正｜財報、估值與資金流向,bing.com,公開新聞搜尋索引,2024–2026 候選結果,2026-07-23,https://www.bing.com/news/search?q=%E6%99%BA%E9%82%A6+Accton+%E7%87%9F%E6%94%B6%E8%88%87%E7%8D%B2%E5%88%A9%E9%A0%90%E4%BC%B0%E4%BF%AE%E6%AD%A3+%E5%8F%B0%E8%82%A1+AI+%E7%A7%91%E6%8A%80%E8%82%A1+%E8%B5%B0%E5%8B%A2+%E6%96%B0%E8%81%9E+%E6%B3%95%E4%BA%BA+2024+2025+2026&setlang=zh-tw&FORM=HDRSC6,direct fine-grained sample,public news-search index,1892
TW AI Technology Stock Trend-Earnings Valuation And Capital Flow,zh,#T#[TW AI Technology Stock Trend-Earnings Valuation And Capital Flow]/zh_016.txt,公開新聞索引：AI主題ETF｜營收與獲利預估修正｜財報、估值與資金流向,bing.com,公開新聞搜尋索引,2024–2026 候選結果,2026-07-23,https://www.bing.com/news/search?q=AI%E4%B8%BB%E9%A1%8CETF+%E7%87%9F%E6%94%B6%E8%88%87%E7%8D%B2%E5%88%A9%E9%A0%90%E4%BC%B0%E4%BF%AE%E6%AD%A3+%E5%8F%B0%E8%82%A1+AI+%E7%A7%91%E6%8A%80%E8%82%A1+%E8%B5%B0%E5%8B%A2+%E6%96%B0%E8%81%9E+%E6%B3%95%E4%BA%BA+2024+2025+2026&setlang=zh-tw&FORM=HDRSC6,direct fine-grained sample,public news-search index,1884
TW AI Technology Stock Trend-Earnings Valuation And Capital Flow,zh,#T#[TW AI Technology Stock Trend-Earnings Valuation And Capital Flow]/zh_017.txt,公開新聞索引：外資現貨與期貨部位｜營收與獲利預估修正｜財報、估值與資金流向,bing.com,公開新聞搜尋索引,2024–2026 候選結果,2026-07-23,https://www.bing.com/news/search?q=%E5%A4%96%E8%B3%87%E7%8F%BE%E8%B2%A8%E8%88%87%E6%9C%9F%E8%B2%A8%E9%83%A8%E4%BD%8D+%E7%87%9F%E6%94%B6%E8%88%87%E7%8D%B2%E5%88%A9%E9%A0%90%E4%BC%B0%E4%BF%AE%E6%AD%A3+%E5%8F%B0%E8%82%A1+AI+%E7%A7%91%E6%8A%80%E8%82%A1+%E8%B5%B0%E5%8B%A2+%E6%96%B0%E8%81%9E+%E6%B3%95%E4%BA%BA+2024+2025+2026&setlang=zh-tw&FORM=HDRSC6,direct fine-grained sample,public news-search index,1951
TW AI Technology Stock Trend-Earnings Valuation And Capital Flow,zh,#T#[TW AI Technology Stock Trend-Earnings Valuation And Capital Flow]/zh_018.txt,公開新聞索引：投信持股變化｜營收與獲利預估修正｜財報、估值與資金流向,bing.com,公開新聞搜尋索引,2024–2026 候選結果,2026-07-23,https://www.bing.com/news/search?q=%E6%8A%95%E4%BF%A1%E6%8C%81%E8%82%A1%E8%AE%8A%E5%8C%96+%E7%87%9F%E6%94%B6%E8%88%87%E7%8D%B2%E5%88%A9%E9%A0%90%E4%BC%B0%E4%BF%AE%E6%AD%A3+%E5%8F%B0%E8%82%A1+AI+%E7%A7%91%E6%8A%80%E8%82%A1+%E8%B5%B0%E5%8B%A2+%E6%96%B0%E8%81%9E+%E6%B3%95%E4%BA%BA+2024+2025+2026&setlang=zh-tw&FORM=HDRSC6,direct fine-grained sample,public news-search index,1912
TW AI Technology Stock Trend-Earnings Valuation And Capital Flow,zh,#T#[TW AI Technology Stock Trend-Earnings Valuation And Capital Flow]/zh_019.txt,公開新聞索引：融資融券與借券｜營收與獲利預估修正｜財報、估值與資金流向,bing.com,公開新聞搜尋索引,2024–2026 候選結果,2026-07-23,https://www.bing.com/news/search?q=%E8%9E%8D%E8%B3%87%E8%9E%8D%E5%88%B8%E8%88%87%E5%80%9F%E5%88%B8+%E7%87%9F%E6%94%B6%E8%88%87%E7%8D%B2%E5%88%A9%E9%A0%90%E4%BC%B0%E4%BF%AE%E6%AD%A3+%E5%8F%B0%E8%82%A1+AI+%E7%A7%91%E6%8A%80%E8%82%A1+%E8%B5%B0%E5%8B%A2+%E6%96%B0%E8%81%9E+%E6%B3%95%E4%BA%BA+2024+2025+2026&setlang=zh-tw&FORM=HDRSC6,direct fine-grained sample,public news-search index,1924
TW AI Technology Stock Trend-Earnings Valuation And Capital Flow,zh,#T#[TW AI Technology Stock Trend-Earnings Valuation And Capital Flow]/zh_020.txt,公開新聞索引：成交量與市場廣度｜營收與獲利預估修正｜財報、估值與資金流向,bing.com,公開新聞搜尋索引,2024–2026 候選結果,2026-07-23,https://www.bing.com/news/search?q=%E6%88%90%E4%BA%A4%E9%87%8F%E8%88%87%E5%B8%82%E5%A0%B4%E5%BB%A3%E5%BA%A6+%E7%87%9F%E6%94%B6%E8%88%87%E7%8D%B2%E5%88%A9%E9%A0%90%E4%BC%B0%E4%BF%AE%E6%AD%A3+%E5%8F%B0%E8%82%A1+AI+%E7%A7%91%E6%8A%80%E8%82%A1+%E8%B5%B0%E5%8B%A2+%E6%96%B0%E8%81%9E+%E6%B3%95%E4%BA%BA+2024+2025+2026&setlang=zh-tw&FORM=HDRSC6,direct fine-grained sample,public news-search index,1934
TW AI Technology Stock Trend-Earnings Valuation And Capital Flow,zh,#T#[TW AI Technology Stock Trend-Earnings Valuation And Capital Flow]/zh_021.txt,公開新聞索引：台灣加權指數 TAIEX｜本益比區間與目標價｜財報、估值與資金流向,bing.com,公開新聞搜尋索引,2024–2026 候選結果,2026-07-23,https://www.bing.com/news/search?q=%E5%8F%B0%E7%81%A3%E5%8A%A0%E6%AC%8A%E6%8C%87%E6%95%B8+TAIEX+%E6%9C%AC%E7%9B%8A%E6%AF%94%E5%8D%80%E9%96%93%E8%88%87%E7%9B%AE%E6%A8%99%E5%83%B9+%E5%8F%B0%E8%82%A1+AI+%E7%A7%91%E6%8A%80%E8%82%A1+%E8%B5%B0%E5%8B%A2+%E6%96%B0%E8%81%9E+%E6%B3%95%E4%BA%BA+2024+2025+2026&setlang=zh-tw&FORM=HDRSC6,direct fine-grained sample,public news-search index,1931
TW AI Technology Stock Trend-Earnings Valuation And Capital Flow,zh,#T#[TW AI Technology Stock Trend-Earnings Valuation And Capital Flow]/zh_022.txt,公開新聞索引：電子類股指數｜本益比區間與目標價｜財報、估值與資金流向,bing.com,公開新聞搜尋索引,2024–2026 候選結果,2026-07-23,https://www.bing.com/news/search?q=%E9%9B%BB%E5%AD%90%E9%A1%9E%E8%82%A1%E6%8C%87%E6%95%B8+%E6%9C%AC%E7%9B%8A%E6%AF%94%E5%8D%80%E9%96%93%E8%88%87%E7%9B%AE%E6%A8%99%E5%83%B9+%E5%8F%B0%E8%82%A1+AI+%E7%A7%91%E6%8A%80%E8%82%A1+%E8%B5%B0%E5%8B%A2+%E6%96%B0%E8%81%9E+%E6%B3%95%E4%BA%BA+2024+2025+2026&setlang=zh-tw&FORM=HDRSC6,direct fine-grained sample,public news-search index,1908
TW AI Technology Stock Trend-Earnings Valuation And Capital Flow,zh,#T#[TW AI Technology Stock Trend-Earnings Valuation And Capital Flow]/zh_023.txt,公開新聞索引：半導體類股指數｜本益比區間與目標價｜財報、估值與資金流向,bing.com,公開新聞搜尋索引,2024–2026 候選結果,2026-07-23,https://www.bing.com/news/search?q=%E5%8D%8A%E5%B0%8E%E9%AB%94%E9%A1%9E%E8%82%A1%E6%8C%87%E6%95%B8+%E6%9C%AC%E7%9B%8A%E6%AF%94%E5%8D%80%E9%96%93%E8%88%87%E7%9B%AE%E6%A8%99%E5%83%B9+%E5%8F%B0%E8%82%A1+AI+%E7%A7%91%E6%8A%80%E8%82%A1+%E8%B5%B0%E5%8B%A2+%E6%96%B0%E8%81%9E+%E6%B3%95%E4%BA%BA+2024+2025+2026&setlang=zh-tw&FORM=HDRSC6,direct fine-grained sample,public news-search index,1922
TW AI Technology Stock Trend-Earnings Valuation And Capital Flow,zh,#T#[TW AI Technology Stock Trend-Earnings Valuation And Capital Flow]/zh_024.txt,公開新聞索引：台灣AI供應鏈籃子｜本益比區間與目標價｜財報、估值與資金流向,bing.com,公開新聞搜尋索引,2024–2026 候選結果,2026-07-23,https://www.bing.com/news/search?q=%E5%8F%B0%E7%81%A3AI%E4%BE%9B%E6%87%89%E9%8F%88%E7%B1%83%E5%AD%90+%E6%9C%AC%E7%9B%8A%E6%AF%94%E5%8D%80%E9%96%93%E8%88%87%E7%9B%AE%E6%A8%99%E5%83%B9+%E5%8F%B0%E8%82%A1+AI+%E7%A7%91%E6%8A%80%E8%82%A1+%E8%B5%B0%E5%8B%A2+%E6%96%B0%E8%81%9E+%E6%B3%95%E4%BA%BA+2024+2025+2026&setlang=zh-tw&FORM=HDRSC6,direct fine-grained sample,public news-search index,1929
TW AI Technology Stock Trend-Earnings Valuation And Capital Flow,zh,#T#[TW AI Technology Stock Trend-Earnings Valuation And Capital Flow]/zh_025.txt,公開新聞索引：台積電 TSMC｜本益比區間與目標價｜財報、估值與資金流向,bing.com,公開新聞搜尋索引,2024–2026 候選結果,2026-07-23,https://www.bing.com/news/search?q=%E5%8F%B0%E7%A9%8D%E9%9B%BB+TSMC+%E6%9C%AC%E7%9B%8A%E6%AF%94%E5%8D%80%E9%96%93%E8%88%87%E7%9B%AE%E6%A8%99%E5%83%B9+%E5%8F%B0%E8%82%A1+AI+%E7%A7%91%E6%8A%80%E8%82%A1+%E8%B5%B0%E5%8B%A2+%E6%96%B0%E8%81%9E+%E6%B3%95%E4%BA%BA+2024+2025+2026&setlang=zh-tw&FORM=HDRSC6,direct fine-grained sample,public news-search index,1896
TW AI Technology Stock Trend-Earnings Valuation And Capital Flow,zh,#T#[TW AI Technology Stock Trend-Earnings Valuation And Capital Flow]/zh_026.txt,公開新聞索引：鴻海 Hon Hai｜本益比區間與目標價｜財報、估值與資金流向,bing.com,公開新聞搜尋索引,2024–2026 候選結果,2026-07-23,https://www.bing.com/news/search?q=%E9%B4%BB%E6%B5%B7+Hon+Hai+%E6%9C%AC%E7%9B%8A%E6%AF%94%E5%8D%80%E9%96%93%E8%88%87%E7%9B%AE%E6%A8%99%E5%83%B9+%E5%8F%B0%E8%82%A1+AI+%E7%A7%91%E6%8A%80%E8%82%A1+%E8%B5%B0%E5%8B%A2+%E6%96%B0%E8%81%9E+%E6%B3%95%E4%BA%BA+2024+2025+2026&setlang=zh-tw&FORM=HDRSC6,direct fine-grained sample,public news-search index,1896
TW AI Technology Stock Trend-Earnings Valuation And Capital Flow,zh,#T#[TW AI Technology Stock Trend-Earnings Valuation And Capital Flow]/zh_027.txt,公開新聞索引：廣達 Quanta｜本益比區間與目標價｜財報、估值與資金流向,bing.com,公開新聞搜尋索引,2024–2026 候選結果,2026-07-23,https://www.bing.com/news/search?q=%E5%BB%A3%E9%81%94+Quanta+%E6%9C%AC%E7%9B%8A%E6%AF%94%E5%8D%80%E9%96%93%E8%88%87%E7%9B%AE%E6%A8%99%E5%83%B9+%E5%8F%B0%E8%82%A1+AI+%E7%A7%91%E6%8A%80%E8%82%A1+%E8%B5%B0%E5%8B%A2+%E6%96%B0%E8%81%9E+%E6%B3%95%E4%BA%BA+2024+2025+2026&setlang=zh-tw&FORM=HDRSC6,direct fine-grained sample,public news-search index,1895
TW AI Technology Stock Trend-Earnings Valuation And Capital Flow,zh,#T#[TW AI Technology Stock Trend-Earnings Valuation And Capital Flow]/zh_028.txt,公開新聞索引：緯創 Wistron｜本益比區間與目標價｜財報、估值與資金流向,bing.com,公開新聞搜尋索引,2024–2026 候選結果,2026-07-23,https://www.bing.com/news/search?q=%E7%B7%AF%E5%89%B5+Wistron+%E6%9C%AC%E7%9B%8A%E6%AF%94%E5%8D%80%E9%96%93%E8%88%87%E7%9B%AE%E6%A8%99%E5%83%B9+%E5%8F%B0%E8%82%A1+AI+%E7%A7%91%E6%8A%80%E8%82%A1+%E8%B5%B0%E5%8B%A2+%E6%96%B0%E8%81%9E+%E6%B3%95%E4%BA%BA+2024+2025+2026&setlang=zh-tw&FORM=HDRSC6,direct fine-grained sample,public news-search index,1896
TW AI Technology Stock Trend-Earnings Valuation And Capital Flow,zh,#T#[TW AI Technology Stock Trend-Earnings Valuation And Capital Flow]/zh_029.txt,公開新聞索引：緯穎 Wiwynn｜本益比區間與目標價｜財報、估值與資金流向,bing.com,公開新聞搜尋索引,2024–2026 候選結果,2026-07-23,https://www.bing.com/news/search?q=%E7%B7%AF%E7%A9%8E+Wiwynn+%E6%9C%AC%E7%9B%8A%E6%AF%94%E5%8D%80%E9%96%93%E8%88%87%E7%9B%AE%E6%A8%99%E5%83%B9+%E5%8F%B0%E8%82%A1+AI+%E7%A7%91%E6%8A%80%E8%82%A1+%E8%B5%B0%E5%8B%A2+%E6%96%B0%E8%81%9E+%E6%B3%95%E4%BA%BA+2024+2025+2026&setlang=zh-tw&FORM=HDRSC6,direct fine-grained sample,public news-search index,1892
TW AI Technology Stock Trend-Earnings Valuation And Capital Flow,zh,#T#[TW AI Technology Stock Trend-Earnings Valuation And Capital Flow]/zh_030.txt,公開新聞索引：台達電 Delta Electronics｜本益比區間與目標價｜財報、估值與資金流向,bing.com,公開新聞搜尋索引,2024–2026 候選結果,2026-07-23,https://www.bing.com/news/search?q=%E5%8F%B0%E9%81%94%E9%9B%BB+Delta+Electronics+%E6%9C%AC%E7%9B%8A%E6%AF%94%E5%8D%80%E9%96%93%E8%88%87%E7%9B%AE%E6%A8%99%E5%83%B9+%E5%8F%B0%E8%82%A1+AI+%E7%A7%91%E6%8A%80%E8%82%A1+%E8%B5%B0%E5%8B%A2+%E6%96%B0%E8%81%9E+%E6%B3%95%E4%BA%BA+2024+2025+2026&setlang=zh-tw&FORM=HDRSC6,direct fine-grained sample,public news-search index,1946
TW AI Technology Stock Trend-Earnings Valuation And Capital Flow,zh,#T#[TW AI Technology Stock Trend-Earnings Valuation And Capital Flow]/zh_031.txt,公開新聞索引：聯發科 MediaTek｜本益比區間與目標價｜財報、估值與資金流向,bing.com,公開新聞搜尋索引,2024–2026 候選結果,2026-07-23,https://www.bing.com/news/search?q=%E8%81%AF%E7%99%BC%E7%A7%91+MediaTek+%E6%9C%AC%E7%9B%8A%E6%AF%94%E5%8D%80%E9%96%93%E8%88%87%E7%9B%AE%E6%A8%99%E5%83%B9+%E5%8F%B0%E8%82%A1+AI+%E7%A7%91%E6%8A%80%E8%82%A1+%E8%B5%B0%E5%8B%A2+%E6%96%B0%E8%81%9E+%E6%B3%95%E4%BA%BA+2024+2025+2026&setlang=zh-tw&FORM=HDRSC6,direct fine-grained sample,public news-search index,1907
TW AI Technology Stock Trend-Earnings Valuation And Capital Flow,zh,#T#[TW AI Technology Stock Trend-Earnings Valuation And Capital Flow]/zh_032.txt,公開新聞索引：日月光投控 ASE Technology｜本益比區間與目標價｜財報、估值與資金流向,bing.com,公開新聞搜尋索引,2024–2026 候選結果,2026-07-23,https://www.bing.com/news/search?q=%E6%97%A5%E6%9C%88%E5%85%89%E6%8A%95%E6%8E%A7+ASE+Technology+%E6%9C%AC%E7%9B%8A%E6%AF%94%E5%8D%80%E9%96%93%E8%88%87%E7%9B%AE%E6%A8%99%E5%83%B9+%E5%8F%B0%E8%82%A1+AI+%E7%A7%91%E6%8A%80%E8%82%A1+%E8%B5%B0%E5%8B%A2+%E6%96%B0%E8%81%9E+%E6%B3%95%E4%BA%BA+2024+2025+2026&setlang=zh-tw&FORM=HDRSC6,direct fine-grained sample,public news-search index,1956
TW AI Technology Stock Trend-Earnings Valuation And Capital Flow,zh,#T#[TW AI Technology Stock Trend-Earnings Valuation And Capital Flow]/zh_033.txt,公開新聞索引：台光電 Elite Material｜本益比區間與目標價｜財報、估值與資金流向,bing.com,公開新聞搜尋索引,2024–2026 候選結果,2026-07-23,https://www.bing.com/news/search?q=%E5%8F%B0%E5%85%89%E9%9B%BB+Elite+Material+%E6%9C%AC%E7%9B%8A%E6%AF%94%E5%8D%80%E9%96%93%E8%88%87%E7%9B%AE%E6%A8%99%E5%83%B9+%E5%8F%B0%E8%82%A1+AI+%E7%A7%91%E6%8A%80%E8%82%A1+%E8%B5%B0%E5%8B%A2+%E6%96%B0%E8%81%9E+%E6%B3%95%E4%BA%BA+2024+2025+2026&setlang=zh-tw&FORM=HDRSC6,direct fine-grained sample,public news-search index,1934
TW AI Technology Stock Trend-Earnings Valuation And Capital Flow,zh,#T#[TW AI Technology Stock Trend-Earnings Valuation And Capital Flow]/zh_034.txt,公開新聞索引：奇鋐 Asia Vital Components｜本益比區間與目標價｜財報、估值與資金流向,bing.com,公開新聞搜尋索引,2024–2026 候選結果,2026-07-23,https://www.bing.com/news/search?q=%E5%A5%87%E9%8B%90+Asia+Vital+Components+%E6%9C%AC%E7%9B%8A%E6%AF%94%E5%8D%80%E9%96%93%E8%88%87%E7%9B%AE%E6%A8%99%E5%83%B9+%E5%8F%B0%E8%82%A1+AI+%E7%A7%91%E6%8A%80%E8%82%A1+%E8%B5%B0%E5%8B%A2+%E6%96%B0%E8%81%9E+%E6%B3%95%E4%BA%BA+2024+2025+2026&setlang=zh-tw&FORM=HDRSC6,direct fine-grained sample,public news-search index,1949
TW AI Technology Stock Trend-Earnings Valuation And Capital Flow,zh,#T#[TW AI Technology Stock Trend-Earnings Valuation And Capital Flow]/zh_035.txt,公開新聞索引：智邦 Accton｜本益比區間與目標價｜財報、估值與資金流向,bing.com,公開新聞搜尋索引,2024–2026 候選結果,2026-07-23,https://www.bing.com/news/search?q=%E6%99%BA%E9%82%A6+Accton+%E6%9C%AC%E7%9B%8A%E6%AF%94%E5%8D%80%E9%96%93%E8%88%87%E7%9B%AE%E6%A8%99%E5%83%B9+%E5%8F%B0%E8%82%A1+AI+%E7%A7%91%E6%8A%80%E8%82%A1+%E8%B5%B0%E5%8B%A2+%E6%96%B0%E8%81%9E+%E6%B3%95%E4%BA%BA+2024+2025+2026&setlang=zh-tw&FORM=HDRSC6,direct fine-grained sample,public news-search index,1892
TW AI Technology Stock Trend-Earnings Valuation And Capital Flow,zh,#T#[TW AI Technology Stock Trend-Earnings Valuation And Capital Flow]/zh_036.txt,公開新聞索引：AI主題ETF｜本益比區間與目標價｜財報、估值與資金流向,bing.com,公開新聞搜尋索引,2024–2026 候選結果,2026-07-23,https://www.bing.com/news/search?q=AI%E4%B8%BB%E9%A1%8CETF+%E6%9C%AC%E7%9B%8A%E6%AF%94%E5%8D%80%E9%96%93%E8%88%87%E7%9B%AE%E6%A8%99%E5%83%B9+%E5%8F%B0%E8%82%A1+AI+%E7%A7%91%E6%8A%80%E8%82%A1+%E8%B5%B0%E5%8B%A2+%E6%96%B0%E8%81%9E+%E6%B3%95%E4%BA%BA+2024+2025+2026&setlang=zh-tw&FORM=HDRSC6,direct fine-grained sample,public news-search index,1884
TW AI Technology Stock Trend-Earnings Valuation And Capital Flow,zh,#T#[TW AI Technology Stock Trend-Earnings Valuation And Capital Flow]/zh_037.txt,公開新聞索引：外資現貨與期貨部位｜本益比區間與目標價｜財報、估值與資金流向,bing.com,公開新聞搜尋索引,2024–2026 候選結果,2026-07-23,https://www.bing.com/news/search?q=%E5%A4%96%E8%B3%87%E7%8F%BE%E8%B2%A8%E8%88%87%E6%9C%9F%E8%B2%A8%E9%83%A8%E4%BD%8D+%E6%9C%AC%E7%9B%8A%E6%AF%94%E5%8D%80%E9%96%93%E8%88%87%E7%9B%AE%E6%A8%99%E5%83%B9+%E5%8F%B0%E8%82%A1+AI+%E7%A7%91%E6%8A%80%E8%82%A1+%E8%B5%B0%E5%8B%A2+%E6%96%B0%E8%81%9E+%E6%B3%95%E4%BA%BA+2024+2025+2026&setlang=zh-tw&FORM=HDRSC6,direct fine-grained sample,public news-search index,1951
TW AI Technology Stock Trend-Earnings Valuation And Capital Flow,zh,#T#[TW AI Technology Stock Trend-Earnings Valuation And Capital Flow]/zh_038.txt,公開新聞索引：投信持股變化｜本益比區間與目標價｜財報、估值與資金流向,bing.com,公開新聞搜尋索引,2024–2026 候選結果,2026-07-23,https://www.bing.com/news/search?q=%E6%8A%95%E4%BF%A1%E6%8C%81%E8%82%A1%E8%AE%8A%E5%8C%96+%E6%9C%AC%E7%9B%8A%E6%AF%94%E5%8D%80%E9%96%93%E8%88%87%E7%9B%AE%E6%A8%99%E5%83%B9+%E5%8F%B0%E8%82%A1+AI+%E7%A7%91%E6%8A%80%E8%82%A1+%E8%B5%B0%E5%8B%A2+%E6%96%B0%E8%81%9E+%E6%B3%95%E4%BA%BA+2024+2025+2026&setlang=zh-tw&FORM=HDRSC6,direct fine-grained sample,public news-search index,1912
TW AI Technology Stock Trend-Earnings Valuation And Capital Flow,zh,#T#[TW AI Technology Stock Trend-Earnings Valuation And Capital Flow]/zh_039.txt,公開新聞索引：融資融券與借券｜本益比區間與目標價｜財報、估值與資金流向,bing.com,公開新聞搜尋索引,2024–2026 候選結果,2026-07-23,https://www.bing.com/news/search?q=%E8%9E%8D%E8%B3%87%E8%9E%8D%E5%88%B8%E8%88%87%E5%80%9F%E5%88%B8+%E6%9C%AC%E7%9B%8A%E6%AF%94%E5%8D%80%E9%96%93%E8%88%87%E7%9B%AE%E6%A8%99%E5%83%B9+%E5%8F%B0%E8%82%A1+AI+%E7%A7%91%E6%8A%80%E8%82%A1+%E8%B5%B0%E5%8B%A2+%E6%96%B0%E8%81%9E+%E6%B3%95%E4%BA%BA+2024+2025+2026&setlang=zh-tw&FORM=HDRSC6,direct fine-grained sample,public news-search index,1924
TW AI Technology Stock Trend-Earnings Valuation And Capital Flow,zh,#T#[TW AI Technology Stock Trend-Earnings Valuation And Capital Flow]/zh_040.txt,公開新聞索引：成交量與市場廣度｜本益比區間與目標價｜財報、估值與資金流向,bing.com,公開新聞搜尋索引,2024–2026 候選結果,2026-07-23,https://www.bing.com/news/search?q=%E6%88%90%E4%BA%A4%E9%87%8F%E8%88%87%E5%B8%82%E5%A0%B4%E5%BB%A3%E5%BA%A6+%E6%9C%AC%E7%9B%8A%E6%AF%94%E5%8D%80%E9%96%93%E8%88%87%E7%9B%AE%E6%A8%99%E5%83%B9+%E5%8F%B0%E8%82%A1+AI+%E7%A7%91%E6%8A%80%E8%82%A1+%E8%B5%B0%E5%8B%A2+%E6%96%B0%E8%81%9E+%E6%B3%95%E4%BA%BA+2024+2025+2026&setlang=zh-tw&FORM=HDRSC6,direct fine-grained sample,public news-search index,1934
TW AI Technology Stock Trend-Earnings Valuation And Capital Flow,zh,#T#[TW AI Technology Stock Trend-Earnings Valuation And Capital Flow]/zh_041.txt,公開新聞索引：台灣加權指數 TAIEX｜外資投信及ETF資金流｜財報、估值與資金流向,bing.com,公開新聞搜尋索引,2024–2026 候選結果,2026-07-23,https://www.bing.com/news/search?q=%E5%8F%B0%E7%81%A3%E5%8A%A0%E6%AC%8A%E6%8C%87%E6%95%B8+TAIEX+%E5%A4%96%E8%B3%87%E6%8A%95%E4%BF%A1%E5%8F%8AETF%E8%B3%87%E9%87%91%E6%B5%81+%E5%8F%B0%E8%82%A1+AI+%E7%A7%91%E6%8A%80%E8%82%A1+%E8%B5%B0%E5%8B%A2+%E6%96%B0%E8%81%9E+%E6%B3%95%E4%BA%BA+2024+2025+2026&setlang=zh-tw&FORM=HDRSC6,direct fine-grained sample,public news-search index,1931
TW AI Technology Stock Trend-Earnings Valuation And Capital Flow,zh,#T#[TW AI Technology Stock Trend-Earnings Valuation And Capital Flow]/zh_042.txt,公開新聞索引：電子類股指數｜外資投信及ETF資金流｜財報、估值與資金流向,bing.com,公開新聞搜尋索引,2024–2026 候選結果,2026-07-23,https://www.bing.com/news/search?q=%E9%9B%BB%E5%AD%90%E9%A1%9E%E8%82%A1%E6%8C%87%E6%95%B8+%E5%A4%96%E8%B3%87%E6%8A%95%E4%BF%A1%E5%8F%8AETF%E8%B3%87%E9%87%91%E6%B5%81+%E5%8F%B0%E8%82%A1+AI+%E7%A7%91%E6%8A%80%E8%82%A1+%E8%B5%B0%E5%8B%A2+%E6%96%B0%E8%81%9E+%E6%B3%95%E4%BA%BA+2024+2025+2026&setlang=zh-tw&FORM=HDRSC6,direct fine-grained sample,public news-search index,1908
TW AI Technology Stock Trend-Earnings Valuation And Capital Flow,zh,#T#[TW AI Technology Stock Trend-Earnings Valuation And Capital Flow]/zh_043.txt,公開新聞索引：半導體類股指數｜外資投信及ETF資金流｜財報、估值與資金流向,bing.com,公開新聞搜尋索引,2024–2026 候選結果,2026-07-23,https://www.bing.com/news/search?q=%E5%8D%8A%E5%B0%8E%E9%AB%94%E9%A1%9E%E8%82%A1%E6%8C%87%E6%95%B8+%E5%A4%96%E8%B3%87%E6%8A%95%E4%BF%A1%E5%8F%8AETF%E8%B3%87%E9%87%91%E6%B5%81+%E5%8F%B0%E8%82%A1+AI+%E7%A7%91%E6%8A%80%E8%82%A1+%E8%B5%B0%E5%8B%A2+%E6%96%B0%E8%81%9E+%E6%B3%95%E4%BA%BA+2024+2025+2026&setlang=zh-tw&FORM=HDRSC6,direct fine-grained sample,public news-search index,1922
TW AI Technology Stock Trend-Earnings Valuation And Capital Flow,zh,#T#[TW AI Technology Stock Trend-Earnings Valuation And Capital Flow]/zh_044.txt,公開新聞索引：台灣AI供應鏈籃子｜外資投信及ETF資金流｜財報、估值與資金流向,bing.com,公開新聞搜尋索引,2024–2026 候選結果,2026-07-23,https://www.bing.com/news/search?q=%E5%8F%B0%E7%81%A3AI%E4%BE%9B%E6%87%89%E9%8F%88%E7%B1%83%E5%AD%90+%E5%A4%96%E8%B3%87%E6%8A%95%E4%BF%A1%E5%8F%8AETF%E8%B3%87%E9%87%91%E6%B5%81+%E5%8F%B0%E8%82%A1+AI+%E7%A7%91%E6%8A%80%E8%82%A1+%E8%B5%B0%E5%8B%A2+%E6%96%B0%E8%81%9E+%E6%B3%95%E4%BA%BA+2024+2025+2026&setlang=zh-tw&FORM=HDRSC6,direct fine-grained sample,public news-search index,1929
TW AI Technology Stock Trend-Earnings Valuation And Capital Flow,zh,#T#[TW AI Technology Stock Trend-Earnings Valuation And Capital Flow]/zh_045.txt,公開新聞索引：台積電 TSMC｜外資投信及ETF資金流｜財報、估值與資金流向,bing.com,公開新聞搜尋索引,2024–2026 候選結果,2026-07-23,https://www.bing.com/news/search?q=%E5%8F%B0%E7%A9%8D%E9%9B%BB+TSMC+%E5%A4%96%E8%B3%87%E6%8A%95%E4%BF%A1%E5%8F%8AETF%E8%B3%87%E9%87%91%E6%B5%81+%E5%8F%B0%E8%82%A1+AI+%E7%A7%91%E6%8A%80%E8%82%A1+%E8%B5%B0%E5%8B%A2+%E6%96%B0%E8%81%9E+%E6%B3%95%E4%BA%BA+2024+2025+2026&setlang=zh-tw&FORM=HDRSC6,direct fine-grained sample,public news-search index,1896
TW AI Technology Stock Trend-Earnings Valuation And Capital Flow,zh,#T#[TW AI Technology Stock Trend-Earnings Valuation And Capital Flow]/zh_046.txt,公開新聞索引：鴻海 Hon Hai｜外資投信及ETF資金流｜財報、估值與資金流向,bing.com,公開新聞搜尋索引,2024–2026 候選結果,2026-07-23,https://www.bing.com/news/search?q=%E9%B4%BB%E6%B5%B7+Hon+Hai+%E5%A4%96%E8%B3%87%E6%8A%95%E4%BF%A1%E5%8F%8AETF%E8%B3%87%E9%87%91%E6%B5%81+%E5%8F%B0%E8%82%A1+AI+%E7%A7%91%E6%8A%80%E8%82%A1+%E8%B5%B0%E5%8B%A2+%E6%96%B0%E8%81%9E+%E6%B3%95%E4%BA%BA+2024+2025+2026&setlang=zh-tw&FORM=HDRSC6,direct fine-grained sample,public news-search index,1896
TW AI Technology Stock Trend-Earnings Valuation And Capital Flow,zh,#T#[TW AI Technology Stock Trend-Earnings Valuation And Capital Flow]/zh_047.txt,公開新聞索引：廣達 Quanta｜外資投信及ETF資金流｜財報、估值與資金流向,bing.com,公開新聞搜尋索引,2024–2026 候選結果,2026-07-23,https://www.bing.com/news/search?q=%E5%BB%A3%E9%81%94+Quanta+%E5%A4%96%E8%B3%87%E6%8A%95%E4%BF%A1%E5%8F%8AETF%E8%B3%87%E9%87%91%E6%B5%81+%E5%8F%B0%E8%82%A1+AI+%E7%A7%91%E6%8A%80%E8%82%A1+%E8%B5%B0%E5%8B%A2+%E6%96%B0%E8%81%9E+%E6%B3%95%E4%BA%BA+2024+2025+2026&setlang=zh-tw&FORM=HDRSC6,direct fine-grained sample,public news-search index,1895
TW AI Technology Stock Trend-Earnings Valuation And Capital Flow,zh,#T#[TW AI Technology Stock Trend-Earnings Valuation And Capital Flow]/zh_048.txt,公開新聞索引：緯創 Wistron｜外資投信及ETF資金流｜財報、估值與資金流向,bing.com,公開新聞搜尋索引,2024–2026 候選結果,2026-07-23,https://www.bing.com/news/search?q=%E7%B7%AF%E5%89%B5+Wistron+%E5%A4%96%E8%B3%87%E6%8A%95%E4%BF%A1%E5%8F%8AETF%E8%B3%87%E9%87%91%E6%B5%81+%E5%8F%B0%E8%82%A1+AI+%E7%A7%91%E6%8A%80%E8%82%A1+%E8%B5%B0%E5%8B%A2+%E6%96%B0%E8%81%9E+%E6%B3%95%E4%BA%BA+2024+2025+2026&setlang=zh-tw&FORM=HDRSC6,direct fine-grained sample,public news-search index,1896
TW AI Technology Stock Trend-Earnings Valuation And Capital Flow,zh,#T#[TW AI Technology Stock Trend-Earnings Valuation And Capital Flow]/zh_049.txt,公開新聞索引：緯穎 Wiwynn｜外資投信及ETF資金流｜財報、估值與資金流向,bing.com,公開新聞搜尋索引,2024–2026 候選結果,2026-07-23,https://www.bing.com/news/search?q=%E7%B7%AF%E7%A9%8E+Wiwynn+%E5%A4%96%E8%B3%87%E6%8A%95%E4%BF%A1%E5%8F%8AETF%E8%B3%87%E9%87%91%E6%B5%81+%E5%8F%B0%E8%82%A1+AI+%E7%A7%91%E6%8A%80%E8%82%A1+%E8%B5%B0%E5%8B%A2+%E6%96%B0%E8%81%9E+%E6%B3%95%E4%BA%BA+2024+2025+2026&setlang=zh-tw&FORM=HDRSC6,direct fine-grained sample,public news-search index,1892
TW AI Technology Stock Trend-Earnings Valuation And Capital Flow,zh,#T#[TW AI Technology Stock Trend-Earnings Valuation And Capital Flow]/zh_050.txt,公開新聞索引：台達電 Delta Electronics｜外資投信及ETF資金流｜財報、估值與資金流向,bing.com,公開新聞搜尋索引,2024–2026 候選結果,2026-07-23,https://www.bing.com/news/search?q=%E5%8F%B0%E9%81%94%E9%9B%BB+Delta+Electronics+%E5%A4%96%E8%B3%87%E6%8A%95%E4%BF%A1%E5%8F%8AETF%E8%B3%87%E9%87%91%E6%B5%81+%E5%8F%B0%E8%82%A1+AI+%E7%A7%91%E6%8A%80%E8%82%A1+%E8%B5%B0%E5%8B%A2+%E6%96%B0%E8%81%9E+%E6%B3%95%E4%BA%BA+2024+2025+2026&setlang=zh-tw&FORM=HDRSC6,direct fine-grained sample,public news-search index,1946
TW AI Technology Stock Trend-Earnings Valuation And Capital Flow,zh,#T#[TW AI Technology Stock Trend-Earnings Valuation And Capital Flow]/zh_051.txt,公開新聞索引：聯發科 MediaTek｜外資投信及ETF資金流｜財報、估值與資金流向,bing.com,公開新聞搜尋索引,2024–2026 候選結果,2026-07-23,https://www.bing.com/news/search?q=%E8%81%AF%E7%99%BC%E7%A7%91+MediaTek+%E5%A4%96%E8%B3%87%E6%8A%95%E4%BF%A1%E5%8F%8AETF%E8%B3%87%E9%87%91%E6%B5%81+%E5%8F%B0%E8%82%A1+AI+%E7%A7%91%E6%8A%80%E8%82%A1+%E8%B5%B0%E5%8B%A2+%E6%96%B0%E8%81%9E+%E6%B3%95%E4%BA%BA+2024+2025+2026&setlang=zh-tw&FORM=HDRSC6,direct fine-grained sample,public news-search index,1907
TW AI Technology Stock Trend-Earnings Valuation And Capital Flow,zh,#T#[TW AI Technology Stock Trend-Earnings Valuation And Capital Flow]/zh_052.txt,公開新聞索引：日月光投控 ASE Technology｜外資投信及ETF資金流｜財報、估值與資金流向,bing.com,公開新聞搜尋索引,2024–2026 候選結果,2026-07-23,https://www.bing.com/news/search?q=%E6%97%A5%E6%9C%88%E5%85%89%E6%8A%95%E6%8E%A7+ASE+Technology+%E5%A4%96%E8%B3%87%E6%8A%95%E4%BF%A1%E5%8F%8AETF%E8%B3%87%E9%87%91%E6%B5%81+%E5%8F%B0%E8%82%A1+AI+%E7%A7%91%E6%8A%80%E8%82%A1+%E8%B5%B0%E5%8B%A2+%E6%96%B0%E8%81%9E+%E6%B3%95%E4%BA%BA+2024+2025+2026&setlang=zh-tw&FORM=HDRSC6,direct fine-grained sample,public news-search index,1956
TW AI Technology Stock Trend-Earnings Valuation And Capital Flow,zh,#T#[TW AI Technology Stock Trend-Earnings Valuation And Capital Flow]/zh_053.txt,公開新聞索引：台光電 Elite Material｜外資投信及ETF資金流｜財報、估值與資金流向,bing.com,公開新聞搜尋索引,2024–2026 候選結果,2026-07-23,https://www.bing.com/news/search?q=%E5%8F%B0%E5%85%89%E9%9B%BB+Elite+Material+%E5%A4%96%E8%B3%87%E6%8A%95%E4%BF%A1%E5%8F%8AETF%E8%B3%87%E9%87%91%E6%B5%81+%E5%8F%B0%E8%82%A1+AI+%E7%A7%91%E6%8A%80%E8%82%A1+%E8%B5%B0%E5%8B%A2+%E6%96%B0%E8%81%9E+%E6%B3%95%E4%BA%BA+2024+2025+2026&setlang=zh-tw&FORM=HDRSC6,direct fine-grained sample,public news-search index,1934
TW AI Technology Stock Trend-Earnings Valuation And Capital Flow,zh,#T#[TW AI Technology Stock Trend-Earnings Valuation And Capital Flow]/zh_054.txt,公開新聞索引：奇鋐 Asia Vital Components｜外資投信及ETF資金流｜財報、估值與資金流向,bing.com,公開新聞搜尋索引,2024–2026 候選結果,2026-07-23,https://www.bing.com/news/search?q=%E5%A5%87%E9%8B%90+Asia+Vital+Components+%E5%A4%96%E8%B3%87%E6%8A%95%E4%BF%A1%E5%8F%8AETF%E8%B3%87%E9%87%91%E6%B5%81+%E5%8F%B0%E8%82%A1+AI+%E7%A7%91%E6%8A%80%E8%82%A1+%E8%B5%B0%E5%8B%A2+%E6%96%B0%E8%81%9E+%E6%B3%95%E4%BA%BA+2024+2025+2026&setlang=zh-tw&FORM=HDRSC6,direct fine-grained sample,public news-search index,1949
TW AI Technology Stock Trend-Earnings Valuation And Capital Flow,zh,#T#[TW AI Technology Stock Trend-Earnings Valuation And Capital Flow]/zh_055.txt,公開新聞索引：智邦 Accton｜外資投信及ETF資金流｜財報、估值與資金流向,bing.com,公開新聞搜尋索引,2024–2026 候選結果,2026-07-23,https://www.bing.com/news/search?q=%E6%99%BA%E9%82%A6+Accton+%E5%A4%96%E8%B3%87%E6%8A%95%E4%BF%A1%E5%8F%8AETF%E8%B3%87%E9%87%91%E6%B5%81+%E5%8F%B0%E8%82%A1+AI+%E7%A7%91%E6%8A%80%E8%82%A1+%E8%B5%B0%E5%8B%A2+%E6%96%B0%E8%81%9E+%E6%B3%95%E4%BA%BA+2024+2025+2026&setlang=zh-tw&FORM=HDRSC6,direct fine-grained sample,public news-search index,1892
TW AI Technology Stock Trend-Earnings Valuation And Capital Flow,zh,#T#[TW AI Technology Stock Trend-Earnings Valuation And Capital Flow]/zh_056.txt,公開新聞索引：AI主題ETF｜外資投信及ETF資金流｜財報、估值與資金流向,bing.com,公開新聞搜尋索引,2024–2026 候選結果,2026-07-23,https://www.bing.com/news/search?q=AI%E4%B8%BB%E9%A1%8CETF+%E5%A4%96%E8%B3%87%E6%8A%95%E4%BF%A1%E5%8F%8AETF%E8%B3%87%E9%87%91%E6%B5%81+%E5%8F%B0%E8%82%A1+AI+%E7%A7%91%E6%8A%80%E8%82%A1+%E8%B5%B0%E5%8B%A2+%E6%96%B0%E8%81%9E+%E6%B3%95%E4%BA%BA+2024+2025+2026&setlang=zh-tw&FORM=HDRSC6,direct fine-grained sample,public news-search index,1884
TW AI Technology Stock Trend-Earnings Valuation And Capital Flow,zh,#T#[TW AI Technology Stock Trend-Earnings Valuation And Capital Flow]/zh_057.txt,公開新聞索引：外資現貨與期貨部位｜外資投信及ETF資金流｜財報、估值與資金流向,bing.com,公開新聞搜尋索引,2024–2026 候選結果,2026-07-23,https://www.bing.com/news/search?q=%E5%A4%96%E8%B3%87%E7%8F%BE%E8%B2%A8%E8%88%87%E6%9C%9F%E8%B2%A8%E9%83%A8%E4%BD%8D+%E5%A4%96%E8%B3%87%E6%8A%95%E4%BF%A1%E5%8F%8AETF%E8%B3%87%E9%87%91%E6%B5%81+%E5%8F%B0%E8%82%A1+AI+%E7%A7%91%E6%8A%80%E8%82%A1+%E8%B5%B0%E5%8B%A2+%E6%96%B0%E8%81%9E+%E6%B3%95%E4%BA%BA+2024+2025+2026&setlang=zh-tw&FORM=HDRSC6,direct fine-grained sample,public news-search index,1951
TW AI Technology Stock Trend-Earnings Valuation And Capital Flow,zh,#T#[TW AI Technology Stock Trend-Earnings Valuation And Capital Flow]/zh_058.txt,公開新聞索引：投信持股變化｜外資投信及ETF資金流｜財報、估值與資金流向,bing.com,公開新聞搜尋索引,2024–2026 候選結果,2026-07-23,https://www.bing.com/news/search?q=%E6%8A%95%E4%BF%A1%E6%8C%81%E8%82%A1%E8%AE%8A%E5%8C%96+%E5%A4%96%E8%B3%87%E6%8A%95%E4%BF%A1%E5%8F%8AETF%E8%B3%87%E9%87%91%E6%B5%81+%E5%8F%B0%E8%82%A1+AI+%E7%A7%91%E6%8A%80%E8%82%A1+%E8%B5%B0%E5%8B%A2+%E6%96%B0%E8%81%9E+%E6%B3%95%E4%BA%BA+2024+2025+2026&setlang=zh-tw&FORM=HDRSC6,direct fine-grained sample,public news-search index,1912
TW AI Technology Stock Trend-Earnings Valuation And Capital Flow,zh,#T#[TW AI Technology Stock Trend-Earnings Valuation And Capital Flow]/zh_059.txt,公開新聞索引：融資融券與借券｜外資投信及ETF資金流｜財報、估值與資金流向,bing.com,公開新聞搜尋索引,2024–2026 候選結果,2026-07-23,https://www.bing.com/news/search?q=%E8%9E%8D%E8%B3%87%E8%9E%8D%E5%88%B8%E8%88%87%E5%80%9F%E5%88%B8+%E5%A4%96%E8%B3%87%E6%8A%95%E4%BF%A1%E5%8F%8AETF%E8%B3%87%E9%87%91%E6%B5%81+%E5%8F%B0%E8%82%A1+AI+%E7%A7%91%E6%8A%80%E8%82%A1+%E8%B5%B0%E5%8B%A2+%E6%96%B0%E8%81%9E+%E6%B3%95%E4%BA%BA+2024+2025+2026&setlang=zh-tw&FORM=HDRSC6,direct fine-grained sample,public news-search index,1924
TW AI Technology Stock Trend-Earnings Valuation And Capital Flow,zh,#T#[TW AI Technology Stock Trend-Earnings Valuation And Capital Flow]/zh_060.txt,公開新聞索引：成交量與市場廣度｜外資投信及ETF資金流｜財報、估值與資金流向,bing.com,公開新聞搜尋索引,2024–2026 候選結果,2026-07-23,https://www.bing.com/news/search?q=%E6%88%90%E4%BA%A4%E9%87%8F%E8%88%87%E5%B8%82%E5%A0%B4%E5%BB%A3%E5%BA%A6+%E5%A4%96%E8%B3%87%E6%8A%95%E4%BF%A1%E5%8F%8AETF%E8%B3%87%E9%87%91%E6%B5%81+%E5%8F%B0%E8%82%A1+AI+%E7%A7%91%E6%8A%80%E8%82%A1+%E8%B5%B0%E5%8B%A2+%E6%96%B0%E8%81%9E+%E6%B3%95%E4%BA%BA+2024+2025+2026&setlang=zh-tw&FORM=HDRSC6,direct fine-grained sample,public news-search index,1934
TW AI Technology Stock Trend-Earnings Valuation And Capital Flow,zh,#T#[TW AI Technology Stock Trend-Earnings Valuation And Capital Flow]/zh_061.txt,公開新聞索引：台灣加權指數 TAIEX｜利率匯率與地緣政治風險｜財報、估值與資金流向,bing.com,公開新聞搜尋索引,2024–2026 候選結果,2026-07-23,https://www.bing.com/news/search?q=%E5%8F%B0%E7%81%A3%E5%8A%A0%E6%AC%8A%E6%8C%87%E6%95%B8+TAIEX+%E5%88%A9%E7%8E%87%E5%8C%AF%E7%8E%87%E8%88%87%E5%9C%B0%E7%B7%A3%E6%94%BF%E6%B2%BB%E9%A2%A8%E9%9A%AA+%E5%8F%B0%E8%82%A1+AI+%E7%A7%91%E6%8A%80%E8%82%A1+%E8%B5%B0%E5%8B%A2+%E6%96%B0%E8%81%9E+%E6%B3%95%E4%BA%BA+2024+2025+2026&setlang=zh-tw&FORM=HDRSC6,direct fine-grained sample,public news-search index,1955
TW AI Technology Stock Trend-Earnings Valuation And Capital Flow,zh,#T#[TW AI Technology Stock Trend-Earnings Valuation And Capital Flow]/zh_062.txt,公開新聞索引：電子類股指數｜利率匯率與地緣政治風險｜財報、估值與資金流向,bing.com,公開新聞搜尋索引,2024–2026 候選結果,2026-07-23,https://www.bing.com/news/search?q=%E9%9B%BB%E5%AD%90%E9%A1%9E%E8%82%A1%E6%8C%87%E6%95%B8+%E5%88%A9%E7%8E%87%E5%8C%AF%E7%8E%87%E8%88%87%E5%9C%B0%E7%B7%A3%E6%94%BF%E6%B2%BB%E9%A2%A8%E9%9A%AA+%E5%8F%B0%E8%82%A1+AI+%E7%A7%91%E6%8A%80%E8%82%A1+%E8%B5%B0%E5%8B%A2+%E6%96%B0%E8%81%9E+%E6%B3%95%E4%BA%BA+2024+2025+2026&setlang=zh-tw&FORM=HDRSC6,direct fine-grained sample,public news-search index,1932
TW AI Technology Stock Trend-Earnings Valuation And Capital Flow,zh,#T#[TW AI Technology Stock Trend-Earnings Valuation And Capital Flow]/zh_063.txt,公開新聞索引：半導體類股指數｜利率匯率與地緣政治風險｜財報、估值與資金流向,bing.com,公開新聞搜尋索引,2024–2026 候選結果,2026-07-23,https://www.bing.com/news/search?q=%E5%8D%8A%E5%B0%8E%E9%AB%94%E9%A1%9E%E8%82%A1%E6%8C%87%E6%95%B8+%E5%88%A9%E7%8E%87%E5%8C%AF%E7%8E%87%E8%88%87%E5%9C%B0%E7%B7%A3%E6%94%BF%E6%B2%BB%E9%A2%A8%E9%9A%AA+%E5%8F%B0%E8%82%A1+AI+%E7%A7%91%E6%8A%80%E8%82%A1+%E8%B5%B0%E5%8B%A2+%E6%96%B0%E8%81%9E+%E6%B3%95%E4%BA%BA+2024+2025+2026&setlang=zh-tw&FORM=HDRSC6,direct fine-grained sample,public news-search index,1946
TW AI Technology Stock Trend-Earnings Valuation And Capital Flow,zh,#T#[TW AI Technology Stock Trend-Earnings Valuation And Capital Flow]/zh_064.txt,公開新聞索引：台灣AI供應鏈籃子｜利率匯率與地緣政治風險｜財報、估值與資金流向,bing.com,公開新聞搜尋索引,2024–2026 候選結果,2026-07-23,https://www.bing.com/news/search?q=%E5%8F%B0%E7%81%A3AI%E4%BE%9B%E6%87%89%E9%8F%88%E7%B1%83%E5%AD%90+%E5%88%A9%E7%8E%87%E5%8C%AF%E7%8E%87%E8%88%87%E5%9C%B0%E7%B7%A3%E6%94%BF%E6%B2%BB%E9%A2%A8%E9%9A%AA+%E5%8F%B0%E8%82%A1+AI+%E7%A7%91%E6%8A%80%E8%82%A1+%E8%B5%B0%E5%8B%A2+%E6%96%B0%E8%81%9E+%E6%B3%95%E4%BA%BA+2024+2025+2026&setlang=zh-tw&FORM=HDRSC6,direct fine-grained sample,public news-search index,1953
TW AI Technology Stock Trend-Earnings Valuation And Capital Flow,zh,#T#[TW AI Technology Stock Trend-Earnings Valuation And Capital Flow]/zh_065.txt,公開新聞索引：台積電 TSMC｜利率匯率與地緣政治風險｜財報、估值與資金流向,bing.com,公開新聞搜尋索引,2024–2026 候選結果,2026-07-23,https://www.bing.com/news/search?q=%E5%8F%B0%E7%A9%8D%E9%9B%BB+TSMC+%E5%88%A9%E7%8E%87%E5%8C%AF%E7%8E%87%E8%88%87%E5%9C%B0%E7%B7%A3%E6%94%BF%E6%B2%BB%E9%A2%A8%E9%9A%AA+%E5%8F%B0%E8%82%A1+AI+%E7%A7%91%E6%8A%80%E8%82%A1+%E8%B5%B0%E5%8B%A2+%E6%96%B0%E8%81%9E+%E6%B3%95%E4%BA%BA+2024+2025+2026&setlang=zh-tw&FORM=HDRSC6,direct fine-grained sample,public news-search index,1920
TW AI Technology Stock Trend-Earnings Valuation And Capital Flow,zh,#T#[TW AI Technology Stock Trend-Earnings Valuation And Capital Flow]/zh_066.txt,公開新聞索引：鴻海 Hon Hai｜利率匯率與地緣政治風險｜財報、估值與資金流向,bing.com,公開新聞搜尋索引,2024–2026 候選結果,2026-07-23,https://www.bing.com/news/search?q=%E9%B4%BB%E6%B5%B7+Hon+Hai+%E5%88%A9%E7%8E%87%E5%8C%AF%E7%8E%87%E8%88%87%E5%9C%B0%E7%B7%A3%E6%94%BF%E6%B2%BB%E9%A2%A8%E9%9A%AA+%E5%8F%B0%E8%82%A1+AI+%E7%A7%91%E6%8A%80%E8%82%A1+%E8%B5%B0%E5%8B%A2+%E6%96%B0%E8%81%9E+%E6%B3%95%E4%BA%BA+2024+2025+2026&setlang=zh-tw&FORM=HDRSC6,direct fine-grained sample,public news-search index,1920
TW AI Technology Stock Trend-Earnings Valuation And Capital Flow,zh,#T#[TW AI Technology Stock Trend-Earnings Valuation And Capital Flow]/zh_067.txt,公開新聞索引：廣達 Quanta｜利率匯率與地緣政治風險｜財報、估值與資金流向,bing.com,公開新聞搜尋索引,2024–2026 候選結果,2026-07-23,https://www.bing.com/news/search?q=%E5%BB%A3%E9%81%94+Quanta+%E5%88%A9%E7%8E%87%E5%8C%AF%E7%8E%87%E8%88%87%E5%9C%B0%E7%B7%A3%E6%94%BF%E6%B2%BB%E9%A2%A8%E9%9A%AA+%E5%8F%B0%E8%82%A1+AI+%E7%A7%91%E6%8A%80%E8%82%A1+%E8%B5%B0%E5%8B%A2+%E6%96%B0%E8%81%9E+%E6%B3%95%E4%BA%BA+2024+2025+2026&setlang=zh-tw&FORM=HDRSC6,direct fine-grained sample,public news-search index,1919
TW AI Technology Stock Trend-Earnings Valuation And Capital Flow,zh,#T#[TW AI Technology Stock Trend-Earnings Valuation And Capital Flow]/zh_068.txt,公開新聞索引：緯創 Wistron｜利率匯率與地緣政治風險｜財報、估值與資金流向,bing.com,公開新聞搜尋索引,2024–2026 候選結果,2026-07-23,https://www.bing.com/news/search?q=%E7%B7%AF%E5%89%B5+Wistron+%E5%88%A9%E7%8E%87%E5%8C%AF%E7%8E%87%E8%88%87%E5%9C%B0%E7%B7%A3%E6%94%BF%E6%B2%BB%E9%A2%A8%E9%9A%AA+%E5%8F%B0%E8%82%A1+AI+%E7%A7%91%E6%8A%80%E8%82%A1+%E8%B5%B0%E5%8B%A2+%E6%96%B0%E8%81%9E+%E6%B3%95%E4%BA%BA+2024+2025+2026&setlang=zh-tw&FORM=HDRSC6,direct fine-grained sample,public news-search index,1920
TW AI Technology Stock Trend-Earnings Valuation And Capital Flow,zh,#T#[TW AI Technology Stock Trend-Earnings Valuation And Capital Flow]/zh_069.txt,公開新聞索引：緯穎 Wiwynn｜利率匯率與地緣政治風險｜財報、估值與資金流向,bing.com,公開新聞搜尋索引,2024–2026 候選結果,2026-07-23,https://www.bing.com/news/search?q=%E7%B7%AF%E7%A9%8E+Wiwynn+%E5%88%A9%E7%8E%87%E5%8C%AF%E7%8E%87%E8%88%87%E5%9C%B0%E7%B7%A3%E6%94%BF%E6%B2%BB%E9%A2%A8%E9%9A%AA+%E5%8F%B0%E8%82%A1+AI+%E7%A7%91%E6%8A%80%E8%82%A1+%E8%B5%B0%E5%8B%A2+%E6%96%B0%E8%81%9E+%E6%B3%95%E4%BA%BA+2024+2025+2026&setlang=zh-tw&FORM=HDRSC6,direct fine-grained sample,public news-search index,1916
TW AI Technology Stock Trend-Earnings Valuation And Capital Flow,zh,#T#[TW AI Technology Stock Trend-Earnings Valuation And Capital Flow]/zh_070.txt,公開新聞索引：台達電 Delta Electronics｜利率匯率與地緣政治風險｜財報、估值與資金流向,bing.com,公開新聞搜尋索引,2024–2026 候選結果,2026-07-23,https://www.bing.com/news/search?q=%E5%8F%B0%E9%81%94%E9%9B%BB+Delta+Electronics+%E5%88%A9%E7%8E%87%E5%8C%AF%E7%8E%87%E8%88%87%E5%9C%B0%E7%B7%A3%E6%94%BF%E6%B2%BB%E9%A2%A8%E9%9A%AA+%E5%8F%B0%E8%82%A1+AI+%E7%A7%91%E6%8A%80%E8%82%A1+%E8%B5%B0%E5%8B%A2+%E6%96%B0%E8%81%9E+%E6%B3%95%E4%BA%BA+2024+2025+2026&setlang=zh-tw&FORM=HDRSC6,direct fine-grained sample,public news-search index,1970
TW AI Technology Stock Trend-Earnings Valuation And Capital Flow,zh,#T#[TW AI Technology Stock Trend-Earnings Valuation And Capital Flow]/zh_071.txt,公開新聞索引：聯發科 MediaTek｜利率匯率與地緣政治風險｜財報、估值與資金流向,bing.com,公開新聞搜尋索引,2024–2026 候選結果,2026-07-23,https://www.bing.com/news/search?q=%E8%81%AF%E7%99%BC%E7%A7%91+MediaTek+%E5%88%A9%E7%8E%87%E5%8C%AF%E7%8E%87%E8%88%87%E5%9C%B0%E7%B7%A3%E6%94%BF%E6%B2%BB%E9%A2%A8%E9%9A%AA+%E5%8F%B0%E8%82%A1+AI+%E7%A7%91%E6%8A%80%E8%82%A1+%E8%B5%B0%E5%8B%A2+%E6%96%B0%E8%81%9E+%E6%B3%95%E4%BA%BA+2024+2025+2026&setlang=zh-tw&FORM=HDRSC6,direct fine-grained sample,public news-search index,1931
TW AI Technology Stock Trend-Earnings Valuation And Capital Flow,zh,#T#[TW AI Technology Stock Trend-Earnings Valuation And Capital Flow]/zh_072.txt,公開新聞索引：日月光投控 ASE Technology｜利率匯率與地緣政治風險｜財報、估值與資金流向,bing.com,公開新聞搜尋索引,2024–2026 候選結果,2026-07-23,https://www.bing.com/news/search?q=%E6%97%A5%E6%9C%88%E5%85%89%E6%8A%95%E6%8E%A7+ASE+Technology+%E5%88%A9%E7%8E%87%E5%8C%AF%E7%8E%87%E8%88%87%E5%9C%B0%E7%B7%A3%E6%94%BF%E6%B2%BB%E9%A2%A8%E9%9A%AA+%E5%8F%B0%E8%82%A1+AI+%E7%A7%91%E6%8A%80%E8%82%A1+%E8%B5%B0%E5%8B%A2+%E6%96%B0%E8%81%9E+%E6%B3%95%E4%BA%BA+2024+2025+2026&setlang=zh-tw&FORM=HDRSC6,direct fine-grained sample,public news-search index,1980
TW AI Technology Stock Trend-Earnings Valuation And Capital Flow,zh,#T#[TW AI Technology Stock Trend-Earnings Valuation And Capital Flow]/zh_073.txt,公開新聞索引：台光電 Elite Material｜利率匯率與地緣政治風險｜財報、估值與資金流向,bing.com,公開新聞搜尋索引,2024–2026 候選結果,2026-07-23,https://www.bing.com/news/search?q=%E5%8F%B0%E5%85%89%E9%9B%BB+Elite+Material+%E5%88%A9%E7%8E%87%E5%8C%AF%E7%8E%87%E8%88%87%E5%9C%B0%E7%B7%A3%E6%94%BF%E6%B2%BB%E9%A2%A8%E9%9A%AA+%E5%8F%B0%E8%82%A1+AI+%E7%A7%91%E6%8A%80%E8%82%A1+%E8%B5%B0%E5%8B%A2+%E6%96%B0%E8%81%9E+%E6%B3%95%E4%BA%BA+2024+2025+2026&setlang=zh-tw&FORM=HDRSC6,direct fine-grained sample,public news-search index,1958
TW AI Technology Stock Trend-Earnings Valuation And Capital Flow,zh,#T#[TW AI Technology Stock Trend-Earnings Valuation And Capital Flow]/zh_074.txt,公開新聞索引：奇鋐 Asia Vital Components｜利率匯率與地緣政治風險｜財報、估值與資金流向,bing.com,公開新聞搜尋索引,2024–2026 候選結果,2026-07-23,https://www.bing.com/news/search?q=%E5%A5%87%E9%8B%90+Asia+Vital+Components+%E5%88%A9%E7%8E%87%E5%8C%AF%E7%8E%87%E8%88%87%E5%9C%B0%E7%B7%A3%E6%94%BF%E6%B2%BB%E9%A2%A8%E9%9A%AA+%E5%8F%B0%E8%82%A1+AI+%E7%A7%91%E6%8A%80%E8%82%A1+%E8%B5%B0%E5%8B%A2+%E6%96%B0%E8%81%9E+%E6%B3%95%E4%BA%BA+2024+2025+2026&setlang=zh-tw&FORM=HDRSC6,direct fine-grained sample,public news-search index,1973
TW AI Technology Stock Trend-Earnings Valuation And Capital Flow,zh,#T#[TW AI Technology Stock Trend-Earnings Valuation And Capital Flow]/zh_075.txt,公開新聞索引：智邦 Accton｜利率匯率與地緣政治風險｜財報、估值與資金流向,bing.com,公開新聞搜尋索引,2024–2026 候選結果,2026-07-23,https://www.bing.com/news/search?q=%E6%99%BA%E9%82%A6+Accton+%E5%88%A9%E7%8E%87%E5%8C%AF%E7%8E%87%E8%88%87%E5%9C%B0%E7%B7%A3%E6%94%BF%E6%B2%BB%E9%A2%A8%E9%9A%AA+%E5%8F%B0%E8%82%A1+AI+%E7%A7%91%E6%8A%80%E8%82%A1+%E8%B5%B0%E5%8B%A2+%E6%96%B0%E8%81%9E+%E6%B3%95%E4%BA%BA+2024+2025+2026&setlang=zh-tw&FORM=HDRSC6,direct fine-grained sample,public news-search index,1916
TW AI Technology Stock Trend-Earnings Valuation And Capital Flow,zh,#T#[TW AI Technology Stock Trend-Earnings Valuation And Capital Flow]/zh_076.txt,公開新聞索引：AI主題ETF｜利率匯率與地緣政治風險｜財報、估值與資金流向,bing.com,公開新聞搜尋索引,2024–2026 候選結果,2026-07-23,https://www.bing.com/news/search?q=AI%E4%B8%BB%E9%A1%8CETF+%E5%88%A9%E7%8E%87%E5%8C%AF%E7%8E%87%E8%88%87%E5%9C%B0%E7%B7%A3%E6%94%BF%E6%B2%BB%E9%A2%A8%E9%9A%AA+%E5%8F%B0%E8%82%A1+AI+%E7%A7%91%E6%8A%80%E8%82%A1+%E8%B5%B0%E5%8B%A2+%E6%96%B0%E8%81%9E+%E6%B3%95%E4%BA%BA+2024+2025+2026&setlang=zh-tw&FORM=HDRSC6,direct fine-grained sample,public news-search index,1908
TW AI Technology Stock Trend-Earnings Valuation And Capital Flow,zh,#T#[TW AI Technology Stock Trend-Earnings Valuation And Capital Flow]/zh_077.txt,公開新聞索引：外資現貨與期貨部位｜利率匯率與地緣政治風險｜財報、估值與資金流向,bing.com,公開新聞搜尋索引,2024–2026 候選結果,2026-07-23,https://www.bing.com/news/search?q=%E5%A4%96%E8%B3%87%E7%8F%BE%E8%B2%A8%E8%88%87%E6%9C%9F%E8%B2%A8%E9%83%A8%E4%BD%8D+%E5%88%A9%E7%8E%87%E5%8C%AF%E7%8E%87%E8%88%87%E5%9C%B0%E7%B7%A3%E6%94%BF%E6%B2%BB%E9%A2%A8%E9%9A%AA+%E5%8F%B0%E8%82%A1+AI+%E7%A7%91%E6%8A%80%E8%82%A1+%E8%B5%B0%E5%8B%A2+%E6%96%B0%E8%81%9E+%E6%B3%95%E4%BA%BA+2024+2025+2026&setlang=zh-tw&FORM=HDRSC6,direct fine-grained sample,public news-search index,1975
TW AI Technology Stock Trend-Earnings Valuation And Capital Flow,zh,#T#[TW AI Technology Stock Trend-Earnings Valuation And Capital Flow]/zh_078.txt,公開新聞索引：投信持股變化｜利率匯率與地緣政治風險｜財報、估值與資金流向,bing.com,公開新聞搜尋索引,2024–2026 候選結果,2026-07-23,https://www.bing.com/news/search?q=%E6%8A%95%E4%BF%A1%E6%8C%81%E8%82%A1%E8%AE%8A%E5%8C%96+%E5%88%A9%E7%8E%87%E5%8C%AF%E7%8E%87%E8%88%87%E5%9C%B0%E7%B7%A3%E6%94%BF%E6%B2%BB%E9%A2%A8%E9%9A%AA+%E5%8F%B0%E8%82%A1+AI+%E7%A7%91%E6%8A%80%E8%82%A1+%E8%B5%B0%E5%8B%A2+%E6%96%B0%E8%81%9E+%E6%B3%95%E4%BA%BA+2024+2025+2026&setlang=zh-tw&FORM=HDRSC6,direct fine-grained sample,public news-search index,1936
TW AI Technology Stock Trend-Earnings Valuation And Capital Flow,zh,#T#[TW AI Technology Stock Trend-Earnings Valuation And Capital Flow]/zh_079.txt,公開新聞索引：融資融券與借券｜利率匯率與地緣政治風險｜財報、估值與資金流向,bing.com,公開新聞搜尋索引,2024–2026 候選結果,2026-07-23,https://www.bing.com/news/search?q=%E8%9E%8D%E8%B3%87%E8%9E%8D%E5%88%B8%E8%88%87%E5%80%9F%E5%88%B8+%E5%88%A9%E7%8E%87%E5%8C%AF%E7%8E%87%E8%88%87%E5%9C%B0%E7%B7%A3%E6%94%BF%E6%B2%BB%E9%A2%A8%E9%9A%AA+%E5%8F%B0%E8%82%A1+AI+%E7%A7%91%E6%8A%80%E8%82%A1+%E8%B5%B0%E5%8B%A2+%E6%96%B0%E8%81%9E+%E6%B3%95%E4%BA%BA+2024+2025+2026&setlang=zh-tw&FORM=HDRSC6,direct fine-grained sample,public news-search index,1948
TW AI Technology Stock Trend-Earnings Valuation And Capital Flow,zh,#T#[TW AI Technology Stock Trend-Earnings Valuation And Capital Flow]/zh_080.txt,公開新聞索引：成交量與市場廣度｜利率匯率與地緣政治風險｜財報、估值與資金流向,bing.com,公開新聞搜尋索引,2024–2026 候選結果,2026-07-23,https://www.bing.com/news/search?q=%E6%88%90%E4%BA%A4%E9%87%8F%E8%88%87%E5%B8%82%E5%A0%B4%E5%BB%A3%E5%BA%A6+%E5%88%A9%E7%8E%87%E5%8C%AF%E7%8E%87%E8%88%87%E5%9C%B0%E7%B7%A3%E6%94%BF%E6%B2%BB%E9%A2%A8%E9%9A%AA+%E5%8F%B0%E8%82%A1+AI+%E7%A7%91%E6%8A%80%E8%82%A1+%E8%B5%B0%E5%8B%A2+%E6%96%B0%E8%81%9E+%E6%B3%95%E4%BA%BA+2024+2025+2026&setlang=zh-tw&FORM=HDRSC6,direct fine-grained sample,public news-search index,1958
TW AI Technology Stock Trend-Earnings Valuation And Capital Flow,zh,#T#[TW AI Technology Stock Trend-Earnings Valuation And Capital Flow]/zh_081.txt,公開新聞索引：台灣加權指數 TAIEX｜技術面、成交量與族群輪動｜財報、估值與資金流向,bing.com,公開新聞搜尋索引,2024–2026 候選結果,2026-07-23,https://www.bing.com/news/search?q=%E5%8F%B0%E7%81%A3%E5%8A%A0%E6%AC%8A%E6%8C%87%E6%95%B8+TAIEX+%E6%8A%80%E8%A1%93%E9%9D%A2%E3%80%81%E6%88%90%E4%BA%A4%E9%87%8F%E8%88%87%E6%97%8F%E7%BE%A4%E8%BC%AA%E5%8B%95+%E5%8F%B0%E8%82%A1+AI+%E7%A7%91%E6%8A%80%E8%82%A1+%E8%B5%B0%E5%8B%A2+%E6%96%B0%E8%81%9E+%E6%B3%95%E4%BA%BA+2024+2025+2026&setlang=zh-tw&FORM=HDRSC6,direct fine-grained sample,public news-search index,1967
TW AI Technology Stock Trend-Earnings Valuation And Capital Flow,zh,#T#[TW AI Technology Stock Trend-Earnings Valuation And Capital Flow]/zh_082.txt,公開新聞索引：電子類股指數｜技術面、成交量與族群輪動｜財報、估值與資金流向,bing.com,公開新聞搜尋索引,2024–2026 候選結果,2026-07-23,https://www.bing.com/news/search?q=%E9%9B%BB%E5%AD%90%E9%A1%9E%E8%82%A1%E6%8C%87%E6%95%B8+%E6%8A%80%E8%A1%93%E9%9D%A2%E3%80%81%E6%88%90%E4%BA%A4%E9%87%8F%E8%88%87%E6%97%8F%E7%BE%A4%E8%BC%AA%E5%8B%95+%E5%8F%B0%E8%82%A1+AI+%E7%A7%91%E6%8A%80%E8%82%A1+%E8%B5%B0%E5%8B%A2+%E6%96%B0%E8%81%9E+%E6%B3%95%E4%BA%BA+2024+2025+2026&setlang=zh-tw&FORM=HDRSC6,direct fine-grained sample,public news-search index,1944
TW AI Technology Stock Trend-Earnings Valuation And Capital Flow,zh,#T#[TW AI Technology Stock Trend-Earnings Valuation And Capital Flow]/zh_083.txt,公開新聞索引：半導體類股指數｜技術面、成交量與族群輪動｜財報、估值與資金流向,bing.com,公開新聞搜尋索引,2024–2026 候選結果,2026-07-23,https://www.bing.com/news/search?q=%E5%8D%8A%E5%B0%8E%E9%AB%94%E9%A1%9E%E8%82%A1%E6%8C%87%E6%95%B8+%E6%8A%80%E8%A1%93%E9%9D%A2%E3%80%81%E6%88%90%E4%BA%A4%E9%87%8F%E8%88%87%E6%97%8F%E7%BE%A4%E8%BC%AA%E5%8B%95+%E5%8F%B0%E8%82%A1+AI+%E7%A7%91%E6%8A%80%E8%82%A1+%E8%B5%B0%E5%8B%A2+%E6%96%B0%E8%81%9E+%E6%B3%95%E4%BA%BA+2024+2025+2026&setlang=zh-tw&FORM=HDRSC6,direct fine-grained sample,public news-search index,1958
TW AI Technology Stock Trend-Earnings Valuation And Capital Flow,zh,#T#[TW AI Technology Stock Trend-Earnings Valuation And Capital Flow]/zh_084.txt,公開新聞索引：台灣AI供應鏈籃子｜技術面、成交量與族群輪動｜財報、估值與資金流向,bing.com,公開新聞搜尋索引,2024–2026 候選結果,2026-07-23,https://www.bing.com/news/search?q=%E5%8F%B0%E7%81%A3AI%E4%BE%9B%E6%87%89%E9%8F%88%E7%B1%83%E5%AD%90+%E6%8A%80%E8%A1%93%E9%9D%A2%E3%80%81%E6%88%90%E4%BA%A4%E9%87%8F%E8%88%87%E6%97%8F%E7%BE%A4%E8%BC%AA%E5%8B%95+%E5%8F%B0%E8%82%A1+AI+%E7%A7%91%E6%8A%80%E8%82%A1+%E8%B5%B0%E5%8B%A2+%E6%96%B0%E8%81%9E+%E6%B3%95%E4%BA%BA+2024+2025+2026&setlang=zh-tw&FORM=HDRSC6,direct fine-grained sample,public news-search index,1965
TW AI Technology Stock Trend-Earnings Valuation And Capital Flow,zh,#T#[TW AI Technology Stock Trend-Earnings Valuation And Capital Flow]/zh_085.txt,公開新聞索引：台積電 TSMC｜技術面、成交量與族群輪動｜財報、估值與資金流向,bing.com,公開新聞搜尋索引,2024–2026 候選結果,2026-07-23,https://www.bing.com/news/search?q=%E5%8F%B0%E7%A9%8D%E9%9B%BB+TSMC+%E6%8A%80%E8%A1%93%E9%9D%A2%E3%80%81%E6%88%90%E4%BA%A4%E9%87%8F%E8%88%87%E6%97%8F%E7%BE%A4%E8%BC%AA%E5%8B%95+%E5%8F%B0%E8%82%A1+AI+%E7%A7%91%E6%8A%80%E8%82%A1+%E8%B5%B0%E5%8B%A2+%E6%96%B0%E8%81%9E+%E6%B3%95%E4%BA%BA+2024+2025+2026&setlang=zh-tw&FORM=HDRSC6,direct fine-grained sample,public news-search index,1932
TW AI Technology Stock Trend-Earnings Valuation And Capital Flow,zh,#T#[TW AI Technology Stock Trend-Earnings Valuation And Capital Flow]/zh_086.txt,公開新聞索引：鴻海 Hon Hai｜技術面、成交量與族群輪動｜財報、估值與資金流向,bing.com,公開新聞搜尋索引,2024–2026 候選結果,2026-07-23,https://www.bing.com/news/search?q=%E9%B4%BB%E6%B5%B7+Hon+Hai+%E6%8A%80%E8%A1%93%E9%9D%A2%E3%80%81%E6%88%90%E4%BA%A4%E9%87%8F%E8%88%87%E6%97%8F%E7%BE%A4%E8%BC%AA%E5%8B%95+%E5%8F%B0%E8%82%A1+AI+%E7%A7%91%E6%8A%80%E8%82%A1+%E8%B5%B0%E5%8B%A2+%E6%96%B0%E8%81%9E+%E6%B3%95%E4%BA%BA+2024+2025+2026&setlang=zh-tw&FORM=HDRSC6,direct fine-grained sample,public news-search index,1932
TW AI Technology Stock Trend-Earnings Valuation And Capital Flow,zh,#T#[TW AI Technology Stock Trend-Earnings Valuation And Capital Flow]/zh_087.txt,公開新聞索引：廣達 Quanta｜技術面、成交量與族群輪動｜財報、估值與資金流向,bing.com,公開新聞搜尋索引,2024–2026 候選結果,2026-07-23,https://www.bing.com/news/search?q=%E5%BB%A3%E9%81%94+Quanta+%E6%8A%80%E8%A1%93%E9%9D%A2%E3%80%81%E6%88%90%E4%BA%A4%E9%87%8F%E8%88%87%E6%97%8F%E7%BE%A4%E8%BC%AA%E5%8B%95+%E5%8F%B0%E8%82%A1+AI+%E7%A7%91%E6%8A%80%E8%82%A1+%E8%B5%B0%E5%8B%A2+%E6%96%B0%E8%81%9E+%E6%B3%95%E4%BA%BA+2024+2025+2026&setlang=zh-tw&FORM=HDRSC6,direct fine-grained sample,public news-search index,1931
TW AI Technology Stock Trend-Earnings Valuation And Capital Flow,zh,#T#[TW AI Technology Stock Trend-Earnings Valuation And Capital Flow]/zh_088.txt,公開新聞索引：緯創 Wistron｜技術面、成交量與族群輪動｜財報、估值與資金流向,bing.com,公開新聞搜尋索引,2024–2026 候選結果,2026-07-23,https://www.bing.com/news/search?q=%E7%B7%AF%E5%89%B5+Wistron+%E6%8A%80%E8%A1%93%E9%9D%A2%E3%80%81%E6%88%90%E4%BA%A4%E9%87%8F%E8%88%87%E6%97%8F%E7%BE%A4%E8%BC%AA%E5%8B%95+%E5%8F%B0%E8%82%A1+AI+%E7%A7%91%E6%8A%80%E8%82%A1+%E8%B5%B0%E5%8B%A2+%E6%96%B0%E8%81%9E+%E6%B3%95%E4%BA%BA+2024+2025+2026&setlang=zh-tw&FORM=HDRSC6,direct fine-grained sample,public news-search index,1932
TW AI Technology Stock Trend-Earnings Valuation And Capital Flow,zh,#T#[TW AI Technology Stock Trend-Earnings Valuation And Capital Flow]/zh_089.txt,公開新聞索引：緯穎 Wiwynn｜技術面、成交量與族群輪動｜財報、估值與資金流向,bing.com,公開新聞搜尋索引,2024–2026 候選結果,2026-07-23,https://www.bing.com/news/search?q=%E7%B7%AF%E7%A9%8E+Wiwynn+%E6%8A%80%E8%A1%93%E9%9D%A2%E3%80%81%E6%88%90%E4%BA%A4%E9%87%8F%E8%88%87%E6%97%8F%E7%BE%A4%E8%BC%AA%E5%8B%95+%E5%8F%B0%E8%82%A1+AI+%E7%A7%91%E6%8A%80%E8%82%A1+%E8%B5%B0%E5%8B%A2+%E6%96%B0%E8%81%9E+%E6%B3%95%E4%BA%BA+2024+2025+2026&setlang=zh-tw&FORM=HDRSC6,direct fine-grained sample,public news-search index,1928
TW AI Technology Stock Trend-Earnings Valuation And Capital Flow,zh,#T#[TW AI Technology Stock Trend-Earnings Valuation And Capital Flow]/zh_090.txt,公開新聞索引：台達電 Delta Electronics｜技術面、成交量與族群輪動｜財報、估值與資金流向,bing.com,公開新聞搜尋索引,2024–2026 候選結果,2026-07-23,https://www.bing.com/news/search?q=%E5%8F%B0%E9%81%94%E9%9B%BB+Delta+Electronics+%E6%8A%80%E8%A1%93%E9%9D%A2%E3%80%81%E6%88%90%E4%BA%A4%E9%87%8F%E8%88%87%E6%97%8F%E7%BE%A4%E8%BC%AA%E5%8B%95+%E5%8F%B0%E8%82%A1+AI+%E7%A7%91%E6%8A%80%E8%82%A1+%E8%B5%B0%E5%8B%A2+%E6%96%B0%E8%81%9E+%E6%B3%95%E4%BA%BA+2024+2025+2026&setlang=zh-tw&FORM=HDRSC6,direct fine-grained sample,public news-search index,1982
TW AI Technology Stock Trend-Earnings Valuation And Capital Flow,zh,#T#[TW AI Technology Stock Trend-Earnings Valuation And Capital Flow]/zh_091.txt,公開新聞索引：聯發科 MediaTek｜技術面、成交量與族群輪動｜財報、估值與資金流向,bing.com,公開新聞搜尋索引,2024–2026 候選結果,2026-07-23,https://www.bing.com/news/search?q=%E8%81%AF%E7%99%BC%E7%A7%91+MediaTek+%E6%8A%80%E8%A1%93%E9%9D%A2%E3%80%81%E6%88%90%E4%BA%A4%E9%87%8F%E8%88%87%E6%97%8F%E7%BE%A4%E8%BC%AA%E5%8B%95+%E5%8F%B0%E8%82%A1+AI+%E7%A7%91%E6%8A%80%E8%82%A1+%E8%B5%B0%E5%8B%A2+%E6%96%B0%E8%81%9E+%E6%B3%95%E4%BA%BA+2024+2025+2026&setlang=zh-tw&FORM=HDRSC6,direct fine-grained sample,public news-search index,1943
TW AI Technology Stock Trend-Earnings Valuation And Capital Flow,zh,#T#[TW AI Technology Stock Trend-Earnings Valuation And Capital Flow]/zh_092.txt,公開新聞索引：日月光投控 ASE Technology｜技術面、成交量與族群輪動｜財報、估值與資金流向,bing.com,公開新聞搜尋索引,2024–2026 候選結果,2026-07-23,https://www.bing.com/news/search?q=%E6%97%A5%E6%9C%88%E5%85%89%E6%8A%95%E6%8E%A7+ASE+Technology+%E6%8A%80%E8%A1%93%E9%9D%A2%E3%80%81%E6%88%90%E4%BA%A4%E9%87%8F%E8%88%87%E6%97%8F%E7%BE%A4%E8%BC%AA%E5%8B%95+%E5%8F%B0%E8%82%A1+AI+%E7%A7%91%E6%8A%80%E8%82%A1+%E8%B5%B0%E5%8B%A2+%E6%96%B0%E8%81%9E+%E6%B3%95%E4%BA%BA+2024+2025+2026&setlang=zh-tw&FORM=HDRSC6,direct fine-grained sample,public news-search index,1992
TW AI Technology Stock Trend-Earnings Valuation And Capital Flow,zh,#T#[TW AI Technology Stock Trend-Earnings Valuation And Capital Flow]/zh_093.txt,公開新聞索引：台光電 Elite Material｜技術面、成交量與族群輪動｜財報、估值與資金流向,bing.com,公開新聞搜尋索引,2024–2026 候選結果,2026-07-23,https://www.bing.com/news/search?q=%E5%8F%B0%E5%85%89%E9%9B%BB+Elite+Material+%E6%8A%80%E8%A1%93%E9%9D%A2%E3%80%81%E6%88%90%E4%BA%A4%E9%87%8F%E8%88%87%E6%97%8F%E7%BE%A4%E8%BC%AA%E5%8B%95+%E5%8F%B0%E8%82%A1+AI+%E7%A7%91%E6%8A%80%E8%82%A1+%E8%B5%B0%E5%8B%A2+%E6%96%B0%E8%81%9E+%E6%B3%95%E4%BA%BA+2024+2025+2026&setlang=zh-tw&FORM=HDRSC6,direct fine-grained sample,public news-search index,1970
TW AI Technology Stock Trend-Earnings Valuation And Capital Flow,zh,#T#[TW AI Technology Stock Trend-Earnings Valuation And Capital Flow]/zh_094.txt,公開新聞索引：奇鋐 Asia Vital Components｜技術面、成交量與族群輪動｜財報、估值與資金流向,bing.com,公開新聞搜尋索引,2024–2026 候選結果,2026-07-23,https://www.bing.com/news/search?q=%E5%A5%87%E9%8B%90+Asia+Vital+Components+%E6%8A%80%E8%A1%93%E9%9D%A2%E3%80%81%E6%88%90%E4%BA%A4%E9%87%8F%E8%88%87%E6%97%8F%E7%BE%A4%E8%BC%AA%E5%8B%95+%E5%8F%B0%E8%82%A1+AI+%E7%A7%91%E6%8A%80%E8%82%A1+%E8%B5%B0%E5%8B%A2+%E6%96%B0%E8%81%9E+%E6%B3%95%E4%BA%BA+2024+2025+2026&setlang=zh-tw&FORM=HDRSC6,direct fine-grained sample,public news-search index,1985
TW AI Technology Stock Trend-Earnings Valuation And Capital Flow,zh,#T#[TW AI Technology Stock Trend-Earnings Valuation And Capital Flow]/zh_095.txt,公開新聞索引：智邦 Accton｜技術面、成交量與族群輪動｜財報、估值與資金流向,bing.com,公開新聞搜尋索引,2024–2026 候選結果,2026-07-23,https://www.bing.com/news/search?q=%E6%99%BA%E9%82%A6+Accton+%E6%8A%80%E8%A1%93%E9%9D%A2%E3%80%81%E6%88%90%E4%BA%A4%E9%87%8F%E8%88%87%E6%97%8F%E7%BE%A4%E8%BC%AA%E5%8B%95+%E5%8F%B0%E8%82%A1+AI+%E7%A7%91%E6%8A%80%E8%82%A1+%E8%B5%B0%E5%8B%A2+%E6%96%B0%E8%81%9E+%E6%B3%95%E4%BA%BA+2024+2025+2026&setlang=zh-tw&FORM=HDRSC6,direct fine-grained sample,public news-search index,1928
TW AI Technology Stock Trend-Earnings Valuation And Capital Flow,zh,#T#[TW AI Technology Stock Trend-Earnings Valuation And Capital Flow]/zh_096.txt,公開新聞索引：AI主題ETF｜技術面、成交量與族群輪動｜財報、估值與資金流向,bing.com,公開新聞搜尋索引,2024–2026 候選結果,2026-07-23,https://www.bing.com/news/search?q=AI%E4%B8%BB%E9%A1%8CETF+%E6%8A%80%E8%A1%93%E9%9D%A2%E3%80%81%E6%88%90%E4%BA%A4%E9%87%8F%E8%88%87%E6%97%8F%E7%BE%A4%E8%BC%AA%E5%8B%95+%E5%8F%B0%E8%82%A1+AI+%E7%A7%91%E6%8A%80%E8%82%A1+%E8%B5%B0%E5%8B%A2+%E6%96%B0%E8%81%9E+%E6%B3%95%E4%BA%BA+2024+2025+2026&setlang=zh-tw&FORM=HDRSC6,direct fine-grained sample,public news-search index,1920
TW AI Technology Stock Trend-Earnings Valuation And Capital Flow,zh,#T#[TW AI Technology Stock Trend-Earnings Valuation And Capital Flow]/zh_097.txt,公開新聞索引：外資現貨與期貨部位｜技術面、成交量與族群輪動｜財報、估值與資金流向,bing.com,公開新聞搜尋索引,2024–2026 候選結果,2026-07-23,https://www.bing.com/news/search?q=%E5%A4%96%E8%B3%87%E7%8F%BE%E8%B2%A8%E8%88%87%E6%9C%9F%E8%B2%A8%E9%83%A8%E4%BD%8D+%E6%8A%80%E8%A1%93%E9%9D%A2%E3%80%81%E6%88%90%E4%BA%A4%E9%87%8F%E8%88%87%E6%97%8F%E7%BE%A4%E8%BC%AA%E5%8B%95+%E5%8F%B0%E8%82%A1+AI+%E7%A7%91%E6%8A%80%E8%82%A1+%E8%B5%B0%E5%8B%A2+%E6%96%B0%E8%81%9E+%E6%B3%95%E4%BA%BA+2024+2025+2026&setlang=zh-tw&FORM=HDRSC6,direct fine-grained sample,public news-search index,1987
TW AI Technology Stock Trend-Earnings Valuation And Capital Flow,zh,#T#[TW AI Technology Stock Trend-Earnings Valuation And Capital Flow]/zh_098.txt,公開新聞索引：投信持股變化｜技術面、成交量與族群輪動｜財報、估值與資金流向,bing.com,公開新聞搜尋索引,2024–2026 候選結果,2026-07-23,https://www.bing.com/news/search?q=%E6%8A%95%E4%BF%A1%E6%8C%81%E8%82%A1%E8%AE%8A%E5%8C%96+%E6%8A%80%E8%A1%93%E9%9D%A2%E3%80%81%E6%88%90%E4%BA%A4%E9%87%8F%E8%88%87%E6%97%8F%E7%BE%A4%E8%BC%AA%E5%8B%95+%E5%8F%B0%E8%82%A1+AI+%E7%A7%91%E6%8A%80%E8%82%A1+%E8%B5%B0%E5%8B%A2+%E6%96%B0%E8%81%9E+%E6%B3%95%E4%BA%BA+2024+2025+2026&setlang=zh-tw&FORM=HDRSC6,direct fine-grained sample,public news-search index,1948
TW AI Technology Stock Trend-Earnings Valuation And Capital Flow,zh,#T#[TW AI Technology Stock Trend-Earnings Valuation And Capital Flow]/zh_099.txt,公開新聞索引：融資融券與借券｜技術面、成交量與族群輪動｜財報、估值與資金流向,bing.com,公開新聞搜尋索引,2024–2026 候選結果,2026-07-23,https://www.bing.com/news/search?q=%E8%9E%8D%E8%B3%87%E8%9E%8D%E5%88%B8%E8%88%87%E5%80%9F%E5%88%B8+%E6%8A%80%E8%A1%93%E9%9D%A2%E3%80%81%E6%88%90%E4%BA%A4%E9%87%8F%E8%88%87%E6%97%8F%E7%BE%A4%E8%BC%AA%E5%8B%95+%E5%8F%B0%E8%82%A1+AI+%E7%A7%91%E6%8A%80%E8%82%A1+%E8%B5%B0%E5%8B%A2+%E6%96%B0%E8%81%9E+%E6%B3%95%E4%BA%BA+2024+2025+2026&setlang=zh-tw&FORM=HDRSC6,direct fine-grained sample,public news-search index,1960
TW AI Technology Stock Trend-Earnings Valuation And Capital Flow,zh,#T#[TW AI Technology Stock Trend-Earnings Valuation And Capital Flow]/zh_100.txt,公開新聞索引：成交量與市場廣度｜技術面、成交量與族群輪動｜財報、估值與資金流向,bing.com,公開新聞搜尋索引,2024–2026 候選結果,2026-07-23,https://www.bing.com/news/search?q=%E6%88%90%E4%BA%A4%E9%87%8F%E8%88%87%E5%B8%82%E5%A0%B4%E5%BB%A3%E5%BA%A6+%E6%8A%80%E8%A1%93%E9%9D%A2%E3%80%81%E6%88%90%E4%BA%A4%E9%87%8F%E8%88%87%E6%97%8F%E7%BE%A4%E8%BC%AA%E5%8B%95+%E5%8F%B0%E8%82%A1+AI+%E7%A7%91%E6%8A%80%E8%82%A1+%E8%B5%B0%E5%8B%A2+%E6%96%B0%E8%81%9E+%E6%B3%95%E4%BA%BA+2024+2025+2026&setlang=zh-tw&FORM=HDRSC6,direct fine-grained sample,public news-search index,1970
TW AI Technology Stock Trend-Earnings Valuation And Capital Flow,en,#T#[TW AI Technology Stock Trend-Earnings Valuation And Capital Flow]/en_001.txt,Unpacking the 2026 Return Engine and the AI Super-Cycle,encyclopediaofstocks.substack.com,independent market analysis,2026 search index,2026-07-23,https://encyclopediaofstocks.substack.com/p/taiwan-tech-equities-unpacking-the,direct fine-grained sample,identified public source,4308
TW AI Technology Stock Trend-Earnings Valuation And Capital Flow,en,#T#[TW AI Technology Stock Trend-Earnings Valuation And Capital Flow]/en_002.txt,TAIEX ends higher as AI infrastructure and defense stocks advance,taiwannews.com.tw,news media,2026-07-09,2026-07-23,https://www.taiwannews.com.tw/news/6397907,direct fine-grained sample,identified public source,4208
TW AI Technology Stock Trend-Earnings Valuation And Capital Flow,en,#T#[TW AI Technology Stock Trend-Earnings Valuation And Capital Flow]/en_003.txt,"Tech, Media & Telecom Roundup: Market Talk",wsj.com,financial news / market talk,2026-07-17,2026-07-23,https://www.wsj.com/business/tech-media-telecom-roundup-market-talk-c79f1543,direct fine-grained sample,identified public source,4242
TW AI Technology Stock Trend-Earnings Valuation And Capital Flow,en,#T#[TW AI Technology Stock Trend-Earnings Valuation And Capital Flow]/en_004.txt,Public news index: 台灣AI供應鏈籃子 | revenue and earnings estimate revisions | Taiwan AI technology equities,bing.com,public news-search index,candidate results from 2024–2026,2026-07-23,https://www.bing.com/news/search?q=%E5%8F%B0%E7%81%A3AI%E4%BE%9B%E6%87%89%E9%8F%88%E7%B1%83%E5%AD%90+revenue+and+earnings+estimate+revisions+Taiwan+AI+technology+stocks+trend+news+analyst+2024+2025+2026&setlang=en-us&FORM=HDRSC6,direct fine-grained sample,public news-search index,4613
TW AI Technology Stock Trend-Earnings Valuation And Capital Flow,en,#T#[TW AI Technology Stock Trend-Earnings Valuation And Capital Flow]/en_005.txt,Public news index: 台積電 TSMC | revenue and earnings estimate revisions | Taiwan AI technology equities,bing.com,public news-search index,candidate results from 2024–2026,2026-07-23,https://www.bing.com/news/search?q=%E5%8F%B0%E7%A9%8D%E9%9B%BB+TSMC+revenue+and+earnings+estimate+revisions+Taiwan+AI+technology+stocks+trend+news+analyst+2024+2025+2026&setlang=en-us&FORM=HDRSC6,direct fine-grained sample,public news-search index,4598
TW AI Technology Stock Trend-Earnings Valuation And Capital Flow,en,#T#[TW AI Technology Stock Trend-Earnings Valuation And Capital Flow]/en_006.txt,Public news index: 鴻海 Hon Hai | revenue and earnings estimate revisions | Taiwan AI technology equities,bing.com,public news-search index,candidate results from 2024–2026,2026-07-23,https://www.bing.com/news/search?q=%E9%B4%BB%E6%B5%B7+Hon+Hai+revenue+and+earnings+estimate+revisions+Taiwan+AI+technology+stocks+trend+news+analyst+2024+2025+2026&setlang=en-us&FORM=HDRSC6,direct fine-grained sample,public news-search index,4592
TW AI Technology Stock Trend-Earnings Valuation And Capital Flow,en,#T#[TW AI Technology Stock Trend-Earnings Valuation And Capital Flow]/en_007.txt,Public news index: 廣達 Quanta | revenue and earnings estimate revisions | Taiwan AI technology equities,bing.com,public news-search index,candidate results from 2024–2026,2026-07-23,https://www.bing.com/news/search?q=%E5%BB%A3%E9%81%94+Quanta+revenue+and+earnings+estimate+revisions+Taiwan+AI+technology+stocks+trend+news+analyst+2024+2025+2026&setlang=en-us&FORM=HDRSC6,direct fine-grained sample,public news-search index,4592
TW AI Technology Stock Trend-Earnings Valuation And Capital Flow,en,#T#[TW AI Technology Stock Trend-Earnings Valuation And Capital Flow]/en_008.txt,Public news index: 緯創 Wistron | revenue and earnings estimate revisions | Taiwan AI technology equities,bing.com,public news-search index,candidate results from 2024–2026,2026-07-23,https://www.bing.com/news/search?q=%E7%B7%AF%E5%89%B5+Wistron+revenue+and+earnings+estimate+revisions+Taiwan+AI+technology+stocks+trend+news+analyst+2024+2025+2026&setlang=en-us&FORM=HDRSC6,direct fine-grained sample,public news-search index,4591
TW AI Technology Stock Trend-Earnings Valuation And Capital Flow,en,#T#[TW AI Technology Stock Trend-Earnings Valuation And Capital Flow]/en_009.txt,Public news index: 緯穎 Wiwynn | revenue and earnings estimate revisions | Taiwan AI technology equities,bing.com,public news-search index,candidate results from 2024–2026,2026-07-23,https://www.bing.com/news/search?q=%E7%B7%AF%E7%A9%8E+Wiwynn+revenue+and+earnings+estimate+revisions+Taiwan+AI+technology+stocks+trend+news+analyst+2024+2025+2026&setlang=en-us&FORM=HDRSC6,direct fine-grained sample,public news-search index,4588
TW AI Technology Stock Trend-Earnings Valuation And Capital Flow,en,#T#[TW AI Technology Stock Trend-Earnings Valuation And Capital Flow]/en_010.txt,Public news index: 台達電 Delta Electronics | revenue and earnings estimate revisions | Taiwan AI technology equities,bing.com,public news-search index,candidate results from 2024–2026,2026-07-23,https://www.bing.com/news/search?q=%E5%8F%B0%E9%81%94%E9%9B%BB+Delta+Electronics+revenue+and+earnings+estimate+revisions+Taiwan+AI+technology+stocks+trend+news+analyst+2024+2025+2026&setlang=en-us&FORM=HDRSC6,direct fine-grained sample,public news-search index,4631
TW AI Technology Stock Trend-Earnings Valuation And Capital Flow,en,#T#[TW AI Technology Stock Trend-Earnings Valuation And Capital Flow]/en_011.txt,Public news index: 聯發科 MediaTek | revenue and earnings estimate revisions | Taiwan AI technology equities,bing.com,public news-search index,candidate results from 2024–2026,2026-07-23,https://www.bing.com/news/search?q=%E8%81%AF%E7%99%BC%E7%A7%91+MediaTek+revenue+and+earnings+estimate+revisions+Taiwan+AI+technology+stocks+trend+news+analyst+2024+2025+2026&setlang=en-us&FORM=HDRSC6,direct fine-grained sample,public news-search index,4602
TW AI Technology Stock Trend-Earnings Valuation And Capital Flow,en,#T#[TW AI Technology Stock Trend-Earnings Valuation And Capital Flow]/en_012.txt,Public news index: 日月光投控 ASE Technology | revenue and earnings estimate revisions | Taiwan AI technology equities,bing.com,public news-search index,candidate results from 2024–2026,2026-07-23,https://www.bing.com/news/search?q=%E6%97%A5%E6%9C%88%E5%85%89%E6%8A%95%E6%8E%A7+ASE+Technology+revenue+and+earnings+estimate+revisions+Taiwan+AI+technology+stocks+trend+news+analyst+2024+2025+2026&setlang=en-us&FORM=HDRSC6,direct fine-grained sample,public news-search index,4632
TW AI Technology Stock Trend-Earnings Valuation And Capital Flow,en,#T#[TW AI Technology Stock Trend-Earnings Valuation And Capital Flow]/en_013.txt,Public news index: 台光電 Elite Material | revenue and earnings estimate revisions | Taiwan AI technology equities,bing.com,public news-search index,candidate results from 2024–2026,2026-07-23,https://www.bing.com/news/search?q=%E5%8F%B0%E5%85%89%E9%9B%BB+Elite+Material+revenue+and+earnings+estimate+revisions+Taiwan+AI+technology+stocks+trend+news+analyst+2024+2025+2026&setlang=en-us&FORM=HDRSC6,direct fine-grained sample,public news-search index,4613
TW AI Technology Stock Trend-Earnings Valuation And Capital Flow,en,#T#[TW AI Technology Stock Trend-Earnings Valuation And Capital Flow]/en_014.txt,Public news index: 奇鋐 Asia Vital Components | revenue and earnings estimate revisions | Taiwan AI technology equities,bing.com,public news-search index,candidate results from 2024–2026,2026-07-23,https://www.bing.com/news/search?q=%E5%A5%87%E9%8B%90+Asia+Vital+Components+revenue+and+earnings+estimate+revisions+Taiwan+AI+technology+stocks+trend+news+analyst+2024+2025+2026&setlang=en-us&FORM=HDRSC6,direct fine-grained sample,public news-search index,4633
TW AI Technology Stock Trend-Earnings Valuation And Capital Flow,en,#T#[TW AI Technology Stock Trend-Earnings Valuation And Capital Flow]/en_015.txt,Public news index: 智邦 Accton | revenue and earnings estimate revisions | Taiwan AI technology equities,bing.com,public news-search index,candidate results from 2024–2026,2026-07-23,https://www.bing.com/news/search?q=%E6%99%BA%E9%82%A6+Accton+revenue+and+earnings+estimate+revisions+Taiwan+AI+technology+stocks+trend+news+analyst+2024+2025+2026&setlang=en-us&FORM=HDRSC6,direct fine-grained sample,public news-search index,4594
TW AI Technology Stock Trend-Earnings Valuation And Capital Flow,en,#T#[TW AI Technology Stock Trend-Earnings Valuation And Capital Flow]/en_016.txt,Public news index: AI主題ETF | revenue and earnings estimate revisions | Taiwan AI technology equities,bing.com,public news-search index,candidate results from 2024–2026,2026-07-23,https://www.bing.com/news/search?q=AI%E4%B8%BB%E9%A1%8CETF+revenue+and+earnings+estimate+revisions+Taiwan+AI+technology+stocks+trend+news+analyst+2024+2025+2026&setlang=en-us&FORM=HDRSC6,direct fine-grained sample,public news-search index,4580
TW AI Technology Stock Trend-Earnings Valuation And Capital Flow,en,#T#[TW AI Technology Stock Trend-Earnings Valuation And Capital Flow]/en_017.txt,Public news index: 外資現貨與期貨部位 | revenue and earnings estimate revisions | Taiwan AI technology equities,bing.com,public news-search index,candidate results from 2024–2026,2026-07-23,https://www.bing.com/news/search?q=%E5%A4%96%E8%B3%87%E7%8F%BE%E8%B2%A8%E8%88%87%E6%9C%9F%E8%B2%A8%E9%83%A8%E4%BD%8D+revenue+and+earnings+estimate+revisions+Taiwan+AI+technology+stocks+trend+news+analyst+2024+2025+2026&setlang=en-us&FORM=HDRSC6,direct fine-grained sample,public news-search index,4648
TW AI Technology Stock Trend-Earnings Valuation And Capital Flow,en,#T#[TW AI Technology Stock Trend-Earnings Valuation And Capital Flow]/en_018.txt,Public news index: 投信持股變化 | revenue and earnings estimate revisions | Taiwan AI technology equities,bing.com,public news-search index,candidate results from 2024–2026,2026-07-23,https://www.bing.com/news/search?q=%E6%8A%95%E4%BF%A1%E6%8C%81%E8%82%A1%E8%AE%8A%E5%8C%96+revenue+and+earnings+estimate+revisions+Taiwan+AI+technology+stocks+trend+news+analyst+2024+2025+2026&setlang=en-us&FORM=HDRSC6,direct fine-grained sample,public news-search index,4607
TW AI Technology Stock Trend-Earnings Valuation And Capital Flow,en,#T#[TW AI Technology Stock Trend-Earnings Valuation And Capital Flow]/en_019.txt,Public news index: 融資融券與借券 | revenue and earnings estimate revisions | Taiwan AI technology equities,bing.com,public news-search index,candidate results from 2024–2026,2026-07-23,https://www.bing.com/news/search?q=%E8%9E%8D%E8%B3%87%E8%9E%8D%E5%88%B8%E8%88%87%E5%80%9F%E5%88%B8+revenue+and+earnings+estimate+revisions+Taiwan+AI+technology+stocks+trend+news+analyst+2024+2025+2026&setlang=en-us&FORM=HDRSC6,direct fine-grained sample,public news-search index,4620
TW AI Technology Stock Trend-Earnings Valuation And Capital Flow,en,#T#[TW AI Technology Stock Trend-Earnings Valuation And Capital Flow]/en_020.txt,Public news index: 成交量與市場廣度 | revenue and earnings estimate revisions | Taiwan AI technology equities,bing.com,public news-search index,candidate results from 2024–2026,2026-07-23,https://www.bing.com/news/search?q=%E6%88%90%E4%BA%A4%E9%87%8F%E8%88%87%E5%B8%82%E5%A0%B4%E5%BB%A3%E5%BA%A6+revenue+and+earnings+estimate+revisions+Taiwan+AI+technology+stocks+trend+news+analyst+2024+2025+2026&setlang=en-us&FORM=HDRSC6,direct fine-grained sample,public news-search index,4619
TW AI Technology Stock Trend-Earnings Valuation And Capital Flow,en,#T#[TW AI Technology Stock Trend-Earnings Valuation And Capital Flow]/en_021.txt,Public news index: 台灣加權指數 TAIEX | P/E ranges and target prices | Taiwan AI technology equities,bing.com,public news-search index,candidate results from 2024–2026,2026-07-23,https://www.bing.com/news/search?q=%E5%8F%B0%E7%81%A3%E5%8A%A0%E6%AC%8A%E6%8C%87%E6%95%B8+TAIEX+P%2FE+ranges+and+target+prices+Taiwan+AI+technology+stocks+trend+news+analyst+2024+2025+2026&setlang=en-us&FORM=HDRSC6,direct fine-grained sample,public news-search index,4584
TW AI Technology Stock Trend-Earnings Valuation And Capital Flow,en,#T#[TW AI Technology Stock Trend-Earnings Valuation And Capital Flow]/en_022.txt,Public news index: 電子類股指數 | P/E ranges and target prices | Taiwan AI technology equities,bing.com,public news-search index,candidate results from 2024–2026,2026-07-23,https://www.bing.com/news/search?q=%E9%9B%BB%E5%AD%90%E9%A1%9E%E8%82%A1%E6%8C%87%E6%95%B8+P%2FE+ranges+and+target+prices+Taiwan+AI+technology+stocks+trend+news+analyst+2024+2025+2026&setlang=en-us&FORM=HDRSC6,direct fine-grained sample,public news-search index,4542
TW AI Technology Stock Trend-Earnings Valuation And Capital Flow,en,#T#[TW AI Technology Stock Trend-Earnings Valuation And Capital Flow]/en_023.txt,Public news index: 半導體類股指數 | P/E ranges and target prices | Taiwan AI technology equities,bing.com,public news-search index,candidate results from 2024–2026,2026-07-23,https://www.bing.com/news/search?q=%E5%8D%8A%E5%B0%8E%E9%AB%94%E9%A1%9E%E8%82%A1%E6%8C%87%E6%95%B8+P%2FE+ranges+and+target+prices+Taiwan+AI+technology+stocks+trend+news+analyst+2024+2025+2026&setlang=en-us&FORM=HDRSC6,direct fine-grained sample,public news-search index,4559
TW AI Technology Stock Trend-Earnings Valuation And Capital Flow,en,#T#[TW AI Technology Stock Trend-Earnings Valuation And Capital Flow]/en_024.txt,Public news index: 台灣AI供應鏈籃子 | P/E ranges and target prices | Taiwan AI technology equities,bing.com,public news-search index,candidate results from 2024–2026,2026-07-23,https://www.bing.com/news/search?q=%E5%8F%B0%E7%81%A3AI%E4%BE%9B%E6%87%89%E9%8F%88%E7%B1%83%E5%AD%90+P%2FE+ranges+and+target+prices+Taiwan+AI+technology+stocks+trend+news+analyst+2024+2025+2026&setlang=en-us&FORM=HDRSC6,direct fine-grained sample,public news-search index,4571
TW AI Technology Stock Trend-Earnings Valuation And Capital Flow,en,#T#[TW AI Technology Stock Trend-Earnings Valuation And Capital Flow]/en_025.txt,Public news index: 台積電 TSMC | P/E ranges and target prices | Taiwan AI technology equities,bing.com,public news-search index,candidate results from 2024–2026,2026-07-23,https://www.bing.com/news/search?q=%E5%8F%B0%E7%A9%8D%E9%9B%BB+TSMC+P%2FE+ranges+and+target+prices+Taiwan+AI+technology+stocks+trend+news+analyst+2024+2025+2026&setlang=en-us&FORM=HDRSC6,direct fine-grained sample,public news-search index,4556
TW AI Technology Stock Trend-Earnings Valuation And Capital Flow,en,#T#[TW AI Technology Stock Trend-Earnings Valuation And Capital Flow]/en_026.txt,Public news index: 鴻海 Hon Hai | P/E ranges and target prices | Taiwan AI technology equities,bing.com,public news-search index,candidate results from 2024–2026,2026-07-23,https://www.bing.com/news/search?q=%E9%B4%BB%E6%B5%B7+Hon+Hai+P%2FE+ranges+and+target+prices+Taiwan+AI+technology+stocks+trend+news+analyst+2024+2025+2026&setlang=en-us&FORM=HDRSC6,direct fine-grained sample,public news-search index,4550
TW AI Technology Stock Trend-Earnings Valuation And Capital Flow,en,#T#[TW AI Technology Stock Trend-Earnings Valuation And Capital Flow]/en_027.txt,Public news index: 廣達 Quanta | P/E ranges and target prices | Taiwan AI technology equities,bing.com,public news-search index,candidate results from 2024–2026,2026-07-23,https://www.bing.com/news/search?q=%E5%BB%A3%E9%81%94+Quanta+P%2FE+ranges+and+target+prices+Taiwan+AI+technology+stocks+trend+news+analyst+2024+2025+2026&setlang=en-us&FORM=HDRSC6,direct fine-grained sample,public news-search index,4550
TW AI Technology Stock Trend-Earnings Valuation And Capital Flow,en,#T#[TW AI Technology Stock Trend-Earnings Valuation And Capital Flow]/en_028.txt,Public news index: 緯創 Wistron | P/E ranges and target prices | Taiwan AI technology equities,bing.com,public news-search index,candidate results from 2024–2026,2026-07-23,https://www.bing.com/news/search?q=%E7%B7%AF%E5%89%B5+Wistron+P%2FE+ranges+and+target+prices+Taiwan+AI+technology+stocks+trend+news+analyst+2024+2025+2026&setlang=en-us&FORM=HDRSC6,direct fine-grained sample,public news-search index,4549
TW AI Technology Stock Trend-Earnings Valuation And Capital Flow,en,#T#[TW AI Technology Stock Trend-Earnings Valuation And Capital Flow]/en_029.txt,Public news index: 緯穎 Wiwynn | P/E ranges and target prices | Taiwan AI technology equities,bing.com,public news-search index,candidate results from 2024–2026,2026-07-23,https://www.bing.com/news/search?q=%E7%B7%AF%E7%A9%8E+Wiwynn+P%2FE+ranges+and+target+prices+Taiwan+AI+technology+stocks+trend+news+analyst+2024+2025+2026&setlang=en-us&FORM=HDRSC6,direct fine-grained sample,public news-search index,4546
TW AI Technology Stock Trend-Earnings Valuation And Capital Flow,en,#T#[TW AI Technology Stock Trend-Earnings Valuation And Capital Flow]/en_030.txt,Public news index: 台達電 Delta Electronics | P/E ranges and target prices | Taiwan AI technology equities,bing.com,public news-search index,candidate results from 2024–2026,2026-07-23,https://www.bing.com/news/search?q=%E5%8F%B0%E9%81%94%E9%9B%BB+Delta+Electronics+P%2FE+ranges+and+target+prices+Taiwan+AI+technology+stocks+trend+news+analyst+2024+2025+2026&setlang=en-us&FORM=HDRSC6,direct fine-grained sample,public news-search index,4589
TW AI Technology Stock Trend-Earnings Valuation And Capital Flow,en,#T#[TW AI Technology Stock Trend-Earnings Valuation And Capital Flow]/en_031.txt,Public news index: 聯發科 MediaTek | P/E ranges and target prices | Taiwan AI technology equities,bing.com,public news-search index,candidate results from 2024–2026,2026-07-23,https://www.bing.com/news/search?q=%E8%81%AF%E7%99%BC%E7%A7%91+MediaTek+P%2FE+ranges+and+target+prices+Taiwan+AI+technology+stocks+trend+news+analyst+2024+2025+2026&setlang=en-us&FORM=HDRSC6,direct fine-grained sample,public news-search index,4560
TW AI Technology Stock Trend-Earnings Valuation And Capital Flow,en,#T#[TW AI Technology Stock Trend-Earnings Valuation And Capital Flow]/en_032.txt,Public news index: 日月光投控 ASE Technology | P/E ranges and target prices | Taiwan AI technology equities,bing.com,public news-search index,candidate results from 2024–2026,2026-07-23,https://www.bing.com/news/search?q=%E6%97%A5%E6%9C%88%E5%85%89%E6%8A%95%E6%8E%A7+ASE+Technology+P%2FE+ranges+and+target+prices+Taiwan+AI+technology+stocks+trend+news+analyst+2024+2025+2026&setlang=en-us&FORM=HDRSC6,direct fine-grained sample,public news-search index,4590
TW AI Technology Stock Trend-Earnings Valuation And Capital Flow,en,#T#[TW AI Technology Stock Trend-Earnings Valuation And Capital Flow]/en_033.txt,Public news index: 台光電 Elite Material | P/E ranges and target prices | Taiwan AI technology equities,bing.com,public news-search index,candidate results from 2024–2026,2026-07-23,https://www.bing.com/news/search?q=%E5%8F%B0%E5%85%89%E9%9B%BB+Elite+Material+P%2FE+ranges+and+target+prices+Taiwan+AI+technology+stocks+trend+news+analyst+2024+2025+2026&setlang=en-us&FORM=HDRSC6,direct fine-grained sample,public news-search index,4571
TW AI Technology Stock Trend-Earnings Valuation And Capital Flow,en,#T#[TW AI Technology Stock Trend-Earnings Valuation And Capital Flow]/en_034.txt,Public news index: 奇鋐 Asia Vital Components | P/E ranges and target prices | Taiwan AI technology equities,bing.com,public news-search index,candidate results from 2024–2026,2026-07-23,https://www.bing.com/news/search?q=%E5%A5%87%E9%8B%90+Asia+Vital+Components+P%2FE+ranges+and+target+prices+Taiwan+AI+technology+stocks+trend+news+analyst+2024+2025+2026&setlang=en-us&FORM=HDRSC6,direct fine-grained sample,public news-search index,4591
TW AI Technology Stock Trend-Earnings Valuation And Capital Flow,en,#T#[TW AI Technology Stock Trend-Earnings Valuation And Capital Flow]/en_035.txt,Public news index: 智邦 Accton | P/E ranges and target prices | Taiwan AI technology equities,bing.com,public news-search index,candidate results from 2024–2026,2026-07-23,https://www.bing.com/news/search?q=%E6%99%BA%E9%82%A6+Accton+P%2FE+ranges+and+target+prices+Taiwan+AI+technology+stocks+trend+news+analyst+2024+2025+2026&setlang=en-us&FORM=HDRSC6,direct fine-grained sample,public news-search index,4552
TW AI Technology Stock Trend-Earnings Valuation And Capital Flow,en,#T#[TW AI Technology Stock Trend-Earnings Valuation And Capital Flow]/en_036.txt,Public news index: AI主題ETF | P/E ranges and target prices | Taiwan AI technology equities,bing.com,public news-search index,candidate results from 2024–2026,2026-07-23,https://www.bing.com/news/search?q=AI%E4%B8%BB%E9%A1%8CETF+P%2FE+ranges+and+target+prices+Taiwan+AI+technology+stocks+trend+news+analyst+2024+2025+2026&setlang=en-us&FORM=HDRSC6,direct fine-grained sample,public news-search index,4538
TW AI Technology Stock Trend-Earnings Valuation And Capital Flow,en,#T#[TW AI Technology Stock Trend-Earnings Valuation And Capital Flow]/en_037.txt,Public news index: 外資現貨與期貨部位 | P/E ranges and target prices | Taiwan AI technology equities,bing.com,public news-search index,candidate results from 2024–2026,2026-07-23,https://www.bing.com/news/search?q=%E5%A4%96%E8%B3%87%E7%8F%BE%E8%B2%A8%E8%88%87%E6%9C%9F%E8%B2%A8%E9%83%A8%E4%BD%8D+P%2FE+ranges+and+target+prices+Taiwan+AI+technology+stocks+trend+news+analyst+2024+2025+2026&setlang=en-us&FORM=HDRSC6,direct fine-grained sample,public news-search index,4606
TW AI Technology Stock Trend-Earnings Valuation And Capital Flow,en,#T#[TW AI Technology Stock Trend-Earnings Valuation And Capital Flow]/en_038.txt,Public news index: 投信持股變化 | P/E ranges and target prices | Taiwan AI technology equities,bing.com,public news-search index,candidate results from 2024–2026,2026-07-23,https://www.bing.com/news/search?q=%E6%8A%95%E4%BF%A1%E6%8C%81%E8%82%A1%E8%AE%8A%E5%8C%96+P%2FE+ranges+and+target+prices+Taiwan+AI+technology+stocks+trend+news+analyst+2024+2025+2026&setlang=en-us&FORM=HDRSC6,direct fine-grained sample,public news-search index,4565
TW AI Technology Stock Trend-Earnings Valuation And Capital Flow,en,#T#[TW AI Technology Stock Trend-Earnings Valuation And Capital Flow]/en_039.txt,Public news index: 融資融券與借券 | P/E ranges and target prices | Taiwan AI technology equities,bing.com,public news-search index,candidate results from 2024–2026,2026-07-23,https://www.bing.com/news/search?q=%E8%9E%8D%E8%B3%87%E8%9E%8D%E5%88%B8%E8%88%87%E5%80%9F%E5%88%B8+P%2FE+ranges+and+target+prices+Taiwan+AI+technology+stocks+trend+news+analyst+2024+2025+2026&setlang=en-us&FORM=HDRSC6,direct fine-grained sample,public news-search index,4578
TW AI Technology Stock Trend-Earnings Valuation And Capital Flow,en,#T#[TW AI Technology Stock Trend-Earnings Valuation And Capital Flow]/en_040.txt,Public news index: 成交量與市場廣度 | P/E ranges and target prices | Taiwan AI technology equities,bing.com,public news-search index,candidate results from 2024–2026,2026-07-23,https://www.bing.com/news/search?q=%E6%88%90%E4%BA%A4%E9%87%8F%E8%88%87%E5%B8%82%E5%A0%B4%E5%BB%A3%E5%BA%A6+P%2FE+ranges+and+target+prices+Taiwan+AI+technology+stocks+trend+news+analyst+2024+2025+2026&setlang=en-us&FORM=HDRSC6,direct fine-grained sample,public news-search index,4577
TW AI Technology Stock Trend-Earnings Valuation And Capital Flow,en,#T#[TW AI Technology Stock Trend-Earnings Valuation And Capital Flow]/en_041.txt,"Public news index: 台灣加權指數 TAIEX | foreign, fund, and ETF flows | Taiwan AI technology equities",bing.com,public news-search index,candidate results from 2024–2026,2026-07-23,https://www.bing.com/news/search?q=%E5%8F%B0%E7%81%A3%E5%8A%A0%E6%AC%8A%E6%8C%87%E6%95%B8+TAIEX+foreign%2C+fund%2C+and+ETF+flows+Taiwan+AI+technology+stocks+trend+news+analyst+2024+2025+2026&setlang=en-us&FORM=HDRSC6,direct fine-grained sample,public news-search index,4586
TW AI Technology Stock Trend-Earnings Valuation And Capital Flow,en,#T#[TW AI Technology Stock Trend-Earnings Valuation And Capital Flow]/en_042.txt,"Public news index: 電子類股指數 | foreign, fund, and ETF flows | Taiwan AI technology equities",bing.com,public news-search index,candidate results from 2024–2026,2026-07-23,https://www.bing.com/news/search?q=%E9%9B%BB%E5%AD%90%E9%A1%9E%E8%82%A1%E6%8C%87%E6%95%B8+foreign%2C+fund%2C+and+ETF+flows+Taiwan+AI+technology+stocks+trend+news+analyst+2024+2025+2026&setlang=en-us&FORM=HDRSC6,direct fine-grained sample,public news-search index,4544
TW AI Technology Stock Trend-Earnings Valuation And Capital Flow,en,#T#[TW AI Technology Stock Trend-Earnings Valuation And Capital Flow]/en_043.txt,"Public news index: 半導體類股指數 | foreign, fund, and ETF flows | Taiwan AI technology equities",bing.com,public news-search index,candidate results from 2024–2026,2026-07-23,https://www.bing.com/news/search?q=%E5%8D%8A%E5%B0%8E%E9%AB%94%E9%A1%9E%E8%82%A1%E6%8C%87%E6%95%B8+foreign%2C+fund%2C+and+ETF+flows+Taiwan+AI+technology+stocks+trend+news+analyst+2024+2025+2026&setlang=en-us&FORM=HDRSC6,direct fine-grained sample,public news-search index,4561
TW AI Technology Stock Trend-Earnings Valuation And Capital Flow,en,#T#[TW AI Technology Stock Trend-Earnings Valuation And Capital Flow]/en_044.txt,"Public news index: 台灣AI供應鏈籃子 | foreign, fund, and ETF flows | Taiwan AI technology equities",bing.com,public news-search index,candidate results from 2024–2026,2026-07-23,https://www.bing.com/news/search?q=%E5%8F%B0%E7%81%A3AI%E4%BE%9B%E6%87%89%E9%8F%88%E7%B1%83%E5%AD%90+foreign%2C+fund%2C+and+ETF+flows+Taiwan+AI+technology+stocks+trend+news+analyst+2024+2025+2026&setlang=en-us&FORM=HDRSC6,direct fine-grained sample,public news-search index,4573
TW AI Technology Stock Trend-Earnings Valuation And Capital Flow,en,#T#[TW AI Technology Stock Trend-Earnings Valuation And Capital Flow]/en_045.txt,"Public news index: 台積電 TSMC | foreign, fund, and ETF flows | Taiwan AI technology equities",bing.com,public news-search index,candidate results from 2024–2026,2026-07-23,https://www.bing.com/news/search?q=%E5%8F%B0%E7%A9%8D%E9%9B%BB+TSMC+foreign%2C+fund%2C+and+ETF+flows+Taiwan+AI+technology+stocks+trend+news+analyst+2024+2025+2026&setlang=en-us&FORM=HDRSC6,direct fine-grained sample,public news-search index,4558
TW AI Technology Stock Trend-Earnings Valuation And Capital Flow,en,#T#[TW AI Technology Stock Trend-Earnings Valuation And Capital Flow]/en_046.txt,"Public news index: 鴻海 Hon Hai | foreign, fund, and ETF flows | Taiwan AI technology equities",bing.com,public news-search index,candidate results from 2024–2026,2026-07-23,https://www.bing.com/news/search?q=%E9%B4%BB%E6%B5%B7+Hon+Hai+foreign%2C+fund%2C+and+ETF+flows+Taiwan+AI+technology+stocks+trend+news+analyst+2024+2025+2026&setlang=en-us&FORM=HDRSC6,direct fine-grained sample,public news-search index,4552
TW AI Technology Stock Trend-Earnings Valuation And Capital Flow,en,#T#[TW AI Technology Stock Trend-Earnings Valuation And Capital Flow]/en_047.txt,"Public news index: 廣達 Quanta | foreign, fund, and ETF flows | Taiwan AI technology equities",bing.com,public news-search index,candidate results from 2024–2026,2026-07-23,https://www.bing.com/news/search?q=%E5%BB%A3%E9%81%94+Quanta+foreign%2C+fund%2C+and+ETF+flows+Taiwan+AI+technology+stocks+trend+news+analyst+2024+2025+2026&setlang=en-us&FORM=HDRSC6,direct fine-grained sample,public news-search index,4552
TW AI Technology Stock Trend-Earnings Valuation And Capital Flow,en,#T#[TW AI Technology Stock Trend-Earnings Valuation And Capital Flow]/en_048.txt,"Public news index: 緯創 Wistron | foreign, fund, and ETF flows | Taiwan AI technology equities",bing.com,public news-search index,candidate results from 2024–2026,2026-07-23,https://www.bing.com/news/search?q=%E7%B7%AF%E5%89%B5+Wistron+foreign%2C+fund%2C+and+ETF+flows+Taiwan+AI+technology+stocks+trend+news+analyst+2024+2025+2026&setlang=en-us&FORM=HDRSC6,direct fine-grained sample,public news-search index,4551
TW AI Technology Stock Trend-Earnings Valuation And Capital Flow,en,#T#[TW AI Technology Stock Trend-Earnings Valuation And Capital Flow]/en_049.txt,"Public news index: 緯穎 Wiwynn | foreign, fund, and ETF flows | Taiwan AI technology equities",bing.com,public news-search index,candidate results from 2024–2026,2026-07-23,https://www.bing.com/news/search?q=%E7%B7%AF%E7%A9%8E+Wiwynn+foreign%2C+fund%2C+and+ETF+flows+Taiwan+AI+technology+stocks+trend+news+analyst+2024+2025+2026&setlang=en-us&FORM=HDRSC6,direct fine-grained sample,public news-search index,4548
TW AI Technology Stock Trend-Earnings Valuation And Capital Flow,en,#T#[TW AI Technology Stock Trend-Earnings Valuation And Capital Flow]/en_050.txt,"Public news index: 台達電 Delta Electronics | foreign, fund, and ETF flows | Taiwan AI technology equities",bing.com,public news-search index,candidate results from 2024–2026,2026-07-23,https://www.bing.com/news/search?q=%E5%8F%B0%E9%81%94%E9%9B%BB+Delta+Electronics+foreign%2C+fund%2C+and+ETF+flows+Taiwan+AI+technology+stocks+trend+news+analyst+2024+2025+2026&setlang=en-us&FORM=HDRSC6,direct fine-grained sample,public news-search index,4591
TW AI Technology Stock Trend-Earnings Valuation And Capital Flow,en,#T#[TW AI Technology Stock Trend-Earnings Valuation And Capital Flow]/en_051.txt,"Public news index: 聯發科 MediaTek | foreign, fund, and ETF flows | Taiwan AI technology equities",bing.com,public news-search index,candidate results from 2024–2026,2026-07-23,https://www.bing.com/news/search?q=%E8%81%AF%E7%99%BC%E7%A7%91+MediaTek+foreign%2C+fund%2C+and+ETF+flows+Taiwan+AI+technology+stocks+trend+news+analyst+2024+2025+2026&setlang=en-us&FORM=HDRSC6,direct fine-grained sample,public news-search index,4562
TW AI Technology Stock Trend-Earnings Valuation And Capital Flow,en,#T#[TW AI Technology Stock Trend-Earnings Valuation And Capital Flow]/en_052.txt,"Public news index: 日月光投控 ASE Technology | foreign, fund, and ETF flows | Taiwan AI technology equities",bing.com,public news-search index,candidate results from 2024–2026,2026-07-23,https://www.bing.com/news/search?q=%E6%97%A5%E6%9C%88%E5%85%89%E6%8A%95%E6%8E%A7+ASE+Technology+foreign%2C+fund%2C+and+ETF+flows+Taiwan+AI+technology+stocks+trend+news+analyst+2024+2025+2026&setlang=en-us&FORM=HDRSC6,direct fine-grained sample,public news-search index,4592
TW AI Technology Stock Trend-Earnings Valuation And Capital Flow,en,#T#[TW AI Technology Stock Trend-Earnings Valuation And Capital Flow]/en_053.txt,"Public news index: 台光電 Elite Material | foreign, fund, and ETF flows | Taiwan AI technology equities",bing.com,public news-search index,candidate results from 2024–2026,2026-07-23,https://www.bing.com/news/search?q=%E5%8F%B0%E5%85%89%E9%9B%BB+Elite+Material+foreign%2C+fund%2C+and+ETF+flows+Taiwan+AI+technology+stocks+trend+news+analyst+2024+2025+2026&setlang=en-us&FORM=HDRSC6,direct fine-grained sample,public news-search index,4573
TW AI Technology Stock Trend-Earnings Valuation And Capital Flow,en,#T#[TW AI Technology Stock Trend-Earnings Valuation And Capital Flow]/en_054.txt,"Public news index: 奇鋐 Asia Vital Components | foreign, fund, and ETF flows | Taiwan AI technology equities",bing.com,public news-search index,candidate results from 2024–2026,2026-07-23,https://www.bing.com/news/search?q=%E5%A5%87%E9%8B%90+Asia+Vital+Components+foreign%2C+fund%2C+and+ETF+flows+Taiwan+AI+technology+stocks+trend+news+analyst+2024+2025+2026&setlang=en-us&FORM=HDRSC6,direct fine-grained sample,public news-search index,4593
TW AI Technology Stock Trend-Earnings Valuation And Capital Flow,en,#T#[TW AI Technology Stock Trend-Earnings Valuation And Capital Flow]/en_055.txt,"Public news index: 智邦 Accton | foreign, fund, and ETF flows | Taiwan AI technology equities",bing.com,public news-search index,candidate results from 2024–2026,2026-07-23,https://www.bing.com/news/search?q=%E6%99%BA%E9%82%A6+Accton+foreign%2C+fund%2C+and+ETF+flows+Taiwan+AI+technology+stocks+trend+news+analyst+2024+2025+2026&setlang=en-us&FORM=HDRSC6,direct fine-grained sample,public news-search index,4554
TW AI Technology Stock Trend-Earnings Valuation And Capital Flow,en,#T#[TW AI Technology Stock Trend-Earnings Valuation And Capital Flow]/en_056.txt,"Public news index: AI主題ETF | foreign, fund, and ETF flows | Taiwan AI technology equities",bing.com,public news-search index,candidate results from 2024–2026,2026-07-23,https://www.bing.com/news/search?q=AI%E4%B8%BB%E9%A1%8CETF+foreign%2C+fund%2C+and+ETF+flows+Taiwan+AI+technology+stocks+trend+news+analyst+2024+2025+2026&setlang=en-us&FORM=HDRSC6,direct fine-grained sample,public news-search index,4540
TW AI Technology Stock Trend-Earnings Valuation And Capital Flow,en,#T#[TW AI Technology Stock Trend-Earnings Valuation And Capital Flow]/en_057.txt,"Public news index: 外資現貨與期貨部位 | foreign, fund, and ETF flows | Taiwan AI technology equities",bing.com,public news-search index,candidate results from 2024–2026,2026-07-23,https://www.bing.com/news/search?q=%E5%A4%96%E8%B3%87%E7%8F%BE%E8%B2%A8%E8%88%87%E6%9C%9F%E8%B2%A8%E9%83%A8%E4%BD%8D+foreign%2C+fund%2C+and+ETF+flows+Taiwan+AI+technology+stocks+trend+news+analyst+2024+2025+2026&setlang=en-us&FORM=HDRSC6,direct fine-grained sample,public news-search index,4608
TW AI Technology Stock Trend-Earnings Valuation And Capital Flow,en,#T#[TW AI Technology Stock Trend-Earnings Valuation And Capital Flow]/en_058.txt,"Public news index: 投信持股變化 | foreign, fund, and ETF flows | Taiwan AI technology equities",bing.com,public news-search index,candidate results from 2024–2026,2026-07-23,https://www.bing.com/news/search?q=%E6%8A%95%E4%BF%A1%E6%8C%81%E8%82%A1%E8%AE%8A%E5%8C%96+foreign%2C+fund%2C+and+ETF+flows+Taiwan+AI+technology+stocks+trend+news+analyst+2024+2025+2026&setlang=en-us&FORM=HDRSC6,direct fine-grained sample,public news-search index,4567
TW AI Technology Stock Trend-Earnings Valuation And Capital Flow,en,#T#[TW AI Technology Stock Trend-Earnings Valuation And Capital Flow]/en_059.txt,"Public news index: 融資融券與借券 | foreign, fund, and ETF flows | Taiwan AI technology equities",bing.com,public news-search index,candidate results from 2024–2026,2026-07-23,https://www.bing.com/news/search?q=%E8%9E%8D%E8%B3%87%E8%9E%8D%E5%88%B8%E8%88%87%E5%80%9F%E5%88%B8+foreign%2C+fund%2C+and+ETF+flows+Taiwan+AI+technology+stocks+trend+news+analyst+2024+2025+2026&setlang=en-us&FORM=HDRSC6,direct fine-grained sample,public news-search index,4580
TW AI Technology Stock Trend-Earnings Valuation And Capital Flow,en,#T#[TW AI Technology Stock Trend-Earnings Valuation And Capital Flow]/en_060.txt,"Public news index: 成交量與市場廣度 | foreign, fund, and ETF flows | Taiwan AI technology equities",bing.com,public news-search index,candidate results from 2024–2026,2026-07-23,https://www.bing.com/news/search?q=%E6%88%90%E4%BA%A4%E9%87%8F%E8%88%87%E5%B8%82%E5%A0%B4%E5%BB%A3%E5%BA%A6+foreign%2C+fund%2C+and+ETF+flows+Taiwan+AI+technology+stocks+trend+news+analyst+2024+2025+2026&setlang=en-us&FORM=HDRSC6,direct fine-grained sample,public news-search index,4579
TW AI Technology Stock Trend-Earnings Valuation And Capital Flow,en,#T#[TW AI Technology Stock Trend-Earnings Valuation And Capital Flow]/en_061.txt,"Public news index: 台灣加權指數 TAIEX | rates, FX, and geopolitical risk | Taiwan AI technology equities",bing.com,public news-search index,candidate results from 2024–2026,2026-07-23,https://www.bing.com/news/search?q=%E5%8F%B0%E7%81%A3%E5%8A%A0%E6%AC%8A%E6%8C%87%E6%95%B8+TAIEX+rates%2C+FX%2C+and+geopolitical+risk+Taiwan+AI+technology+stocks+trend+news+analyst+2024+2025+2026&setlang=en-us&FORM=HDRSC6,direct fine-grained sample,public news-search index,4602
TW AI Technology Stock Trend-Earnings Valuation And Capital Flow,en,#T#[TW AI Technology Stock Trend-Earnings Valuation And Capital Flow]/en_062.txt,"Public news index: 電子類股指數 | rates, FX, and geopolitical risk | Taiwan AI technology equities",bing.com,public news-search index,candidate results from 2024–2026,2026-07-23,https://www.bing.com/news/search?q=%E9%9B%BB%E5%AD%90%E9%A1%9E%E8%82%A1%E6%8C%87%E6%95%B8+rates%2C+FX%2C+and+geopolitical+risk+Taiwan+AI+technology+stocks+trend+news+analyst+2024+2025+2026&setlang=en-us&FORM=HDRSC6,direct fine-grained sample,public news-search index,4560
TW AI Technology Stock Trend-Earnings Valuation And Capital Flow,en,#T#[TW AI Technology Stock Trend-Earnings Valuation And Capital Flow]/en_063.txt,"Public news index: 半導體類股指數 | rates, FX, and geopolitical risk | Taiwan AI technology equities",bing.com,public news-search index,candidate results from 2024–2026,2026-07-23,https://www.bing.com/news/search?q=%E5%8D%8A%E5%B0%8E%E9%AB%94%E9%A1%9E%E8%82%A1%E6%8C%87%E6%95%B8+rates%2C+FX%2C+and+geopolitical+risk+Taiwan+AI+technology+stocks+trend+news+analyst+2024+2025+2026&setlang=en-us&FORM=HDRSC6,direct fine-grained sample,public news-search index,4577
TW AI Technology Stock Trend-Earnings Valuation And Capital Flow,en,#T#[TW AI Technology Stock Trend-Earnings Valuation And Capital Flow]/en_064.txt,"Public news index: 台灣AI供應鏈籃子 | rates, FX, and geopolitical risk | Taiwan AI technology equities",bing.com,public news-search index,candidate results from 2024–2026,2026-07-23,https://www.bing.com/news/search?q=%E5%8F%B0%E7%81%A3AI%E4%BE%9B%E6%87%89%E9%8F%88%E7%B1%83%E5%AD%90+rates%2C+FX%2C+and+geopolitical+risk+Taiwan+AI+technology+stocks+trend+news+analyst+2024+2025+2026&setlang=en-us&FORM=HDRSC6,direct fine-grained sample,public news-search index,4589
TW AI Technology Stock Trend-Earnings Valuation And Capital Flow,en,#T#[TW AI Technology Stock Trend-Earnings Valuation And Capital Flow]/en_065.txt,"Public news index: 台積電 TSMC | rates, FX, and geopolitical risk | Taiwan AI technology equities",bing.com,public news-search index,candidate results from 2024–2026,2026-07-23,https://www.bing.com/news/search?q=%E5%8F%B0%E7%A9%8D%E9%9B%BB+TSMC+rates%2C+FX%2C+and+geopolitical+risk+Taiwan+AI+technology+stocks+trend+news+analyst+2024+2025+2026&setlang=en-us&FORM=HDRSC6,direct fine-grained sample,public news-search index,4574
TW AI Technology Stock Trend-Earnings Valuation And Capital Flow,en,#T#[TW AI Technology Stock Trend-Earnings Valuation And Capital Flow]/en_066.txt,"Public news index: 鴻海 Hon Hai | rates, FX, and geopolitical risk | Taiwan AI technology equities",bing.com,public news-search index,candidate results from 2024–2026,2026-07-23,https://www.bing.com/news/search?q=%E9%B4%BB%E6%B5%B7+Hon+Hai+rates%2C+FX%2C+and+geopolitical+risk+Taiwan+AI+technology+stocks+trend+news+analyst+2024+2025+2026&setlang=en-us&FORM=HDRSC6,direct fine-grained sample,public news-search index,4568
TW AI Technology Stock Trend-Earnings Valuation And Capital Flow,en,#T#[TW AI Technology Stock Trend-Earnings Valuation And Capital Flow]/en_067.txt,"Public news index: 廣達 Quanta | rates, FX, and geopolitical risk | Taiwan AI technology equities",bing.com,public news-search index,candidate results from 2024–2026,2026-07-23,https://www.bing.com/news/search?q=%E5%BB%A3%E9%81%94+Quanta+rates%2C+FX%2C+and+geopolitical+risk+Taiwan+AI+technology+stocks+trend+news+analyst+2024+2025+2026&setlang=en-us&FORM=HDRSC6,direct fine-grained sample,public news-search index,4568
TW AI Technology Stock Trend-Earnings Valuation And Capital Flow,en,#T#[TW AI Technology Stock Trend-Earnings Valuation And Capital Flow]/en_068.txt,"Public news index: 緯創 Wistron | rates, FX, and geopolitical risk | Taiwan AI technology equities",bing.com,public news-search index,candidate results from 2024–2026,2026-07-23,https://www.bing.com/news/search?q=%E7%B7%AF%E5%89%B5+Wistron+rates%2C+FX%2C+and+geopolitical+risk+Taiwan+AI+technology+stocks+trend+news+analyst+2024+2025+2026&setlang=en-us&FORM=HDRSC6,direct fine-grained sample,public news-search index,4567
TW AI Technology Stock Trend-Earnings Valuation And Capital Flow,en,#T#[TW AI Technology Stock Trend-Earnings Valuation And Capital Flow]/en_069.txt,"Public news index: 緯穎 Wiwynn | rates, FX, and geopolitical risk | Taiwan AI technology equities",bing.com,public news-search index,candidate results from 2024–2026,2026-07-23,https://www.bing.com/news/search?q=%E7%B7%AF%E7%A9%8E+Wiwynn+rates%2C+FX%2C+and+geopolitical+risk+Taiwan+AI+technology+stocks+trend+news+analyst+2024+2025+2026&setlang=en-us&FORM=HDRSC6,direct fine-grained sample,public news-search index,4564
TW AI Technology Stock Trend-Earnings Valuation And Capital Flow,en,#T#[TW AI Technology Stock Trend-Earnings Valuation And Capital Flow]/en_070.txt,"Public news index: 台達電 Delta Electronics | rates, FX, and geopolitical risk | Taiwan AI technology equities",bing.com,public news-search index,candidate results from 2024–2026,2026-07-23,https://www.bing.com/news/search?q=%E5%8F%B0%E9%81%94%E9%9B%BB+Delta+Electronics+rates%2C+FX%2C+and+geopolitical+risk+Taiwan+AI+technology+stocks+trend+news+analyst+2024+2025+2026&setlang=en-us&FORM=HDRSC6,direct fine-grained sample,public news-search index,4607
TW AI Technology Stock Trend-Earnings Valuation And Capital Flow,en,#T#[TW AI Technology Stock Trend-Earnings Valuation And Capital Flow]/en_071.txt,"Public news index: 聯發科 MediaTek | rates, FX, and geopolitical risk | Taiwan AI technology equities",bing.com,public news-search index,candidate results from 2024–2026,2026-07-23,https://www.bing.com/news/search?q=%E8%81%AF%E7%99%BC%E7%A7%91+MediaTek+rates%2C+FX%2C+and+geopolitical+risk+Taiwan+AI+technology+stocks+trend+news+analyst+2024+2025+2026&setlang=en-us&FORM=HDRSC6,direct fine-grained sample,public news-search index,4578
TW AI Technology Stock Trend-Earnings Valuation And Capital Flow,en,#T#[TW AI Technology Stock Trend-Earnings Valuation And Capital Flow]/en_072.txt,"Public news index: 日月光投控 ASE Technology | rates, FX, and geopolitical risk | Taiwan AI technology equities",bing.com,public news-search index,candidate results from 2024–2026,2026-07-23,https://www.bing.com/news/search?q=%E6%97%A5%E6%9C%88%E5%85%89%E6%8A%95%E6%8E%A7+ASE+Technology+rates%2C+FX%2C+and+geopolitical+risk+Taiwan+AI+technology+stocks+trend+news+analyst+2024+2025+2026&setlang=en-us&FORM=HDRSC6,direct fine-grained sample,public news-search index,4608
TW AI Technology Stock Trend-Earnings Valuation And Capital Flow,en,#T#[TW AI Technology Stock Trend-Earnings Valuation And Capital Flow]/en_073.txt,"Public news index: 台光電 Elite Material | rates, FX, and geopolitical risk | Taiwan AI technology equities",bing.com,public news-search index,candidate results from 2024–2026,2026-07-23,https://www.bing.com/news/search?q=%E5%8F%B0%E5%85%89%E9%9B%BB+Elite+Material+rates%2C+FX%2C+and+geopolitical+risk+Taiwan+AI+technology+stocks+trend+news+analyst+2024+2025+2026&setlang=en-us&FORM=HDRSC6,direct fine-grained sample,public news-search index,4589
TW AI Technology Stock Trend-Earnings Valuation And Capital Flow,en,#T#[TW AI Technology Stock Trend-Earnings Valuation And Capital Flow]/en_074.txt,"Public news index: 奇鋐 Asia Vital Components | rates, FX, and geopolitical risk | Taiwan AI technology equities",bing.com,public news-search index,candidate results from 2024–2026,2026-07-23,https://www.bing.com/news/search?q=%E5%A5%87%E9%8B%90+Asia+Vital+Components+rates%2C+FX%2C+and+geopolitical+risk+Taiwan+AI+technology+stocks+trend+news+analyst+2024+2025+2026&setlang=en-us&FORM=HDRSC6,direct fine-grained sample,public news-search index,4609
TW AI Technology Stock Trend-Earnings Valuation And Capital Flow,en,#T#[TW AI Technology Stock Trend-Earnings Valuation And Capital Flow]/en_075.txt,"Public news index: 智邦 Accton | rates, FX, and geopolitical risk | Taiwan AI technology equities",bing.com,public news-search index,candidate results from 2024–2026,2026-07-23,https://www.bing.com/news/search?q=%E6%99%BA%E9%82%A6+Accton+rates%2C+FX%2C+and+geopolitical+risk+Taiwan+AI+technology+stocks+trend+news+analyst+2024+2025+2026&setlang=en-us&FORM=HDRSC6,direct fine-grained sample,public news-search index,4570
TW AI Technology Stock Trend-Earnings Valuation And Capital Flow,en,#T#[TW AI Technology Stock Trend-Earnings Valuation And Capital Flow]/en_076.txt,"Public news index: AI主題ETF | rates, FX, and geopolitical risk | Taiwan AI technology equities",bing.com,public news-search index,candidate results from 2024–2026,2026-07-23,https://www.bing.com/news/search?q=AI%E4%B8%BB%E9%A1%8CETF+rates%2C+FX%2C+and+geopolitical+risk+Taiwan+AI+technology+stocks+trend+news+analyst+2024+2025+2026&setlang=en-us&FORM=HDRSC6,direct fine-grained sample,public news-search index,4556
TW AI Technology Stock Trend-Earnings Valuation And Capital Flow,en,#T#[TW AI Technology Stock Trend-Earnings Valuation And Capital Flow]/en_077.txt,"Public news index: 外資現貨與期貨部位 | rates, FX, and geopolitical risk | Taiwan AI technology equities",bing.com,public news-search index,candidate results from 2024–2026,2026-07-23,https://www.bing.com/news/search?q=%E5%A4%96%E8%B3%87%E7%8F%BE%E8%B2%A8%E8%88%87%E6%9C%9F%E8%B2%A8%E9%83%A8%E4%BD%8D+rates%2C+FX%2C+and+geopolitical+risk+Taiwan+AI+technology+stocks+trend+news+analyst+2024+2025+2026&setlang=en-us&FORM=HDRSC6,direct fine-grained sample,public news-search index,4624
TW AI Technology Stock Trend-Earnings Valuation And Capital Flow,en,#T#[TW AI Technology Stock Trend-Earnings Valuation And Capital Flow]/en_078.txt,"Public news index: 投信持股變化 | rates, FX, and geopolitical risk | Taiwan AI technology equities",bing.com,public news-search index,candidate results from 2024–2026,2026-07-23,https://www.bing.com/news/search?q=%E6%8A%95%E4%BF%A1%E6%8C%81%E8%82%A1%E8%AE%8A%E5%8C%96+rates%2C+FX%2C+and+geopolitical+risk+Taiwan+AI+technology+stocks+trend+news+analyst+2024+2025+2026&setlang=en-us&FORM=HDRSC6,direct fine-grained sample,public news-search index,4583
TW AI Technology Stock Trend-Earnings Valuation And Capital Flow,en,#T#[TW AI Technology Stock Trend-Earnings Valuation And Capital Flow]/en_079.txt,"Public news index: 融資融券與借券 | rates, FX, and geopolitical risk | Taiwan AI technology equities",bing.com,public news-search index,candidate results from 2024–2026,2026-07-23,https://www.bing.com/news/search?q=%E8%9E%8D%E8%B3%87%E8%9E%8D%E5%88%B8%E8%88%87%E5%80%9F%E5%88%B8+rates%2C+FX%2C+and+geopolitical+risk+Taiwan+AI+technology+stocks+trend+news+analyst+2024+2025+2026&setlang=en-us&FORM=HDRSC6,direct fine-grained sample,public news-search index,4596
TW AI Technology Stock Trend-Earnings Valuation And Capital Flow,en,#T#[TW AI Technology Stock Trend-Earnings Valuation And Capital Flow]/en_080.txt,"Public news index: 成交量與市場廣度 | rates, FX, and geopolitical risk | Taiwan AI technology equities",bing.com,public news-search index,candidate results from 2024–2026,2026-07-23,https://www.bing.com/news/search?q=%E6%88%90%E4%BA%A4%E9%87%8F%E8%88%87%E5%B8%82%E5%A0%B4%E5%BB%A3%E5%BA%A6+rates%2C+FX%2C+and+geopolitical+risk+Taiwan+AI+technology+stocks+trend+news+analyst+2024+2025+2026&setlang=en-us&FORM=HDRSC6,direct fine-grained sample,public news-search index,4595
TW AI Technology Stock Trend-Earnings Valuation And Capital Flow,en,#T#[TW AI Technology Stock Trend-Earnings Valuation And Capital Flow]/en_081.txt,"Public news index: 台灣加權指數 TAIEX | technical breadth, turnover, and sector rotation | Taiwan AI technology equities",bing.com,public news-search index,candidate results from 2024–2026,2026-07-23,https://www.bing.com/news/search?q=%E5%8F%B0%E7%81%A3%E5%8A%A0%E6%AC%8A%E6%8C%87%E6%95%B8+TAIEX+technical+breadth%2C+turnover%2C+and+sector+rotation+Taiwan+AI+technology+stocks+trend+news+analyst+2024+2025+2026&setlang=en-us&FORM=HDRSC6,direct fine-grained sample,public news-search index,4666
TW AI Technology Stock Trend-Earnings Valuation And Capital Flow,en,#T#[TW AI Technology Stock Trend-Earnings Valuation And Capital Flow]/en_082.txt,"Public news index: 電子類股指數 | technical breadth, turnover, and sector rotation | Taiwan AI technology equities",bing.com,public news-search index,candidate results from 2024–2026,2026-07-23,https://www.bing.com/news/search?q=%E9%9B%BB%E5%AD%90%E9%A1%9E%E8%82%A1%E6%8C%87%E6%95%B8+technical+breadth%2C+turnover%2C+and+sector+rotation+Taiwan+AI+technology+stocks+trend+news+analyst+2024+2025+2026&setlang=en-us&FORM=HDRSC6,direct fine-grained sample,public news-search index,4624
TW AI Technology Stock Trend-Earnings Valuation And Capital Flow,en,#T#[TW AI Technology Stock Trend-Earnings Valuation And Capital Flow]/en_083.txt,"Public news index: 半導體類股指數 | technical breadth, turnover, and sector rotation | Taiwan AI technology equities",bing.com,public news-search index,candidate results from 2024–2026,2026-07-23,https://www.bing.com/news/search?q=%E5%8D%8A%E5%B0%8E%E9%AB%94%E9%A1%9E%E8%82%A1%E6%8C%87%E6%95%B8+technical+breadth%2C+turnover%2C+and+sector+rotation+Taiwan+AI+technology+stocks+trend+news+analyst+2024+2025+2026&setlang=en-us&FORM=HDRSC6,direct fine-grained sample,public news-search index,4641
TW AI Technology Stock Trend-Earnings Valuation And Capital Flow,en,#T#[TW AI Technology Stock Trend-Earnings Valuation And Capital Flow]/en_084.txt,"Public news index: 台灣AI供應鏈籃子 | technical breadth, turnover, and sector rotation | Taiwan AI technology equities",bing.com,public news-search index,candidate results from 2024–2026,2026-07-23,https://www.bing.com/news/search?q=%E5%8F%B0%E7%81%A3AI%E4%BE%9B%E6%87%89%E9%8F%88%E7%B1%83%E5%AD%90+technical+breadth%2C+turnover%2C+and+sector+rotation+Taiwan+AI+technology+stocks+trend+news+analyst+2024+2025+2026&setlang=en-us&FORM=HDRSC6,direct fine-grained sample,public news-search index,4653
TW AI Technology Stock Trend-Earnings Valuation And Capital Flow,en,#T#[TW AI Technology Stock Trend-Earnings Valuation And Capital Flow]/en_085.txt,"Public news index: 台積電 TSMC | technical breadth, turnover, and sector rotation | Taiwan AI technology equities",bing.com,public news-search index,candidate results from 2024–2026,2026-07-23,https://www.bing.com/news/search?q=%E5%8F%B0%E7%A9%8D%E9%9B%BB+TSMC+technical+breadth%2C+turnover%2C+and+sector+rotation+Taiwan+AI+technology+stocks+trend+news+analyst+2024+2025+2026&setlang=en-us&FORM=HDRSC6,direct fine-grained sample,public news-search index,4638
TW AI Technology Stock Trend-Earnings Valuation And Capital Flow,en,#T#[TW AI Technology Stock Trend-Earnings Valuation And Capital Flow]/en_086.txt,"Public news index: 鴻海 Hon Hai | technical breadth, turnover, and sector rotation | Taiwan AI technology equities",bing.com,public news-search index,candidate results from 2024–2026,2026-07-23,https://www.bing.com/news/search?q=%E9%B4%BB%E6%B5%B7+Hon+Hai+technical+breadth%2C+turnover%2C+and+sector+rotation+Taiwan+AI+technology+stocks+trend+news+analyst+2024+2025+2026&setlang=en-us&FORM=HDRSC6,direct fine-grained sample,public news-search index,4632
TW AI Technology Stock Trend-Earnings Valuation And Capital Flow,en,#T#[TW AI Technology Stock Trend-Earnings Valuation And Capital Flow]/en_087.txt,"Public news index: 廣達 Quanta | technical breadth, turnover, and sector rotation | Taiwan AI technology equities",bing.com,public news-search index,candidate results from 2024–2026,2026-07-23,https://www.bing.com/news/search?q=%E5%BB%A3%E9%81%94+Quanta+technical+breadth%2C+turnover%2C+and+sector+rotation+Taiwan+AI+technology+stocks+trend+news+analyst+2024+2025+2026&setlang=en-us&FORM=HDRSC6,direct fine-grained sample,public news-search index,4632
TW AI Technology Stock Trend-Earnings Valuation And Capital Flow,en,#T#[TW AI Technology Stock Trend-Earnings Valuation And Capital Flow]/en_088.txt,"Public news index: 緯創 Wistron | technical breadth, turnover, and sector rotation | Taiwan AI technology equities",bing.com,public news-search index,candidate results from 2024–2026,2026-07-23,https://www.bing.com/news/search?q=%E7%B7%AF%E5%89%B5+Wistron+technical+breadth%2C+turnover%2C+and+sector+rotation+Taiwan+AI+technology+stocks+trend+news+analyst+2024+2025+2026&setlang=en-us&FORM=HDRSC6,direct fine-grained sample,public news-search index,4631
TW AI Technology Stock Trend-Earnings Valuation And Capital Flow,en,#T#[TW AI Technology Stock Trend-Earnings Valuation And Capital Flow]/en_089.txt,"Public news index: 緯穎 Wiwynn | technical breadth, turnover, and sector rotation | Taiwan AI technology equities",bing.com,public news-search index,candidate results from 2024–2026,2026-07-23,https://www.bing.com/news/search?q=%E7%B7%AF%E7%A9%8E+Wiwynn+technical+breadth%2C+turnover%2C+and+sector+rotation+Taiwan+AI+technology+stocks+trend+news+analyst+2024+2025+2026&setlang=en-us&FORM=HDRSC6,direct fine-grained sample,public news-search index,4628
TW AI Technology Stock Trend-Earnings Valuation And Capital Flow,en,#T#[TW AI Technology Stock Trend-Earnings Valuation And Capital Flow]/en_090.txt,"Public news index: 台達電 Delta Electronics | technical breadth, turnover, and sector rotation | Taiwan AI technology equities",bing.com,public news-search index,candidate results from 2024–2026,2026-07-23,https://www.bing.com/news/search?q=%E5%8F%B0%E9%81%94%E9%9B%BB+Delta+Electronics+technical+breadth%2C+turnover%2C+and+sector+rotation+Taiwan+AI+technology+stocks+trend+news+analyst+2024+2025+2026&setlang=en-us&FORM=HDRSC6,direct fine-grained sample,public news-search index,4671
TW AI Technology Stock Trend-Earnings Valuation And Capital Flow,en,#T#[TW AI Technology Stock Trend-Earnings Valuation And Capital Flow]/en_091.txt,"Public news index: 聯發科 MediaTek | technical breadth, turnover, and sector rotation | Taiwan AI technology equities",bing.com,public news-search index,candidate results from 2024–2026,2026-07-23,https://www.bing.com/news/search?q=%E8%81%AF%E7%99%BC%E7%A7%91+MediaTek+technical+breadth%2C+turnover%2C+and+sector+rotation+Taiwan+AI+technology+stocks+trend+news+analyst+2024+2025+2026&setlang=en-us&FORM=HDRSC6,direct fine-grained sample,public news-search index,4642
TW AI Technology Stock Trend-Earnings Valuation And Capital Flow,en,#T#[TW AI Technology Stock Trend-Earnings Valuation And Capital Flow]/en_092.txt,"Public news index: 日月光投控 ASE Technology | technical breadth, turnover, and sector rotation | Taiwan AI technology equities",bing.com,public news-search index,candidate results from 2024–2026,2026-07-23,https://www.bing.com/news/search?q=%E6%97%A5%E6%9C%88%E5%85%89%E6%8A%95%E6%8E%A7+ASE+Technology+technical+breadth%2C+turnover%2C+and+sector+rotation+Taiwan+AI+technology+stocks+trend+news+analyst+2024+2025+2026&setlang=en-us&FORM=HDRSC6,direct fine-grained sample,public news-search index,4672
TW AI Technology Stock Trend-Earnings Valuation And Capital Flow,en,#T#[TW AI Technology Stock Trend-Earnings Valuation And Capital Flow]/en_093.txt,"Public news index: 台光電 Elite Material | technical breadth, turnover, and sector rotation | Taiwan AI technology equities",bing.com,public news-search index,candidate results from 2024–2026,2026-07-23,https://www.bing.com/news/search?q=%E5%8F%B0%E5%85%89%E9%9B%BB+Elite+Material+technical+breadth%2C+turnover%2C+and+sector+rotation+Taiwan+AI+technology+stocks+trend+news+analyst+2024+2025+2026&setlang=en-us&FORM=HDRSC6,direct fine-grained sample,public news-search index,4653
TW AI Technology Stock Trend-Earnings Valuation And Capital Flow,en,#T#[TW AI Technology Stock Trend-Earnings Valuation And Capital Flow]/en_094.txt,"Public news index: 奇鋐 Asia Vital Components | technical breadth, turnover, and sector rotation | Taiwan AI technology equities",bing.com,public news-search index,candidate results from 2024–2026,2026-07-23,https://www.bing.com/news/search?q=%E5%A5%87%E9%8B%90+Asia+Vital+Components+technical+breadth%2C+turnover%2C+and+sector+rotation+Taiwan+AI+technology+stocks+trend+news+analyst+2024+2025+2026&setlang=en-us&FORM=HDRSC6,direct fine-grained sample,public news-search index,4673
TW AI Technology Stock Trend-Earnings Valuation And Capital Flow,en,#T#[TW AI Technology Stock Trend-Earnings Valuation And Capital Flow]/en_095.txt,"Public news index: 智邦 Accton | technical breadth, turnover, and sector rotation | Taiwan AI technology equities",bing.com,public news-search index,candidate results from 2024–2026,2026-07-23,https://www.bing.com/news/search?q=%E6%99%BA%E9%82%A6+Accton+technical+breadth%2C+turnover%2C+and+sector+rotation+Taiwan+AI+technology+stocks+trend+news+analyst+2024+2025+2026&setlang=en-us&FORM=HDRSC6,direct fine-grained sample,public news-search index,4634
TW AI Technology Stock Trend-Earnings Valuation And Capital Flow,en,#T#[TW AI Technology Stock Trend-Earnings Valuation And Capital Flow]/en_096.txt,"Public news index: AI主題ETF | technical breadth, turnover, and sector rotation | Taiwan AI technology equities",bing.com,public news-search index,candidate results from 2024–2026,2026-07-23,https://www.bing.com/news/search?q=AI%E4%B8%BB%E9%A1%8CETF+technical+breadth%2C+turnover%2C+and+sector+rotation+Taiwan+AI+technology+stocks+trend+news+analyst+2024+2025+2026&setlang=en-us&FORM=HDRSC6,direct fine-grained sample,public news-search index,4620
TW AI Technology Stock Trend-Earnings Valuation And Capital Flow,en,#T#[TW AI Technology Stock Trend-Earnings Valuation And Capital Flow]/en_097.txt,"Public news index: 外資現貨與期貨部位 | technical breadth, turnover, and sector rotation | Taiwan AI technology equities",bing.com,public news-search index,candidate results from 2024–2026,2026-07-23,https://www.bing.com/news/search?q=%E5%A4%96%E8%B3%87%E7%8F%BE%E8%B2%A8%E8%88%87%E6%9C%9F%E8%B2%A8%E9%83%A8%E4%BD%8D+technical+breadth%2C+turnover%2C+and+sector+rotation+Taiwan+AI+technology+stocks+trend+news+analyst+2024+2025+2026&setlang=en-us&FORM=HDRSC6,direct fine-grained sample,public news-search index,4688
TW AI Technology Stock Trend-Earnings Valuation And Capital Flow,en,#T#[TW AI Technology Stock Trend-Earnings Valuation And Capital Flow]/en_098.txt,"Public news index: 投信持股變化 | technical breadth, turnover, and sector rotation | Taiwan AI technology equities",bing.com,public news-search index,candidate results from 2024–2026,2026-07-23,https://www.bing.com/news/search?q=%E6%8A%95%E4%BF%A1%E6%8C%81%E8%82%A1%E8%AE%8A%E5%8C%96+technical+breadth%2C+turnover%2C+and+sector+rotation+Taiwan+AI+technology+stocks+trend+news+analyst+2024+2025+2026&setlang=en-us&FORM=HDRSC6,direct fine-grained sample,public news-search index,4647
TW AI Technology Stock Trend-Earnings Valuation And Capital Flow,en,#T#[TW AI Technology Stock Trend-Earnings Valuation And Capital Flow]/en_099.txt,"Public news index: 融資融券與借券 | technical breadth, turnover, and sector rotation | Taiwan AI technology equities",bing.com,public news-search index,candidate results from 2024–2026,2026-07-23,https://www.bing.com/news/search?q=%E8%9E%8D%E8%B3%87%E8%9E%8D%E5%88%B8%E8%88%87%E5%80%9F%E5%88%B8+technical+breadth%2C+turnover%2C+and+sector+rotation+Taiwan+AI+technology+stocks+trend+news+analyst+2024+2025+2026&setlang=en-us&FORM=HDRSC6,direct fine-grained sample,public news-search index,4660
TW AI Technology Stock Trend-Earnings Valuation And Capital Flow,en,#T#[TW AI Technology Stock Trend-Earnings Valuation And Capital Flow]/en_100.txt,"Public news index: 成交量與市場廣度 | technical breadth, turnover, and sector rotation | Taiwan AI technology equities",bing.com,public news-search index,candidate results from 2024–2026,2026-07-23,https://www.bing.com/news/search?q=%E6%88%90%E4%BA%A4%E9%87%8F%E8%88%87%E5%B8%82%E5%A0%B4%E5%BB%A3%E5%BA%A6+technical+breadth%2C+turnover%2C+and+sector+rotation+Taiwan+AI+technology+stocks+trend+news+analyst+2024+2025+2026&setlang=en-us&FORM=HDRSC6,direct fine-grained sample,public news-search index,4659
